model,phase,frequency_a,frequency_b,seeds,power_fraction_median,power_fraction_min,power_fraction_max,on_modular_diagonal
kan,final,-15,-15,5,0.0325552336871624,0.02520807646214962,0.033116355538368225,True
kan,final,-15,-14,5,2.26704196393257e-05,1.1193026693945285e-05,0.00017865309200715274,False
kan,final,-15,-13,5,3.116516745649278e-05,1.3878588106308598e-05,0.00018724054098129272,False
kan,final,-15,-12,5,3.363606083439663e-05,1.0251831554342061e-05,0.0004533214378170669,False
kan,final,-15,-11,5,3.094568819506094e-05,2.0068408048246056e-05,8.325871749548241e-05,False
kan,final,-15,-10,5,0.0001332525280304253,1.3268961083667818e-05,0.0004401502083055675,False
kan,final,-15,-9,5,4.201359115540981e-05,1.5109997548279352e-05,0.0002411892346572131,False
kan,final,-15,-8,5,2.2070922568673268e-05,5.2873388085572515e-06,0.0003619392809923738,False
kan,final,-15,-7,5,3.565657971194014e-05,1.1924195860046893e-05,0.00025548809207975864,False
kan,final,-15,-6,5,2.402682730462402e-05,5.977825367153855e-06,0.000598820042796433,False
kan,final,-15,-5,5,3.0228009563870728e-05,1.630112274142448e-05,0.0006055714329704642,False
kan,final,-15,-4,5,2.9563150746980682e-05,1.7200674847117625e-05,0.0002626884379424155,False
kan,final,-15,-3,5,1.8339396774536e-05,1.0612630831019487e-05,0.00010429046233184636,False
kan,final,-15,-2,5,3.127272429992445e-05,1.265240916836774e-05,0.0004945030668750405,False
kan,final,-15,-1,5,3.392070721019991e-05,7.352698958129622e-06,0.0003330044273752719,False
kan,final,-15,0,5,9.084274643100798e-05,7.075745816109702e-05,0.0005896983784623444,False
kan,final,-15,1,5,2.303153269167524e-05,1.3016171578783542e-05,0.0004453647998161614,False
kan,final,-15,2,5,2.6404364689369686e-05,7.537026704085292e-06,0.00025578209897503257,False
kan,final,-15,3,5,0.00010378846491221339,1.0762722013168968e-05,0.00025758001720532775,False
kan,final,-15,4,5,4.0631341107655317e-05,1.50590303746867e-05,0.00018121933680959046,False
kan,final,-15,5,5,3.1399431463796645e-05,1.2111255273339339e-05,0.0003938717127311975,False
kan,final,-15,6,5,3.848302731057629e-05,1.1080622243753169e-05,0.000272380537353456,False
kan,final,-15,7,5,1.8061409718939103e-05,9.97084043774521e-06,0.000561558292247355,False
kan,final,-15,8,5,2.730729102040641e-05,1.3869234862795565e-05,0.0004410467518027872,False
kan,final,-15,9,5,6.181161006679758e-05,1.2417697689670604e-05,0.0003179864725098014,False
kan,final,-15,10,5,3.577563620638102e-05,1.4276176443672739e-05,0.000333800126099959,False
kan,final,-15,11,5,3.67031097994186e-05,2.1456649847095832e-05,0.00032530594035051763,False
kan,final,-15,12,5,3.4789987694239244e-05,1.874157169368118e-05,0.000317183235893026,False
kan,final,-15,13,5,2.080975718854461e-05,1.1587658264033962e-05,0.0001595798385096714,False
kan,final,-15,14,5,1.4794582966715097e-05,9.004340427054558e-06,0.00041046211845241487,False
kan,final,-15,15,5,2.710007902351208e-05,6.6278626036364585e-06,0.00013503494847100228,False
kan,final,-14,-15,5,3.581080454750918e-05,1.0150503840122838e-05,0.0003485039924271405,False
kan,final,-14,-14,5,0.032725702971220016,0.027155783027410507,0.033028341829776764,True
kan,final,-14,-13,5,2.0088038581889123e-05,6.630832103837747e-06,0.0001683584850979969,False
kan,final,-14,-12,5,2.890996438509319e-05,1.772635368979536e-05,0.00020866081467829645,False
kan,final,-14,-11,5,3.4289689210709184e-05,1.869358129624743e-05,0.0002866233990062028,False
kan,final,-14,-10,5,5.122076618135907e-05,2.078611396427732e-05,0.0001770363887771964,False
kan,final,-14,-9,5,4.056440957356244e-05,2.748688893916551e-05,0.0001638837275095284,False
kan,final,-14,-8,5,3.2629544875817373e-05,7.157063009799458e-06,0.0001197000383399427,False
kan,final,-14,-7,5,4.174633068032563e-05,1.668352160777431e-05,9.27053697523661e-05,False
kan,final,-14,-6,5,3.075080530834384e-05,1.0247862519463524e-05,0.0005216918070800602,False
kan,final,-14,-5,5,3.576020390028134e-05,6.693665000057081e-06,0.00041562606929801404,False
kan,final,-14,-4,5,3.6761593946721405e-05,2.20310284930747e-05,0.0002323105582036078,False
kan,final,-14,-3,5,5.845318446517922e-05,1.1089053259638604e-05,0.00025387172354385257,False
kan,final,-14,-2,5,3.138439205940813e-05,1.0481027857167646e-05,0.0003895826230291277,False
kan,final,-14,-1,5,3.155093145323917e-05,1.3245708942122292e-05,0.0001932992454385385,False
kan,final,-14,0,5,0.00016136043996084481,4.922560037812218e-05,0.0009631538414396346,False
kan,final,-14,1,5,2.0568100808304735e-05,1.0864964679058176e-05,0.00021257872867863625,False
kan,final,-14,2,5,4.269336932338774e-05,2.5288665710831992e-05,0.00023559408145956695,False
kan,final,-14,3,5,3.355881926836446e-05,1.4732730960531626e-05,0.00031830850639380515,False
kan,final,-14,4,5,2.3803833755664527e-05,1.65436758834403e-05,0.0005706162774004042,False
kan,final,-14,5,5,4.376045035314746e-05,1.3008097994315904e-05,0.0003866422630380839,False
kan,final,-14,6,5,2.9252074455143884e-05,1.0424907486594748e-05,0.0001666517200646922,False
kan,final,-14,7,5,3.075797212659381e-05,1.3947742445452604e-05,0.00030025330488570035,False
kan,final,-14,8,5,1.4323078175948467e-05,5.5088808039727155e-06,0.000258563639363274,False
kan,final,-14,9,5,4.361048559076153e-05,1.3326141925062984e-05,0.0004795166023541242,False
kan,final,-14,10,5,6.272162136156112e-05,1.2123777196393348e-05,0.00015669285494368523,False
kan,final,-14,11,5,4.206119410810061e-05,2.0422541638254188e-05,0.00011381869262550026,False
kan,final,-14,12,5,3.2343687053071335e-05,2.0534065697574988e-05,0.0001352913532173261,False
kan,final,-14,13,5,2.366638364037499e-05,1.0492727597011253e-05,9.582471830071881e-05,False
kan,final,-14,14,5,2.1417696189018898e-05,7.400838512694463e-06,0.00035893352469429374,False
kan,final,-14,15,5,5.608004721580073e-05,7.89429213909898e-06,0.00021497500711120665,False
kan,final,-13,-15,5,4.706927575170994e-05,1.2907977179565933e-05,0.0005276110023260117,False
kan,final,-13,-14,5,3.853722591884434e-05,1.5066481864778325e-05,0.00027759248041547835,False
kan,final,-13,-13,5,0.031714655458927155,0.022183703258633614,0.032975804060697556,True
kan,final,-13,-12,5,4.069602437084541e-05,2.9557479138020426e-05,0.0004269579949323088,False
kan,final,-13,-11,5,3.21236475429032e-05,2.4504073735442944e-05,0.0007778530707582831,False
kan,final,-13,-10,5,8.37574916658923e-05,1.857684037531726e-05,0.0003643660747911781,False
kan,final,-13,-9,5,2.9856377295800485e-05,1.897849142551422e-05,0.00037875116686336696,False
kan,final,-13,-8,5,5.285313454805873e-05,1.839966898842249e-05,0.000682671379763633,False
kan,final,-13,-7,5,3.759977698791772e-05,1.7756961824488826e-05,0.0003480469749774784,False
kan,final,-13,-6,5,3.3537708077346906e-05,8.386228728340939e-06,0.0002484510187059641,False
kan,final,-13,-5,5,4.2053718061652035e-05,1.2765023711835966e-05,0.0003280163218732923,False
kan,final,-13,-4,5,5.924703145865351e-05,3.4091684938175604e-05,0.00046857286361046135,False
kan,final,-13,-3,5,4.673931107390672e-05,1.5407980754389428e-05,0.0001293180393986404,False
kan,final,-13,-2,5,4.563999391393736e-05,1.3185516763769556e-05,0.0004980937810614705,False
kan,final,-13,-1,5,3.0202460038708523e-05,2.0442614186322317e-05,0.00017114858201239258,False
kan,final,-13,0,5,0.00012790935579687357,3.815853051492013e-05,0.0011636533308774233,False
kan,final,-13,1,5,4.416982119437307e-05,2.7012700229533948e-05,0.00020773877622559667,False
kan,final,-13,2,5,4.378636731416918e-05,1.4706866750202607e-05,0.00017033582844305784,False
kan,final,-13,3,5,4.7148310841294006e-05,2.292064527864568e-05,0.0002518074761610478,False
kan,final,-13,4,5,4.0593065932625905e-05,1.1565428394533228e-05,0.00037629276630468667,False
kan,final,-13,5,5,3.3048771001631394e-05,1.7323996871709824e-05,0.00043324619764462113,False
kan,final,-13,6,5,2.50086795858806e-05,1.1565961358428467e-05,0.0002730739943217486,False
kan,final,-13,7,5,2.814672734530177e-05,1.1143543815705925e-05,0.0003642491647042334,False
kan,final,-13,8,5,2.6492669348954223e-05,1.4738467143615708e-05,0.00040854219696484506,False
kan,final,-13,9,5,7.538397039752454e-05,1.3372669855016284e-05,0.000493473606184125,False
kan,final,-13,10,5,3.4387485357001424e-05,2.5634037228883244e-05,0.00019023354980163276,False
kan,final,-13,11,5,3.429312346270308e-05,2.200982635258697e-05,0.0002174554974772036,False
kan,final,-13,12,5,3.560631739674136e-05,3.060486778849736e-05,0.0003416209074202925,False
kan,final,-13,13,5,2.7320451408741064e-05,1.4403156455955468e-05,7.24572892067954e-05,False
kan,final,-13,14,5,3.224859756301157e-05,1.9171526218997315e-05,0.0002997016708832234,False
kan,final,-13,15,5,4.687380351242609e-05,1.7887847207020968e-05,0.0004521029186435044,False
kan,final,-12,-15,5,4.186865044175647e-05,6.647707323281793e-06,0.000281956308754161,False
kan,final,-12,-14,5,2.9178430850151926e-05,1.1171870028192643e-05,0.000288846786133945,False
kan,final,-12,-13,5,3.054698754567653e-05,9.674015018390492e-06,0.00012203627557028085,False
kan,final,-12,-12,5,0.0324576310813427,0.026096653193235397,0.03299133852124214,True
kan,final,-12,-11,5,5.2030853112228215e-05,3.453484532656148e-05,0.0002669792156666517,False
kan,final,-12,-10,5,4.041131978738122e-05,1.4719248611072544e-05,0.00036051261122338474,False
kan,final,-12,-9,5,4.067185363965109e-05,2.6043579055112787e-05,0.00028919539181515574,False
kan,final,-12,-8,5,3.585289232432842e-05,2.29960660362849e-05,0.0003063571930397302,False
kan,final,-12,-7,5,5.395873085944913e-05,1.1138321497128345e-05,0.00023194646928459406,False
kan,final,-12,-6,5,7.675452070543543e-05,5.036231868871255e-06,0.00010826967627508566,False
kan,final,-12,-5,5,4.666985842050053e-05,9.822240826906636e-06,0.00013884398504160345,False
kan,final,-12,-4,5,4.348067886894569e-05,9.377350579597987e-06,0.0005103035946376622,False
kan,final,-12,-3,5,0.0001075475593097508,1.2077876817784272e-05,0.0003566585364751518,False
kan,final,-12,-2,5,3.5185585147701204e-05,1.620168040972203e-05,0.00041531524038873613,False
kan,final,-12,-1,5,4.040116982650943e-05,1.4318819921754766e-05,0.00015377800446003675,False
kan,final,-12,0,5,0.00012343755224719644,6.12667718087323e-05,0.0018958670552819967,False
kan,final,-12,1,5,2.0868821593467146e-05,1.9999277355964296e-05,0.00017825553368311375,False
kan,final,-12,2,5,3.0543702450813726e-05,1.3036340533290058e-05,0.00021547045616898686,False
kan,final,-12,3,5,7.423615898005664e-05,2.2058728063711897e-05,0.00018671454745344818,False
kan,final,-12,4,5,7.908327097538859e-05,1.1422565876273438e-05,0.0004781539901159704,False
kan,final,-12,5,5,3.948722951463424e-05,9.228680937667377e-06,0.0003609414561651647,False
kan,final,-12,6,5,3.694082624861039e-05,1.8106442439602688e-05,0.0002288894756929949,False
kan,final,-12,7,5,3.404593371669762e-05,1.8615861336002126e-05,0.0006900671869516373,False
kan,final,-12,8,5,3.8703277823515236e-05,1.1323973922117148e-05,0.0006535261054523289,False
kan,final,-12,9,5,5.5200547649292275e-05,2.848782060027588e-05,0.0001685752795310691,False
kan,final,-12,10,5,4.670647831517272e-05,2.3446504201274365e-05,0.0006249841535463929,False
kan,final,-12,11,5,4.4571017497219145e-05,1.503875228081597e-05,0.00018289501895196736,False
kan,final,-12,12,5,3.135350561933592e-05,2.2941656425246038e-05,0.0004522105446085334,False
kan,final,-12,13,5,5.1587932830443606e-05,1.3710874554817565e-05,0.0001250144705409184,False
kan,final,-12,14,5,4.110635563847609e-05,6.999461675150087e-06,9.505668276688084e-05,False
kan,final,-12,15,5,6.594978185603395e-05,9.457318810746074e-06,0.0001837352174334228,False
kan,final,-11,-15,5,4.6177086915122345e-05,1.8225016901851632e-05,0.0003093629202339798,False
kan,final,-11,-14,5,2.9297527362359688e-05,2.1687870685127564e-05,0.0002922783314716071,False
kan,final,-11,-13,5,4.026954775326885e-05,2.45270330196945e-05,7.53510685171932e-05,False
kan,final,-11,-12,5,3.316255970275961e-05,1.9437009541434236e-05,0.00017688906518742442,False
kan,final,-11,-11,5,0.03255549073219299,0.022887110710144043,0.032868605107069016,True
kan,final,-11,-10,5,3.7672223697882146e-05,1.552271169202868e-05,0.00011481090768938884,False
kan,final,-11,-9,5,4.932984302286059e-05,1.7113270587287843e-05,0.00010736426338553429,False
kan,final,-11,-8,5,3.234222094761208e-05,1.3502902220352553e-05,0.00011025487765436992,False
kan,final,-11,-7,5,4.227055251249112e-05,2.5064911824301817e-05,6.190638669067994e-05,False
kan,final,-11,-6,5,4.856870509684086e-05,1.097426957130665e-05,0.00012381655687931925,False
kan,final,-11,-5,5,3.7997921026544645e-05,1.3499738088285085e-05,0.00014630056102760136,False
kan,final,-11,-4,5,4.961531885783188e-05,2.084186053252779e-05,0.00018486160843167454,False
kan,final,-11,-3,5,7.13742192601785e-05,1.6709316696505994e-05,7.85499723860994e-05,False
kan,final,-11,-2,5,3.499446756904945e-05,2.8673408451140858e-05,0.00016985725960694253,False
kan,final,-11,-1,5,5.758689803769812e-05,1.7678745280136354e-05,0.000298039783956483,False
kan,final,-11,0,5,7.737897976767272e-05,5.2931740356143564e-05,0.0005868990556336939,False
kan,final,-11,1,5,4.860758053837344e-05,1.8140883184969425e-05,0.0001668795885052532,False
kan,final,-11,2,5,3.219595964765176e-05,2.1103582184878178e-05,0.00016319745918735862,False
kan,final,-11,3,5,6.990445399424061e-05,1.7029729860951193e-05,9.078627044800669e-05,False
kan,final,-11,4,5,3.909809311153367e-05,1.979230364668183e-05,0.00023707585933152586,False
kan,final,-11,5,5,3.13754499075003e-05,1.7791535356082022e-05,0.00025542121147736907,False
kan,final,-11,6,5,4.3987885874230415e-05,7.18856654202682e-06,0.00011748517135856673,False
kan,final,-11,7,5,3.714698686962947e-05,2.1500491129700094e-05,0.00014067170559428632,False
kan,final,-11,8,5,3.79601915483363e-05,1.7109668988268822e-05,0.00020265375496819615,False
kan,final,-11,9,5,5.126192991156131e-05,2.809079705912154e-05,0.00023882079403847456,False
kan,final,-11,10,5,6.241624942049384e-05,2.3077447622199543e-05,0.00023823989613447338,False
kan,final,-11,11,5,3.9885180740384385e-05,1.973644975805655e-05,0.0002851264434866607,False
kan,final,-11,12,5,4.526088741840795e-05,2.4737983039813116e-05,0.00010309356002835557,False
kan,final,-11,13,5,4.099422585568391e-05,2.3824561139917932e-05,8.567272016080096e-05,False
kan,final,-11,14,5,2.6004272513091564e-05,1.1344532140356023e-05,0.00017329867114312947,False
kan,final,-11,15,5,4.530886508291587e-05,1.4315276530396659e-05,0.00014303690113592893,False
kan,final,-10,-15,5,5.432793477666564e-05,1.4053131053515244e-05,0.00017354679584968835,False
kan,final,-10,-14,5,2.1395795556600206e-05,1.4415887562790886e-05,0.0002562380104791373,False
kan,final,-10,-13,5,5.471526674227789e-05,2.652508374012541e-05,0.00019335253455210477,False
kan,final,-10,-12,5,4.453619840205647e-05,1.6713385775801726e-05,0.00018884868768509477,False
kan,final,-10,-11,5,3.044489312742371e-05,1.8136415746994317e-05,9.278465586248785e-05,False
kan,final,-10,-10,5,0.027847805991768837,0.014292857609689236,0.0317893885076046,True
kan,final,-10,-9,5,3.9582464523846284e-05,1.7543819922138937e-05,0.0001878648326965049,False
kan,final,-10,-8,5,4.7447876568185166e-05,9.85117003438063e-06,0.00013000296894460917,False
kan,final,-10,-7,5,1.4150561582937371e-05,1.1425292541389354e-05,0.0004202642885502428,False
kan,final,-10,-6,5,4.390613685245626e-05,3.1507686799159274e-05,0.0002670379471965134,False
kan,final,-10,-5,5,3.815905438386835e-05,9.314667295257095e-06,0.00039092410588636994,False
kan,final,-10,-4,5,3.145351729472168e-05,1.0143475265067536e-05,0.00013341661542654037,False
kan,final,-10,-3,5,0.00010917167674051598,1.2928581782034598e-05,0.00023576148669235408,False
kan,final,-10,-2,5,2.6573137802188285e-05,1.0847281373571604e-05,0.00030192729900591075,False
kan,final,-10,-1,5,3.452553573879413e-05,1.4866162928228732e-05,0.00022842046746518463,False
kan,final,-10,0,5,0.000161952935741283,5.653173866448924e-05,0.0006933230324648321,False
kan,final,-10,1,5,2.9683664251933806e-05,7.736322913842741e-06,0.00037415698170661926,False
kan,final,-10,2,5,3.4187276469310746e-05,8.386765330214985e-06,0.00014180410653352737,False
kan,final,-10,3,5,7.003772770985961e-05,1.3116407899360638e-05,0.0001792807743186131,False
kan,final,-10,4,5,3.307894439785741e-05,1.7077834854717366e-05,0.00036549888318404555,False
kan,final,-10,5,5,5.041999611421488e-05,2.4176046281354502e-05,0.00048229139065369964,False
kan,final,-10,6,5,2.999967364303302e-05,1.7478761947131716e-05,0.00025872705737128854,False
kan,final,-10,7,5,5.803376552648842e-05,2.1003415895393118e-05,0.00010642904817359522,False
kan,final,-10,8,5,3.3405813155695796e-05,1.9250923287472688e-05,0.0006346231675706804,False
kan,final,-10,9,5,3.169683623127639e-05,2.2276128220255487e-05,0.00041214015800505877,False
kan,final,-10,10,5,8.202453318517655e-05,1.9917279132641852e-05,0.00037806908949278295,False
kan,final,-10,11,5,4.0155438910005614e-05,3.0246244932641275e-05,0.00047441781498491764,False
kan,final,-10,12,5,3.1314906664192677e-05,1.3183324881538283e-05,0.0002052652125712484,False
kan,final,-10,13,5,4.084926695213653e-05,1.5047489796415903e-05,0.0001080897927749902,False
kan,final,-10,14,5,2.208638943557162e-05,1.783839070412796e-05,0.0004389184759929776,False
kan,final,-10,15,5,6.828763434896246e-05,1.03428556030849e-05,0.00023264552874024957,False
kan,final,-9,-15,5,4.804498530575074e-05,1.3979187315271702e-05,0.00015606421220581979,False
kan,final,-9,-14,5,2.2604826881433837e-05,1.2655740647460334e-05,0.00010825297067640349,False
kan,final,-9,-13,5,6.596090679522604e-05,8.282593626063317e-06,0.00011004133557435125,False
kan,final,-9,-12,5,8.506975427735597e-05,1.3702398973691743e-05,0.00014620380534324795,False
kan,final,-9,-11,5,3.591258791857399e-05,1.854796937550418e-05,0.0001318392314715311,False
kan,final,-9,-10,5,5.415264604380354e-05,3.48240282619372e-05,0.00024257419863715768,False
kan,final,-9,-9,5,0.03271786496043205,0.02610148675739765,0.03307599574327469,True
kan,final,-9,-8,5,6.255968037294224e-05,1.0520741852815263e-05,0.00021009065676480532,False
kan,final,-9,-7,5,7.120693771867082e-05,8.937722668633796e-06,0.0002607528876978904,False
kan,final,-9,-6,5,7.276367250597104e-05,3.0451143175014295e-05,0.0003342517593409866,False
kan,final,-9,-5,5,5.4811916925245896e-05,1.715252801659517e-05,0.00013545095862355083,False
kan,final,-9,-4,5,3.6735087633132935e-05,2.589785071904771e-05,0.0002674768038559705,False
kan,final,-9,-3,5,0.00010570302401902154,1.3743326235271525e-05,0.00016254725051112473,False
kan,final,-9,-2,5,5.432772741187364e-05,1.7737056623445824e-05,0.00023162897559814155,False
kan,final,-9,-1,5,3.2922314858296886e-05,1.943386632774491e-05,0.00022695558436680585,False
kan,final,-9,0,5,0.00011400808580219746,7.821543840691447e-05,0.0011414244072511792,False
kan,final,-9,1,5,5.195368794375099e-05,1.7770495105651207e-05,0.00020257281721569598,False
kan,final,-9,2,5,4.507850462687202e-05,2.1121350073372014e-05,0.0002216381544712931,False
kan,final,-9,3,5,6.222193042049184e-05,1.525214611319825e-05,0.00021477841073647141,False
kan,final,-9,4,5,4.1085684642894194e-05,2.4153148842742667e-05,0.0004302823217585683,False
kan,final,-9,5,5,5.1064394938293844e-05,2.5930094125214964e-05,0.000377055024728179,False
kan,final,-9,6,5,3.765298242797144e-05,8.284920113510452e-06,0.0003280622186139226,False
kan,final,-9,7,5,4.814382191398181e-05,9.375798981636763e-06,0.00019967624393757433,False
kan,final,-9,8,5,1.896491266961675e-05,1.579553645569831e-05,0.00023057828366290778,False
kan,final,-9,9,5,5.040681207901798e-05,1.7714084606268443e-05,0.000285660004010424,False
kan,final,-9,10,5,5.500536281033419e-05,1.9239614630350843e-05,0.0004876747552771121,False
kan,final,-9,11,5,5.6105149269569665e-05,2.930301707237959e-05,0.00033492749207653105,False
kan,final,-9,12,5,2.6468098440091126e-05,1.4090863260207698e-05,9.50400935835205e-05,False
kan,final,-9,13,5,4.9982550990534946e-05,1.3309299902175553e-05,0.0003047734498977661,False
kan,final,-9,14,5,2.932024290203117e-05,1.1635136615950614e-05,0.00015846925089135766,False
kan,final,-9,15,5,6.766575097572058e-05,1.5890112990746275e-05,0.00013838583254255354,False
kan,final,-8,-15,5,6.198682240210474e-05,9.924274309014436e-06,0.0003421058354433626,False
kan,final,-8,-14,5,2.4716930056456476e-05,1.9143177269143052e-05,0.0002506088057998568,False
kan,final,-8,-13,5,2.0569794287439436e-05,1.2837430404033512e-05,7.824737986084074e-05,False
kan,final,-8,-12,5,2.7869775294675492e-05,1.8507285858504474e-05,0.00014307277160696685,False
kan,final,-8,-11,5,5.311519271344878e-05,2.3277991203940473e-05,8.892847836250439e-05,False
kan,final,-8,-10,5,0.00010238491813652217,1.9440225514699705e-05,0.0006118176388554275,False
kan,final,-8,-9,5,4.890422860626131e-05,2.134298483724706e-05,0.0003288226725999266,False
kan,final,-8,-8,5,0.0314464271068573,0.020471269264817238,0.03307623416185379,True
kan,final,-8,-7,5,9.137355664279312e-05,1.2546826837933622e-05,0.00020794315787497908,False
kan,final,-8,-6,5,4.250722849974409e-05,1.4096133782004472e-05,0.0003505260101519525,False
kan,final,-8,-5,5,4.136132338317111e-05,1.4659359294455498e-05,0.0002313132572453469,False
kan,final,-8,-4,5,3.291096800239757e-05,1.2683251043199562e-05,0.00017024565022438765,False
kan,final,-8,-3,5,4.635196091840044e-05,2.0296181901358068e-05,0.00017470352759119123,False
kan,final,-8,-2,5,4.257982800481841e-05,1.2289163350942545e-05,0.00010723747982410714,False
kan,final,-8,-1,5,3.8221882277866825e-05,7.954465218062978e-06,0.00014356794417835772,False
kan,final,-8,0,5,0.00021111599926371127,3.9808048313716426e-05,0.0008285637013614178,False
kan,final,-8,1,5,3.862166340695694e-05,2.140635479008779e-05,0.00021997316798660904,False
kan,final,-8,2,5,4.203977368888445e-05,1.0917920917563606e-05,0.00013367010978981853,False
kan,final,-8,3,5,0.00019672092457767576,2.203547592216637e-05,0.00034936523297801614,False
kan,final,-8,4,5,4.8217571020359173e-05,1.0649728210410103e-05,0.0002245467039756477,False
kan,final,-8,5,5,3.9446564187528566e-05,1.11085446405923e-05,0.00017703439516481012,False
kan,final,-8,6,5,3.4844088077079505e-05,1.9676010197144933e-05,0.00031479340395890176,False
kan,final,-8,7,5,2.489596045052167e-05,1.767049980117008e-05,0.00026619102573022246,False
kan,final,-8,8,5,2.0581577700795606e-05,1.0268538062518928e-05,0.0003711046592798084,False
kan,final,-8,9,5,3.957480294047855e-05,2.185508310503792e-05,0.00013931107241660357,False
kan,final,-8,10,5,0.0001344425545539707,2.7911011784453876e-05,0.0002716032031457871,False
kan,final,-8,11,5,3.5649882192956284e-05,2.924529508163687e-05,8.346407412318513e-05,False
kan,final,-8,12,5,3.970873149228282e-05,2.1662504877895117e-05,0.0002500376140233129,False
kan,final,-8,13,5,2.7840134862344712e-05,1.2249000064912252e-05,0.0001263754820683971,False
kan,final,-8,14,5,2.69170541287167e-05,1.2712115676549729e-05,0.00022208693553693593,False
kan,final,-8,15,5,3.4612145100254565e-05,6.123294042481575e-06,0.00019771642109844834,False
kan,final,-7,-15,5,4.720298238680698e-05,1.0003018360293936e-05,0.00013408278755377978,False
kan,final,-7,-14,5,1.8751499737845734e-05,1.145836813520873e-05,0.00014077062951400876,False
kan,final,-7,-13,5,4.3249252485111356e-05,1.727353264868725e-05,0.00012455832620617002,False
kan,final,-7,-12,5,3.561564881238155e-05,2.8011176254949532e-05,0.00017634152027312666,False
kan,final,-7,-11,5,4.1877567127812654e-05,2.054091055470053e-05,0.00020766336820088327,False
kan,final,-7,-10,5,9.251105802832171e-05,1.715524740575347e-05,0.00016105908434838057,False
kan,final,-7,-9,5,8.492885535815731e-05,2.6565510779619217e-05,0.0001438555191271007,False
kan,final,-7,-8,5,3.528532033669762e-05,1.7966189261642285e-05,0.00021832426136825234,False
kan,final,-7,-7,5,0.032828252762556076,0.023977769538760185,0.03296126797795296,True
kan,final,-7,-6,5,3.820515485131182e-05,1.616140980331693e-05,6.011792356730439e-05,False
kan,final,-7,-5,5,4.973929753759876e-05,2.0502622646745294e-05,0.0002609999501146376,False
kan,final,-7,-4,5,3.664629548438825e-05,9.489957847108599e-06,0.0001657389511819929,False
kan,final,-7,-3,5,8.169841021299362e-05,2.0683795810327865e-05,8.781732321949676e-05,False
kan,final,-7,-2,5,5.094028892926872e-05,1.2777719348378014e-05,0.00011370558058843017,False
kan,final,-7,-1,5,3.626922989496961e-05,1.5905607142485678e-05,0.00018685642862692475,False
kan,final,-7,0,5,0.00010146176646230742,7.004942744970322e-05,0.00028340116841718554,False
kan,final,-7,1,5,4.6315799409057945e-05,1.4458414625551086e-05,0.00016196239448618144,False
kan,final,-7,2,5,4.8302728828275576e-05,8.83514167071553e-06,8.553006773581728e-05,False
kan,final,-7,3,5,2.9161392376408912e-05,2.1849540644325316e-05,0.00010882291098823771,False
kan,final,-7,4,5,5.285118822939694e-05,5.770509233116172e-06,0.00022086594253778458,False
kan,final,-7,5,5,6.158585892990232e-05,1.0758109056041576e-05,0.00022130357683636248,False
kan,final,-7,6,5,4.4744767365045846e-05,8.976102435553912e-06,6.588562246179208e-05,False
kan,final,-7,7,5,5.5195330787682906e-05,1.1074302165070549e-05,0.0002746602986007929,False
kan,final,-7,8,5,3.179021950927563e-05,1.0014594408858102e-05,0.00021931709488853812,False
kan,final,-7,9,5,3.6569919757312164e-05,2.21875925490167e-05,0.0003685920382849872,False
kan,final,-7,10,5,8.607863128418103e-05,3.434075551922433e-05,0.00015662267105653882,False
kan,final,-7,11,5,3.922508767573163e-05,3.339024988235906e-05,0.0004202545096632093,False
kan,final,-7,12,5,2.2393549443222582e-05,2.0093573766644113e-05,0.00011837794590974227,False
kan,final,-7,13,5,2.378231511102058e-05,1.4844027646176983e-05,9.370807674713433e-05,False
kan,final,-7,14,5,2.7942633096245117e-05,8.267878001788631e-06,0.00018913747044280171,False
kan,final,-7,15,5,5.812159724882804e-05,7.767391252855305e-06,0.00033534885733388364,False
kan,final,-6,-15,5,5.470885298564099e-05,1.0752562957350165e-05,0.00043140287743881345,False
kan,final,-6,-14,5,5.8652185543905944e-05,7.803600055922288e-06,0.00032190894125960767,False
kan,final,-6,-13,5,3.7529334804276004e-05,1.2432309631549288e-05,0.00013630709145218134,False
kan,final,-6,-12,5,5.699151734006591e-05,2.7936948754359037e-05,0.000200374866835773,False
kan,final,-6,-11,5,7.953259046189487e-05,2.4312734240083955e-05,0.0002978555276058614,False
kan,final,-6,-10,5,0.00013882455823477358,2.4735823899391107e-05,0.00016527980915270746,False
kan,final,-6,-9,5,0.0001193542339024134,2.8576088880072348e-05,0.0003813739458564669,False
kan,final,-6,-8,5,0.00015077280113473535,1.3891663002141286e-05,0.0003313404740765691,False
kan,final,-6,-7,5,6.2364932091441e-05,1.1947303391934838e-05,0.00030795001657679677,False
kan,final,-6,-6,5,0.03073873743414879,0.026480793952941895,0.03242677077651024,True
kan,final,-6,-5,5,5.910628169658594e-05,1.1770478522521444e-05,0.000518399232532829,False
kan,final,-6,-4,5,6.0199399740668014e-05,1.005439116852358e-05,0.00026801525382325053,False
kan,final,-6,-3,5,0.0001178859020001255,2.3239739675773308e-05,0.00015266875561792403,False
kan,final,-6,-2,5,7.335431291721761e-05,1.2158074241597205e-05,0.00013410781684797257,False
kan,final,-6,-1,5,9.323428093921393e-05,8.472669833281543e-06,0.00026970438193529844,False
kan,final,-6,0,5,0.00016376095300074667,8.699115278432146e-05,0.0005131305078975856,False
kan,final,-6,1,5,0.0001253397058462724,1.2564942153403535e-05,0.00017165299504995346,False
kan,final,-6,2,5,3.0322171369334683e-05,1.4193123206496239e-05,0.0003214655735064298,False
kan,final,-6,3,5,0.00011767790419980884,1.404318209097255e-05,0.0001432941062375903,False
kan,final,-6,4,5,4.462559081730433e-05,9.368730388814583e-06,0.0002492257335688919,False
kan,final,-6,5,5,7.190930773504078e-05,2.4192428099922836e-05,0.00036739156348630786,False
kan,final,-6,6,5,8.301375055452809e-05,7.241886578412959e-06,0.0003111553087364882,False
kan,final,-6,7,5,5.65658338018693e-05,1.885722485894803e-05,0.00041186800808645785,False
kan,final,-6,8,5,0.00017669374938122928,9.062061508302577e-06,0.00047024808009155095,False
kan,final,-6,9,5,7.665019074920565e-05,3.238791032345034e-05,0.0003609356645029038,False
kan,final,-6,10,5,0.00013462809147313237,2.7567451979848556e-05,0.00026252775569446385,False
kan,final,-6,11,5,6.85446648276411e-05,2.270743607368786e-05,0.00024201614724006504,False
kan,final,-6,12,5,4.0269005694426596e-05,2.5019460736075416e-05,0.0002842354297172278,False
kan,final,-6,13,5,4.3728425225708634e-05,1.4304691831057426e-05,0.00014462042599916458,False
kan,final,-6,14,5,7.345342601183802e-05,1.4459510566666722e-05,0.00026775061269290745,False
kan,final,-6,15,5,8.381452789762989e-05,8.868131772032939e-06,0.00012505210179369897,False
kan,final,-5,-15,5,4.238349720253609e-05,1.0574933185125701e-05,0.0005009524757042527,False
kan,final,-5,-14,5,1.8788208762998693e-05,1.1969602383032907e-05,0.000417910487158224,False
kan,final,-5,-13,5,2.374916584813036e-05,1.2638918633456342e-05,0.0001819150784285739,False
kan,final,-5,-12,5,4.53049797215499e-05,2.8020022000418976e-05,0.0001677686523180455,False
kan,final,-5,-11,5,2.391295311099384e-05,1.1417766472732183e-05,0.0001663213042775169,False
kan,final,-5,-10,5,0.0001400156324962154,4.097261626156978e-05,0.00029838114278391004,False
kan,final,-5,-9,5,2.8789327188860625e-05,1.7922513507073745e-05,0.00032086236751638353,False
kan,final,-5,-8,5,4.426047235028818e-05,1.6404837879235856e-05,0.00016425258945673704,False
kan,final,-5,-7,5,3.0058105039643124e-05,1.4197742530086543e-05,0.00019992704619653523,False
kan,final,-5,-6,5,4.235579035594128e-05,1.241181689692894e-05,0.00047557573998346925,False
kan,final,-5,-5,5,0.032247669994831085,0.027397936210036278,0.03292813152074814,True
kan,final,-5,-4,5,5.0607592129381374e-05,1.0831874533323571e-05,0.00013196741929277778,False
kan,final,-5,-3,5,8.513971988577396e-05,1.2787698324245866e-05,0.00011715859000105411,False
kan,final,-5,-2,5,3.806974200415425e-05,1.2330850950093009e-05,0.00022762987646274269,False
kan,final,-5,-1,5,3.859766002278775e-05,1.9670333131216466e-05,0.0004485030076466501,False
kan,final,-5,0,5,0.00010342618043068796,4.211648047203198e-05,0.0007252118666656315,False
kan,final,-5,1,5,3.746529546333477e-05,1.5058791177580133e-05,0.0002963217266369611,False
kan,final,-5,2,5,4.2537903937045485e-05,1.193858861370245e-05,0.0003274366317782551,False
kan,final,-5,3,5,3.334013308631256e-05,2.1315758203854784e-05,0.00016248226165771484,False
kan,final,-5,4,5,4.397520388010889e-05,2.400145967840217e-05,0.00021823710994794965,False
kan,final,-5,5,5,6.724472768837586e-05,1.3659958312928211e-05,0.0005303013022057712,False
kan,final,-5,6,5,3.0487577532767318e-05,6.647747795796022e-06,0.0003883560420945287,False
kan,final,-5,7,5,3.1164036045083776e-05,2.128802407241892e-05,0.0001607434533070773,False
kan,final,-5,8,5,2.4589713575551286e-05,1.4689679119328503e-05,0.00022501089551951736,False
kan,final,-5,9,5,2.8036318326485343e-05,1.7640808437136002e-05,0.0004019152547698468,False
kan,final,-5,10,5,7.050289423204958e-05,2.6262738174409606e-05,0.000460051407571882,False
kan,final,-5,11,5,2.688584936549887e-05,2.3525299184257165e-05,0.0001331830571871251,False
kan,final,-5,12,5,4.187294689472765e-05,3.755532452487387e-05,0.00014208645734470338,False
kan,final,-5,13,5,2.860708991647698e-05,1.1595101568673272e-05,6.174112786538899e-05,False
kan,final,-5,14,5,3.599826595745981e-05,2.347923509660177e-05,0.0003052437386941165,False
kan,final,-5,15,5,5.25032592122443e-05,7.255611762957415e-06,0.00020779576152563095,False
kan,final,-4,-15,5,2.5528172045596875e-05,1.5933204849716276e-05,0.0004911866271868348,False
kan,final,-4,-14,5,2.1475130779435858e-05,1.281934692087816e-05,0.0002545664901845157,False
kan,final,-4,-13,5,3.44124564435333e-05,1.59734863700578e-05,0.00024559456505812705,False
kan,final,-4,-12,5,2.805836447805632e-05,2.2341948351822793e-05,0.0003497264115139842,False
kan,final,-4,-11,5,2.765906356216874e-05,2.4584065613453276e-05,0.0005745686939917505,False
kan,final,-4,-10,5,3.0566905479645357e-05,2.6877880372921936e-05,0.000238533946685493,False
kan,final,-4,-9,5,2.7281803340883926e-05,1.7803740774979815e-05,0.0002807254495564848,False
kan,final,-4,-8,5,2.7135794880450703e-05,8.56294445839012e-06,0.0002363215753575787,False
kan,final,-4,-7,5,3.5245113394921646e-05,1.1872009054059163e-05,0.0003965687064919621,False
kan,final,-4,-6,5,4.087832348886877e-05,1.6767697161412798e-05,0.00034789060009643435,False
kan,final,-4,-5,5,3.0248373150243424e-05,9.976214641937986e-06,0.000498230685479939,False
kan,final,-4,-4,5,0.0325724333524704,0.015746887773275375,0.03287728875875473,True
kan,final,-4,-3,5,2.8271495466469787e-05,6.7898740780947264e-06,0.0003720866807270795,False
kan,final,-4,-2,5,3.5229826607974246e-05,1.6269270417978987e-05,0.00018692640878725797,False
kan,final,-4,-1,5,3.595602174755186e-05,1.7726582882460207e-05,0.00036255078157410026,False
kan,final,-4,0,5,0.00010243927681585774,6.57615382806398e-05,0.001429117750376463,False
kan,final,-4,1,5,2.0154902813374065e-05,1.1701700714183971e-05,0.00014924038259778172,False
kan,final,-4,2,5,3.061219467781484e-05,1.0307826414646115e-05,0.000271123688435182,False
kan,final,-4,3,5,6.505470082629472e-05,1.2154949217801914e-05,0.00012569091632030904,False
kan,final,-4,4,5,2.4565479179727845e-05,1.7375366951455362e-05,0.0003646909608505666,False
kan,final,-4,5,5,3.1852196116233245e-05,1.5535990314674564e-05,0.000599668943323195,False
kan,final,-4,6,5,2.8090167688787915e-05,1.3055500858172309e-05,0.0003151850833091885,False
kan,final,-4,7,5,3.28525056829676e-05,1.1713424100889824e-05,0.0005716478335671127,False
kan,final,-4,8,5,2.6617044568411075e-05,5.997006610414246e-06,0.0006433269591070712,False
kan,final,-4,9,5,5.028795567341149e-05,1.9385401174076833e-05,0.0009693571482785046,False
kan,final,-4,10,5,8.382087980862707e-05,2.538213084335439e-05,0.00043823328451253474,False
kan,final,-4,11,5,2.6513942430028692e-05,1.33861694848747e-05,0.00041103712283074856,False
kan,final,-4,12,5,4.123357211938128e-05,1.4671260032628197e-05,0.0007877942989580333,False
kan,final,-4,13,5,2.6124736905330792e-05,1.4887029465171508e-05,0.0002174465189455077,False
kan,final,-4,14,5,3.6560388252837583e-05,1.1239118975936435e-05,0.00033816532231867313,False
kan,final,-4,15,5,2.9080874810460955e-05,1.0824159289768431e-05,0.00031649201991967857,False
kan,final,-3,-15,5,5.9057761973235756e-05,9.236052392225247e-06,0.0001587583974469453,False
kan,final,-3,-14,5,3.948733865399845e-05,6.5982271735265385e-06,0.00011335818271618336,False
kan,final,-3,-13,5,2.906389818235766e-05,1.0888439646805637e-05,0.0001178979582618922,False
kan,final,-3,-12,5,4.724307291326113e-05,1.3479256267601158e-05,8.483593410346657e-05,False
kan,final,-3,-11,5,4.029725823784247e-05,1.0134600415767636e-05,0.00047284556785598397,False
kan,final,-3,-10,5,0.00011795815225923434,1.577672446728684e-05,0.00023175604292191565,False
kan,final,-3,-9,5,0.00011778445332311094,1.1880300007760525e-05,0.0003349818871356547,False
kan,final,-3,-8,5,7.5780953920912e-05,1.2748454537359066e-05,0.00012920952576678246,False
kan,final,-3,-7,5,7.62030977057293e-05,7.46088244341081e-06,0.0001536779454909265,False
kan,final,-3,-6,5,5.8953875850420445e-05,1.211490871355636e-05,0.00020210265938658267,False
kan,final,-3,-5,5,6.446134648285806e-05,1.4389155694516376e-05,0.00021675415337085724,False
kan,final,-3,-4,5,5.529480040422641e-05,1.356417214992689e-05,0.0002149692882085219,False
kan,final,-3,-3,5,0.032185956835746765,0.026637032628059387,0.033033404499292374,True
kan,final,-3,-2,5,5.744890222558752e-05,1.782615618139971e-05,0.00019613298354670405,False
kan,final,-3,-1,5,6.091499381000176e-05,1.4515479051624425e-05,0.0002170411462429911,False
kan,final,-3,0,5,0.00017770420527085662,4.05309401685372e-05,0.0009761534165591002,False
kan,final,-3,1,5,5.366690311348066e-05,1.0863372153835371e-05,0.00020703648624476045,False
kan,final,-3,2,5,4.714486203738488e-05,1.599815186636988e-05,0.0002719698240980506,False
kan,final,-3,3,5,5.265035724733025e-05,7.802535037626512e-06,0.0002106973115587607,False
kan,final,-3,4,5,5.2435992984101176e-05,1.0679797014745418e-05,0.00012841587886214256,False
kan,final,-3,5,5,4.366994835436344e-05,1.0327657946618274e-05,0.00010781601304188371,False
kan,final,-3,6,5,4.1155893995892256e-05,1.3007450434088241e-05,0.00010534834291320294,False
kan,final,-3,7,5,5.3799027227796614e-05,1.384092502121348e-05,0.00012433307711035013,False
kan,final,-3,8,5,4.4529060687636957e-05,8.153868293447886e-06,0.00015492875536438078,False
kan,final,-3,9,5,7.07570870872587e-05,1.2751276699418668e-05,0.0001966341951629147,False
kan,final,-3,10,5,4.951054506818764e-05,1.143820281868102e-05,0.0002548480697441846,False
kan,final,-3,11,5,5.525267624761909e-05,1.5810892364243045e-05,0.0004040022031404078,False
kan,final,-3,12,5,4.704526509158313e-05,7.719921086390968e-06,0.00020367138495203108,False
kan,final,-3,13,5,3.0583643820136786e-05,1.2500448065111414e-05,0.00025847842334769666,False
kan,final,-3,14,5,7.659539551241323e-05,1.153388529928634e-05,0.00013233684876468033,False
kan,final,-3,15,5,8.624587644590065e-05,1.2043296919728164e-05,0.0001749675429891795,False
kan,final,-2,-15,5,3.669428042485379e-05,2.1623274733428843e-05,0.0001919072528835386,False
kan,final,-2,-14,5,3.2891930459300056e-05,2.4092450985335745e-05,0.000263297202764079,False
kan,final,-2,-13,5,2.9434808311634697e-05,1.6251515262410976e-05,0.00021367627778090537,False
kan,final,-2,-12,5,3.5319641028763726e-05,2.6857109332922846e-05,0.00016913001309148967,False
kan,final,-2,-11,5,4.161675678915344e-05,2.1290934455464594e-05,0.00015786950825713575,False
kan,final,-2,-10,5,6.28377019893378e-05,2.5423987608519383e-05,0.00014448909496422857,False
kan,final,-2,-9,5,5.334026718628593e-05,3.056562854908407e-05,7.876696327002719e-05,False
kan,final,-2,-8,5,3.1553867302136496e-05,2.3383749066852033e-05,0.0002006269060075283,False
kan,final,-2,-7,5,2.3862343368818983e-05,2.075667907774914e-05,0.00026991183403879404,False
kan,final,-2,-6,5,2.3040569431032054e-05,1.9187333236914128e-05,0.00026077419170178473,False
kan,final,-2,-5,5,4.0900449675973505e-05,2.2757410988560878e-05,0.0003154636069666594,False
kan,final,-2,-4,5,4.355908458819613e-05,3.118858512607403e-05,0.000303488050121814,False
kan,final,-2,-3,5,2.874562778742984e-05,1.6250407497864217e-05,0.0002756127796601504,False
kan,final,-2,-2,5,0.03185585141181946,0.025950096547603607,0.03262723609805107,True
kan,final,-2,-1,5,3.792224742937833e-05,3.199054845026694e-05,0.00024988551740534604,False
kan,final,-2,0,5,0.00013194246275816113,6.886144547024742e-05,0.0004716136900242418,False
kan,final,-2,1,5,2.7052137738792226e-05,1.8238064512843266e-05,0.00016167372814379632,False
kan,final,-2,2,5,3.478773942333646e-05,2.5884526621666737e-05,0.00022321290452964604,False
kan,final,-2,3,5,5.250060712569393e-05,1.822277954488527e-05,0.00030463217990472913,False
kan,final,-2,4,5,4.433581489138305e-05,2.3147442334447987e-05,0.0002995768445543945,False
kan,final,-2,5,5,3.897084025084041e-05,1.9249886463512667e-05,0.0005121267749927938,False
kan,final,-2,6,5,4.426097802934237e-05,2.013106677623e-05,0.00015551067190244794,False
kan,final,-2,7,5,2.7271149519947357e-05,1.6760339349275455e-05,8.057605737121776e-05,False
kan,final,-2,8,5,4.315735714044422e-05,1.8579736206447706e-05,0.00022583326790481806,False
kan,final,-2,9,5,6.887099152663723e-05,2.214886808360461e-05,0.000392303365515545,False
kan,final,-2,10,5,3.996063242084347e-05,3.158267281833105e-05,0.00027583425980992615,False
kan,final,-2,11,5,4.6078905143076554e-05,2.5443676349823363e-05,0.00027105945628136396,False
kan,final,-2,12,5,3.744043715414591e-05,2.902909545809962e-05,0.00019771824008785188,False
kan,final,-2,13,5,2.9363125577219762e-05,1.5667696061427705e-05,0.00012754662020597607,False
kan,final,-2,14,5,3.272948379162699e-05,1.3736725122726057e-05,0.00023136334493756294,False
kan,final,-2,15,5,5.629926090477966e-05,2.0658946596086025e-05,0.00017054453201126307,False
kan,final,-1,-15,5,4.510030339588411e-05,1.3669425243278965e-05,0.0006750102620571852,False
kan,final,-1,-14,5,2.924079126387369e-05,1.6087889889604412e-05,0.00043963518692180514,False
kan,final,-1,-13,5,5.042275370215066e-05,8.453303962596692e-06,0.0001732923847157508,False
kan,final,-1,-12,5,5.144230817677453e-05,1.8977309082401916e-05,0.000387448410037905,False
kan,final,-1,-11,5,4.3615968024823815e-05,1.7196607586811297e-05,0.0008755027665756643,False
kan,final,-1,-10,5,5.045152283855714e-05,1.731588963593822e-05,0.0001911968138301745,False
kan,final,-1,-9,5,4.8792484449222684e-05,3.4810276702046394e-05,0.00045345776015892625,False
kan,final,-1,-8,5,4.68284088128712e-05,8.075437108345795e-06,0.00037377484841272235,False
kan,final,-1,-7,5,2.9227368941064924e-05,1.3921862773713656e-05,0.0004120090452488512,False
kan,final,-1,-6,5,5.0726474000839517e-05,9.515867532172706e-06,0.00046356365783140063,False
kan,final,-1,-5,5,3.965518772020005e-05,2.2221980543690734e-05,0.00045213516568765044,False
kan,final,-1,-4,5,4.965842890669592e-05,1.8327664292883128e-05,0.00015130605606827885,False
kan,final,-1,-3,5,8.891041943570599e-05,2.3178732590167783e-05,0.0002684573410078883,False
kan,final,-1,-2,5,4.081609222339466e-05,1.797766708477866e-05,0.0005554681993089616,False
kan,final,-1,-1,5,0.03224517032504082,0.02129371277987957,0.03312382474541664,True
kan,final,-1,0,5,0.00020948066958226264,5.012915426050313e-05,0.0017683424521237612,False
kan,final,-1,1,5,6.924713670741767e-05,2.280808985233307e-05,0.00016007837257348,False
kan,final,-1,2,5,3.428417767281644e-05,9.766289622348268e-06,0.00034941514604724944,False
kan,final,-1,3,5,7.344432378886268e-05,2.1773350454168394e-05,0.00020498392404988408,False
kan,final,-1,4,5,3.826050306088291e-05,1.6732448784750886e-05,0.00019439280731603503,False
kan,final,-1,5,5,3.9243743231054395e-05,2.02563387574628e-05,0.0004932918818667531,False
kan,final,-1,6,5,3.788541289395653e-05,1.2667012015299406e-05,0.0003260532976128161,False
kan,final,-1,7,5,8.231849642470479e-05,1.8617944078869186e-05,0.00042866187868639827,False
kan,final,-1,8,5,4.386571526993066e-05,7.834715688659344e-06,0.0005457564257085323,False
kan,final,-1,9,5,3.687432035803795e-05,2.1474083041539416e-05,0.0006070601521059871,False
kan,final,-1,10,5,6.526336073875427e-05,3.162636494380422e-05,0.00020086891890969127,False
kan,final,-1,11,5,4.4138720113551244e-05,2.0413712263689376e-05,0.00018944901239592582,False
kan,final,-1,12,5,3.7810248613823205e-05,2.1693642338505015e-05,0.0004274844250176102,False
kan,final,-1,13,5,2.005247188208159e-05,1.21864914035541e-05,0.0001510540023446083,False
kan,final,-1,14,5,4.322375389165245e-05,1.58949987962842e-05,0.0003038716968148947,False
kan,final,-1,15,5,7.652261410839856e-05,1.2483162208809517e-05,0.00032424222445115447,False
kan,final,0,-15,5,0.00018126585928257555,3.205522079952061e-05,0.0012044621398672462,False
kan,final,0,-14,5,5.912042615818791e-05,4.272822479833849e-05,0.0005829712608829141,False
kan,final,0,-13,5,9.392558422405273e-05,5.1982806326122954e-05,0.000890496012289077,False
kan,final,0,-12,5,0.00014064340211916715,6.810032937210053e-05,0.0009574963478371501,False
kan,final,0,-11,5,0.00010241476411465555,5.686671283910982e-05,0.0008720754412934184,False
kan,final,0,-10,5,0.00011739182809833437,6.007245247019455e-05,0.00046088272938504815,False
kan,final,0,-9,5,8.115917444229126e-05,4.833091952605173e-05,0.0012551422696560621,False
kan,final,0,-8,5,0.00010157078213524073,4.072835872648284e-05,0.0004871463752351701,False
kan,final,0,-7,5,7.533857569796965e-05,4.32815431850031e-05,0.0006690722075290978,False
kan,final,0,-6,5,9.308941662311554e-05,3.5562530683819205e-05,0.0007727146148681641,False
kan,final,0,-5,5,7.341850141528994e-05,4.109560541110113e-05,0.0008799791103228927,False
kan,final,0,-4,5,0.00014520424883812666,6.637523620156571e-05,0.001191230257973075,False
kan,final,0,-3,5,0.00013417165610007942,4.426401210366748e-05,0.0007008022512309253,False
kan,final,0,-2,5,0.00014215703413356096,5.6491302530048415e-05,0.0009517287253402174,False
kan,final,0,-1,5,8.881562825990841e-05,3.3740117942215875e-05,0.0009866701439023018,False
kan,final,0,0,5,1.1430859177451533e-16,1.0433061644775357e-16,1.5507353466878623e-16,False
kan,final,0,1,5,8.881562825990841e-05,3.3740117942215875e-05,0.0009866701439023018,False
kan,final,0,2,5,0.00014215703413356096,5.6491302530048415e-05,0.0009517287253402174,False
kan,final,0,3,5,0.00013417165610007942,4.426401210366748e-05,0.0007008022512309253,False
kan,final,0,4,5,0.00014520424883812666,6.637523620156571e-05,0.001191230257973075,False
kan,final,0,5,5,7.341850141528994e-05,4.109560541110113e-05,0.0008799791103228927,False
kan,final,0,6,5,9.308941662311554e-05,3.5562530683819205e-05,0.0007727146148681641,False
kan,final,0,7,5,7.533857569796965e-05,4.32815431850031e-05,0.0006690722075290978,False
kan,final,0,8,5,0.00010157078213524073,4.072835872648284e-05,0.0004871463752351701,False
kan,final,0,9,5,8.115917444229126e-05,4.833091952605173e-05,0.0012551422696560621,False
kan,final,0,10,5,0.00011739182809833437,6.007245247019455e-05,0.00046088272938504815,False
kan,final,0,11,5,0.00010241476411465555,5.686671283910982e-05,0.0008720754412934184,False
kan,final,0,12,5,0.00014064340211916715,6.810032937210053e-05,0.0009574963478371501,False
kan,final,0,13,5,9.392558422405273e-05,5.1982806326122954e-05,0.000890496012289077,False
kan,final,0,14,5,5.912042615818791e-05,4.272822479833849e-05,0.0005829712608829141,False
kan,final,0,15,5,0.00018126585928257555,3.205522079952061e-05,0.0012044621398672462,False
kan,final,1,-15,5,7.652261410839856e-05,1.2483162208809517e-05,0.00032424222445115447,False
kan,final,1,-14,5,4.322375389165245e-05,1.58949987962842e-05,0.0003038716968148947,False
kan,final,1,-13,5,2.005247188208159e-05,1.21864914035541e-05,0.0001510540023446083,False
kan,final,1,-12,5,3.7810248613823205e-05,2.1693642338505015e-05,0.0004274844250176102,False
kan,final,1,-11,5,4.4138720113551244e-05,2.0413712263689376e-05,0.00018944901239592582,False
kan,final,1,-10,5,6.526336073875427e-05,3.162636494380422e-05,0.00020086891890969127,False
kan,final,1,-9,5,3.687432035803795e-05,2.1474083041539416e-05,0.0006070601521059871,False
kan,final,1,-8,5,4.386571526993066e-05,7.834715688659344e-06,0.0005457564257085323,False
kan,final,1,-7,5,8.231849642470479e-05,1.8617944078869186e-05,0.00042866187868639827,False
kan,final,1,-6,5,3.788541289395653e-05,1.2667012015299406e-05,0.0003260532976128161,False
kan,final,1,-5,5,3.9243743231054395e-05,2.02563387574628e-05,0.0004932918818667531,False
kan,final,1,-4,5,3.826050306088291e-05,1.6732448784750886e-05,0.00019439280731603503,False
kan,final,1,-3,5,7.344432378886268e-05,2.1773350454168394e-05,0.00020498392404988408,False
kan,final,1,-2,5,3.428417767281644e-05,9.766289622348268e-06,0.00034941514604724944,False
kan,final,1,-1,5,6.924713670741767e-05,2.280808985233307e-05,0.00016007837257348,False
kan,final,1,0,5,0.00020948066958226264,5.012915426050313e-05,0.0017683424521237612,False
kan,final,1,1,5,0.03224517032504082,0.02129370905458927,0.03312382474541664,True
kan,final,1,2,5,4.081609222339466e-05,1.797766708477866e-05,0.0005554681993089616,False
kan,final,1,3,5,8.891041943570599e-05,2.3178732590167783e-05,0.0002684573410078883,False
kan,final,1,4,5,4.965842890669592e-05,1.8327664292883128e-05,0.00015130605606827885,False
kan,final,1,5,5,3.965518772020005e-05,2.2221980543690734e-05,0.00045213516568765044,False
kan,final,1,6,5,5.0726474000839517e-05,9.515867532172706e-06,0.00046356365783140063,False
kan,final,1,7,5,2.9227368941064924e-05,1.3921862773713656e-05,0.0004120090452488512,False
kan,final,1,8,5,4.68284088128712e-05,8.075437108345795e-06,0.00037377484841272235,False
kan,final,1,9,5,4.8792484449222684e-05,3.4810276702046394e-05,0.00045345776015892625,False
kan,final,1,10,5,5.045152283855714e-05,1.731588963593822e-05,0.0001911968138301745,False
kan,final,1,11,5,4.3615968024823815e-05,1.7196607586811297e-05,0.0008755027665756643,False
kan,final,1,12,5,5.144230817677453e-05,1.8977309082401916e-05,0.000387448410037905,False
kan,final,1,13,5,5.042275370215066e-05,8.453303962596692e-06,0.0001732923847157508,False
kan,final,1,14,5,2.924079126387369e-05,1.6087889889604412e-05,0.00043963518692180514,False
kan,final,1,15,5,4.510030339588411e-05,1.3669425243278965e-05,0.0006750102620571852,False
kan,final,2,-15,5,5.629926090477966e-05,2.0658946596086025e-05,0.00017054453201126307,False
kan,final,2,-14,5,3.272948379162699e-05,1.3736725122726057e-05,0.00023136334493756294,False
kan,final,2,-13,5,2.9363125577219762e-05,1.5667696061427705e-05,0.00012754662020597607,False
kan,final,2,-12,5,3.744043715414591e-05,2.902909545809962e-05,0.00019771824008785188,False
kan,final,2,-11,5,4.6078905143076554e-05,2.5443676349823363e-05,0.00027105945628136396,False
kan,final,2,-10,5,3.996063242084347e-05,3.158267281833105e-05,0.00027583425980992615,False
kan,final,2,-9,5,6.887099152663723e-05,2.214886808360461e-05,0.000392303365515545,False
kan,final,2,-8,5,4.315735714044422e-05,1.8579736206447706e-05,0.00022583326790481806,False
kan,final,2,-7,5,2.7271149519947357e-05,1.6760339349275455e-05,8.057605737121776e-05,False
kan,final,2,-6,5,4.426097802934237e-05,2.013106677623e-05,0.00015551067190244794,False
kan,final,2,-5,5,3.897084025084041e-05,1.9249886463512667e-05,0.0005121267749927938,False
kan,final,2,-4,5,4.433581489138305e-05,2.3147442334447987e-05,0.0002995768445543945,False
kan,final,2,-3,5,5.250060712569393e-05,1.822277954488527e-05,0.00030463217990472913,False
kan,final,2,-2,5,3.478773942333646e-05,2.5884526621666737e-05,0.00022321290452964604,False
kan,final,2,-1,5,2.7052137738792226e-05,1.8238064512843266e-05,0.00016167372814379632,False
kan,final,2,0,5,0.00013194246275816113,6.886144547024742e-05,0.0004716136900242418,False
kan,final,2,1,5,3.792224742937833e-05,3.199054845026694e-05,0.00024988551740534604,False
kan,final,2,2,5,0.03185585141181946,0.025950096547603607,0.03262723609805107,True
kan,final,2,3,5,2.874562778742984e-05,1.6250407497864217e-05,0.0002756127796601504,False
kan,final,2,4,5,4.355908458819613e-05,3.118858512607403e-05,0.000303488050121814,False
kan,final,2,5,5,4.0900449675973505e-05,2.2757410988560878e-05,0.0003154636069666594,False
kan,final,2,6,5,2.3040569431032054e-05,1.9187333236914128e-05,0.00026077419170178473,False
kan,final,2,7,5,2.3862343368818983e-05,2.075667907774914e-05,0.00026991183403879404,False
kan,final,2,8,5,3.1553867302136496e-05,2.3383749066852033e-05,0.0002006269060075283,False
kan,final,2,9,5,5.334026718628593e-05,3.056562854908407e-05,7.876696327002719e-05,False
kan,final,2,10,5,6.28377019893378e-05,2.5423987608519383e-05,0.00014448909496422857,False
kan,final,2,11,5,4.161675678915344e-05,2.1290934455464594e-05,0.00015786950825713575,False
kan,final,2,12,5,3.5319641028763726e-05,2.6857109332922846e-05,0.00016913001309148967,False
kan,final,2,13,5,2.9434808311634697e-05,1.6251515262410976e-05,0.00021367627778090537,False
kan,final,2,14,5,3.2891930459300056e-05,2.4092450985335745e-05,0.000263297202764079,False
kan,final,2,15,5,3.669428042485379e-05,2.1623274733428843e-05,0.0001919072528835386,False
kan,final,3,-15,5,8.624587644590065e-05,1.2043296919728164e-05,0.0001749675429891795,False
kan,final,3,-14,5,7.659539551241323e-05,1.153388529928634e-05,0.00013233684876468033,False
kan,final,3,-13,5,3.0583643820136786e-05,1.2500448065111414e-05,0.00025847842334769666,False
kan,final,3,-12,5,4.704526509158313e-05,7.719921086390968e-06,0.00020367138495203108,False
kan,final,3,-11,5,5.525267624761909e-05,1.5810892364243045e-05,0.0004040022031404078,False
kan,final,3,-10,5,4.951054506818764e-05,1.143820281868102e-05,0.0002548480697441846,False
kan,final,3,-9,5,7.07570870872587e-05,1.2751276699418668e-05,0.0001966341951629147,False
kan,final,3,-8,5,4.4529060687636957e-05,8.153868293447886e-06,0.00015492875536438078,False
kan,final,3,-7,5,5.3799027227796614e-05,1.384092502121348e-05,0.00012433307711035013,False
kan,final,3,-6,5,4.1155893995892256e-05,1.3007450434088241e-05,0.00010534834291320294,False
kan,final,3,-5,5,4.366994835436344e-05,1.0327657946618274e-05,0.00010781601304188371,False
kan,final,3,-4,5,5.2435992984101176e-05,1.0679797014745418e-05,0.00012841587886214256,False
kan,final,3,-3,5,5.265035724733025e-05,7.802535037626512e-06,0.0002106973115587607,False
kan,final,3,-2,5,4.714486203738488e-05,1.599815186636988e-05,0.0002719698240980506,False
kan,final,3,-1,5,5.366690311348066e-05,1.0863372153835371e-05,0.00020703648624476045,False
kan,final,3,0,5,0.00017770420527085662,4.05309401685372e-05,0.0009761534165591002,False
kan,final,3,1,5,6.091499381000176e-05,1.4515479051624425e-05,0.0002170411462429911,False
kan,final,3,2,5,5.744890222558752e-05,1.782615618139971e-05,0.00019613298354670405,False
kan,final,3,3,5,0.032185956835746765,0.026637032628059387,0.033033404499292374,True
kan,final,3,4,5,5.529480040422641e-05,1.356417214992689e-05,0.0002149692882085219,False
kan,final,3,5,5,6.446134648285806e-05,1.4389155694516376e-05,0.00021675415337085724,False
kan,final,3,6,5,5.8953875850420445e-05,1.211490871355636e-05,0.00020210265938658267,False
kan,final,3,7,5,7.62030977057293e-05,7.46088244341081e-06,0.0001536779454909265,False
kan,final,3,8,5,7.5780953920912e-05,1.2748454537359066e-05,0.00012920952576678246,False
kan,final,3,9,5,0.00011778445332311094,1.1880300007760525e-05,0.0003349818871356547,False
kan,final,3,10,5,0.00011795815225923434,1.577672446728684e-05,0.00023175604292191565,False
kan,final,3,11,5,4.029725823784247e-05,1.0134600415767636e-05,0.00047284556785598397,False
kan,final,3,12,5,4.724307291326113e-05,1.3479256267601158e-05,8.483593410346657e-05,False
kan,final,3,13,5,2.906389818235766e-05,1.0888439646805637e-05,0.0001178979582618922,False
kan,final,3,14,5,3.948733865399845e-05,6.5982271735265385e-06,0.00011335818271618336,False
kan,final,3,15,5,5.9057761973235756e-05,9.236052392225247e-06,0.0001587583974469453,False
kan,final,4,-15,5,2.9080874810460955e-05,1.0824159289768431e-05,0.00031649201991967857,False
kan,final,4,-14,5,3.6560388252837583e-05,1.1239118975936435e-05,0.00033816532231867313,False
kan,final,4,-13,5,2.6124736905330792e-05,1.4887029465171508e-05,0.0002174465189455077,False
kan,final,4,-12,5,4.123357211938128e-05,1.4671260032628197e-05,0.0007877942989580333,False
kan,final,4,-11,5,2.6513942430028692e-05,1.33861694848747e-05,0.00041103712283074856,False
kan,final,4,-10,5,8.382087980862707e-05,2.538213084335439e-05,0.00043823328451253474,False
kan,final,4,-9,5,5.028795567341149e-05,1.9385401174076833e-05,0.0009693571482785046,False
kan,final,4,-8,5,2.6617044568411075e-05,5.997006610414246e-06,0.0006433269591070712,False
kan,final,4,-7,5,3.28525056829676e-05,1.1713424100889824e-05,0.0005716478335671127,False
kan,final,4,-6,5,2.8090167688787915e-05,1.3055500858172309e-05,0.0003151850833091885,False
kan,final,4,-5,5,3.1852196116233245e-05,1.5535990314674564e-05,0.000599668943323195,False
kan,final,4,-4,5,2.4565479179727845e-05,1.7375366951455362e-05,0.0003646909608505666,False
kan,final,4,-3,5,6.505470082629472e-05,1.2154949217801914e-05,0.00012569091632030904,False
kan,final,4,-2,5,3.061219467781484e-05,1.0307826414646115e-05,0.000271123688435182,False
kan,final,4,-1,5,2.0154902813374065e-05,1.1701700714183971e-05,0.00014924038259778172,False
kan,final,4,0,5,0.00010243927681585774,6.57615382806398e-05,0.001429117750376463,False
kan,final,4,1,5,3.595602174755186e-05,1.7726582882460207e-05,0.00036255078157410026,False
kan,final,4,2,5,3.5229826607974246e-05,1.6269270417978987e-05,0.00018692640878725797,False
kan,final,4,3,5,2.8271495466469787e-05,6.7898740780947264e-06,0.0003720866807270795,False
kan,final,4,4,5,0.0325724333524704,0.015746887773275375,0.03287728875875473,True
kan,final,4,5,5,3.0248373150243424e-05,9.976214641937986e-06,0.000498230685479939,False
kan,final,4,6,5,4.087832348886877e-05,1.6767697161412798e-05,0.00034789060009643435,False
kan,final,4,7,5,3.5245113394921646e-05,1.1872009054059163e-05,0.0003965687064919621,False
kan,final,4,8,5,2.7135794880450703e-05,8.56294445839012e-06,0.0002363215753575787,False
kan,final,4,9,5,2.7281803340883926e-05,1.7803740774979815e-05,0.0002807254495564848,False
kan,final,4,10,5,3.0566905479645357e-05,2.6877880372921936e-05,0.000238533946685493,False
kan,final,4,11,5,2.765906356216874e-05,2.4584065613453276e-05,0.0005745686939917505,False
kan,final,4,12,5,2.805836447805632e-05,2.2341948351822793e-05,0.0003497264115139842,False
kan,final,4,13,5,3.44124564435333e-05,1.59734863700578e-05,0.00024559456505812705,False
kan,final,4,14,5,2.1475130779435858e-05,1.281934692087816e-05,0.0002545664901845157,False
kan,final,4,15,5,2.5528172045596875e-05,1.5933204849716276e-05,0.0004911866271868348,False
kan,final,5,-15,5,5.25032592122443e-05,7.255611762957415e-06,0.00020779576152563095,False
kan,final,5,-14,5,3.599826595745981e-05,2.347923509660177e-05,0.0003052437386941165,False
kan,final,5,-13,5,2.860708991647698e-05,1.1595101568673272e-05,6.174112786538899e-05,False
kan,final,5,-12,5,4.187294689472765e-05,3.755532452487387e-05,0.00014208645734470338,False
kan,final,5,-11,5,2.688584936549887e-05,2.3525299184257165e-05,0.0001331830571871251,False
kan,final,5,-10,5,7.050289423204958e-05,2.6262738174409606e-05,0.000460051407571882,False
kan,final,5,-9,5,2.8036318326485343e-05,1.7640808437136002e-05,0.0004019152547698468,False
kan,final,5,-8,5,2.4589713575551286e-05,1.4689679119328503e-05,0.00022501089551951736,False
kan,final,5,-7,5,3.1164036045083776e-05,2.128802407241892e-05,0.0001607434533070773,False
kan,final,5,-6,5,3.0487577532767318e-05,6.647747795796022e-06,0.0003883560420945287,False
kan,final,5,-5,5,6.724472768837586e-05,1.3659958312928211e-05,0.0005303013022057712,False
kan,final,5,-4,5,4.397520388010889e-05,2.400145967840217e-05,0.00021823710994794965,False
kan,final,5,-3,5,3.334013308631256e-05,2.1315758203854784e-05,0.00016248226165771484,False
kan,final,5,-2,5,4.2537903937045485e-05,1.193858861370245e-05,0.0003274366317782551,False
kan,final,5,-1,5,3.746529546333477e-05,1.5058791177580133e-05,0.0002963217266369611,False
kan,final,5,0,5,0.00010342618043068796,4.211648047203198e-05,0.0007252118666656315,False
kan,final,5,1,5,3.859766002278775e-05,1.9670333131216466e-05,0.0004485030076466501,False
kan,final,5,2,5,3.806974200415425e-05,1.2330850950093009e-05,0.00022762987646274269,False
kan,final,5,3,5,8.513971988577396e-05,1.2787698324245866e-05,0.00011715859000105411,False
kan,final,5,4,5,5.0607592129381374e-05,1.0831874533323571e-05,0.00013196741929277778,False
kan,final,5,5,5,0.032247669994831085,0.027397936210036278,0.03292813152074814,True
kan,final,5,6,5,4.235579035594128e-05,1.241181689692894e-05,0.00047557573998346925,False
kan,final,5,7,5,3.0058105039643124e-05,1.4197742530086543e-05,0.00019992704619653523,False
kan,final,5,8,5,4.426047235028818e-05,1.6404837879235856e-05,0.00016425258945673704,False
kan,final,5,9,5,2.8789327188860625e-05,1.7922513507073745e-05,0.00032086236751638353,False
kan,final,5,10,5,0.0001400156324962154,4.097261626156978e-05,0.00029838114278391004,False
kan,final,5,11,5,2.391295311099384e-05,1.1417766472732183e-05,0.0001663213042775169,False
kan,final,5,12,5,4.53049797215499e-05,2.8020022000418976e-05,0.0001677686523180455,False
kan,final,5,13,5,2.374916584813036e-05,1.2638918633456342e-05,0.0001819150784285739,False
kan,final,5,14,5,1.8788208762998693e-05,1.1969602383032907e-05,0.000417910487158224,False
kan,final,5,15,5,4.238349720253609e-05,1.0574933185125701e-05,0.0005009524757042527,False
kan,final,6,-15,5,8.381452789762989e-05,8.868131772032939e-06,0.00012505210179369897,False
kan,final,6,-14,5,7.345342601183802e-05,1.4459510566666722e-05,0.00026775061269290745,False
kan,final,6,-13,5,4.3728425225708634e-05,1.4304691831057426e-05,0.00014462042599916458,False
kan,final,6,-12,5,4.0269005694426596e-05,2.5019460736075416e-05,0.0002842354297172278,False
kan,final,6,-11,5,6.85446648276411e-05,2.270743607368786e-05,0.00024201614724006504,False
kan,final,6,-10,5,0.00013462809147313237,2.7567451979848556e-05,0.00026252775569446385,False
kan,final,6,-9,5,7.665019074920565e-05,3.238791032345034e-05,0.0003609356645029038,False
kan,final,6,-8,5,0.00017669374938122928,9.062061508302577e-06,0.00047024808009155095,False
kan,final,6,-7,5,5.65658338018693e-05,1.885722485894803e-05,0.00041186800808645785,False
kan,final,6,-6,5,8.301375055452809e-05,7.241886578412959e-06,0.0003111553087364882,False
kan,final,6,-5,5,7.190930773504078e-05,2.4192428099922836e-05,0.00036739156348630786,False
kan,final,6,-4,5,4.462559081730433e-05,9.368730388814583e-06,0.0002492257335688919,False
kan,final,6,-3,5,0.00011767790419980884,1.404318209097255e-05,0.0001432941062375903,False
kan,final,6,-2,5,3.0322171369334683e-05,1.4193123206496239e-05,0.0003214655735064298,False
kan,final,6,-1,5,0.0001253397058462724,1.2564942153403535e-05,0.00017165299504995346,False
kan,final,6,0,5,0.00016376095300074667,8.699115278432146e-05,0.0005131305078975856,False
kan,final,6,1,5,9.323428093921393e-05,8.472669833281543e-06,0.00026970438193529844,False
kan,final,6,2,5,7.335431291721761e-05,1.2158074241597205e-05,0.00013410781684797257,False
kan,final,6,3,5,0.0001178859020001255,2.3239739675773308e-05,0.00015266875561792403,False
kan,final,6,4,5,6.0199399740668014e-05,1.005439116852358e-05,0.00026801525382325053,False
kan,final,6,5,5,5.910628169658594e-05,1.1770478522521444e-05,0.000518399232532829,False
kan,final,6,6,5,0.03073873743414879,0.026480793952941895,0.03242677077651024,True
kan,final,6,7,5,6.2364932091441e-05,1.1947303391934838e-05,0.00030795001657679677,False
kan,final,6,8,5,0.00015077280113473535,1.3891663002141286e-05,0.0003313404740765691,False
kan,final,6,9,5,0.0001193542339024134,2.8576088880072348e-05,0.0003813739458564669,False
kan,final,6,10,5,0.00013882455823477358,2.4735823899391107e-05,0.00016527980915270746,False
kan,final,6,11,5,7.953259046189487e-05,2.4312734240083955e-05,0.0002978555276058614,False
kan,final,6,12,5,5.699151734006591e-05,2.7936948754359037e-05,0.000200374866835773,False
kan,final,6,13,5,3.7529334804276004e-05,1.2432309631549288e-05,0.00013630709145218134,False
kan,final,6,14,5,5.8652185543905944e-05,7.803600055922288e-06,0.00032190894125960767,False
kan,final,6,15,5,5.470885298564099e-05,1.0752562957350165e-05,0.00043140287743881345,False
kan,final,7,-15,5,5.812159724882804e-05,7.767391252855305e-06,0.00033534885733388364,False
kan,final,7,-14,5,2.7942633096245117e-05,8.267878001788631e-06,0.00018913747044280171,False
kan,final,7,-13,5,2.378231511102058e-05,1.4844027646176983e-05,9.370807674713433e-05,False
kan,final,7,-12,5,2.2393549443222582e-05,2.0093573766644113e-05,0.00011837794590974227,False
kan,final,7,-11,5,3.922508767573163e-05,3.339024988235906e-05,0.0004202545096632093,False
kan,final,7,-10,5,8.607863128418103e-05,3.434075551922433e-05,0.00015662267105653882,False
kan,final,7,-9,5,3.6569919757312164e-05,2.21875925490167e-05,0.0003685920382849872,False
kan,final,7,-8,5,3.179021950927563e-05,1.0014594408858102e-05,0.00021931709488853812,False
kan,final,7,-7,5,5.5195330787682906e-05,1.1074302165070549e-05,0.0002746602986007929,False
kan,final,7,-6,5,4.4744767365045846e-05,8.976102435553912e-06,6.588562246179208e-05,False
kan,final,7,-5,5,6.158585892990232e-05,1.0758109056041576e-05,0.00022130357683636248,False
kan,final,7,-4,5,5.285118822939694e-05,5.770509233116172e-06,0.00022086594253778458,False
kan,final,7,-3,5,2.9161392376408912e-05,2.1849540644325316e-05,0.00010882291098823771,False
kan,final,7,-2,5,4.8302728828275576e-05,8.83514167071553e-06,8.553006773581728e-05,False
kan,final,7,-1,5,4.6315799409057945e-05,1.4458414625551086e-05,0.00016196239448618144,False
kan,final,7,0,5,0.00010146176646230742,7.004942744970322e-05,0.00028340116841718554,False
kan,final,7,1,5,3.626922989496961e-05,1.5905607142485678e-05,0.00018685642862692475,False
kan,final,7,2,5,5.094028892926872e-05,1.2777719348378014e-05,0.00011370558058843017,False
kan,final,7,3,5,8.169841021299362e-05,2.0683795810327865e-05,8.781732321949676e-05,False
kan,final,7,4,5,3.664629548438825e-05,9.489957847108599e-06,0.0001657389511819929,False
kan,final,7,5,5,4.973929753759876e-05,2.0502622646745294e-05,0.0002609999501146376,False
kan,final,7,6,5,3.820515485131182e-05,1.616140980331693e-05,6.011792356730439e-05,False
kan,final,7,7,5,0.032828252762556076,0.023977769538760185,0.03296126797795296,True
kan,final,7,8,5,3.528532033669762e-05,1.7966189261642285e-05,0.00021832426136825234,False
kan,final,7,9,5,8.492885535815731e-05,2.6565510779619217e-05,0.0001438555191271007,False
kan,final,7,10,5,9.251105802832171e-05,1.715524740575347e-05,0.00016105908434838057,False
kan,final,7,11,5,4.1877567127812654e-05,2.054091055470053e-05,0.00020766336820088327,False
kan,final,7,12,5,3.561564881238155e-05,2.8011176254949532e-05,0.00017634152027312666,False
kan,final,7,13,5,4.3249252485111356e-05,1.727353264868725e-05,0.00012455832620617002,False
kan,final,7,14,5,1.8751499737845734e-05,1.145836813520873e-05,0.00014077062951400876,False
kan,final,7,15,5,4.720298238680698e-05,1.0003018360293936e-05,0.00013408278755377978,False
kan,final,8,-15,5,3.4612145100254565e-05,6.123294042481575e-06,0.00019771642109844834,False
kan,final,8,-14,5,2.69170541287167e-05,1.2712115676549729e-05,0.00022208693553693593,False
kan,final,8,-13,5,2.7840134862344712e-05,1.2249000064912252e-05,0.0001263754820683971,False
kan,final,8,-12,5,3.970873149228282e-05,2.1662504877895117e-05,0.0002500376140233129,False
kan,final,8,-11,5,3.5649882192956284e-05,2.924529508163687e-05,8.346407412318513e-05,False
kan,final,8,-10,5,0.0001344425545539707,2.7911011784453876e-05,0.0002716032031457871,False
kan,final,8,-9,5,3.957480294047855e-05,2.185508310503792e-05,0.00013931107241660357,False
kan,final,8,-8,5,2.0581577700795606e-05,1.0268538062518928e-05,0.0003711046592798084,False
kan,final,8,-7,5,2.489596045052167e-05,1.767049980117008e-05,0.00026619102573022246,False
kan,final,8,-6,5,3.4844088077079505e-05,1.9676010197144933e-05,0.00031479340395890176,False
kan,final,8,-5,5,3.9446564187528566e-05,1.11085446405923e-05,0.00017703439516481012,False
kan,final,8,-4,5,4.8217571020359173e-05,1.0649728210410103e-05,0.0002245467039756477,False
kan,final,8,-3,5,0.00019672092457767576,2.203547592216637e-05,0.00034936523297801614,False
kan,final,8,-2,5,4.203977368888445e-05,1.0917920917563606e-05,0.00013367010978981853,False
kan,final,8,-1,5,3.862166340695694e-05,2.140635479008779e-05,0.00021997316798660904,False
kan,final,8,0,5,0.00021111599926371127,3.9808048313716426e-05,0.0008285637013614178,False
kan,final,8,1,5,3.8221882277866825e-05,7.954465218062978e-06,0.00014356794417835772,False
kan,final,8,2,5,4.257982800481841e-05,1.2289163350942545e-05,0.00010723747982410714,False
kan,final,8,3,5,4.635196091840044e-05,2.0296181901358068e-05,0.00017470352759119123,False
kan,final,8,4,5,3.291096800239757e-05,1.2683251043199562e-05,0.00017024565022438765,False
kan,final,8,5,5,4.136132338317111e-05,1.4659359294455498e-05,0.0002313132572453469,False
kan,final,8,6,5,4.250722849974409e-05,1.4096133782004472e-05,0.0003505260101519525,False
kan,final,8,7,5,9.137355664279312e-05,1.2546826837933622e-05,0.00020794315787497908,False
kan,final,8,8,5,0.0314464271068573,0.020471269264817238,0.03307623416185379,True
kan,final,8,9,5,4.890422860626131e-05,2.134298483724706e-05,0.0003288226725999266,False
kan,final,8,10,5,0.00010238491813652217,1.9440225514699705e-05,0.0006118176388554275,False
kan,final,8,11,5,5.311519271344878e-05,2.3277991203940473e-05,8.892847836250439e-05,False
kan,final,8,12,5,2.7869775294675492e-05,1.8507285858504474e-05,0.00014307277160696685,False
kan,final,8,13,5,2.0569794287439436e-05,1.2837430404033512e-05,7.824737986084074e-05,False
kan,final,8,14,5,2.4716930056456476e-05,1.9143177269143052e-05,0.0002506088057998568,False
kan,final,8,15,5,6.198682240210474e-05,9.924274309014436e-06,0.0003421058354433626,False
kan,final,9,-15,5,6.766575097572058e-05,1.5890112990746275e-05,0.00013838583254255354,False
kan,final,9,-14,5,2.932024290203117e-05,1.1635136615950614e-05,0.00015846925089135766,False
kan,final,9,-13,5,4.9982550990534946e-05,1.3309299902175553e-05,0.0003047734498977661,False
kan,final,9,-12,5,2.6468098440091126e-05,1.4090863260207698e-05,9.50400935835205e-05,False
kan,final,9,-11,5,5.6105149269569665e-05,2.930301707237959e-05,0.00033492749207653105,False
kan,final,9,-10,5,5.500536281033419e-05,1.9239614630350843e-05,0.0004876747552771121,False
kan,final,9,-9,5,5.040681207901798e-05,1.7714084606268443e-05,0.000285660004010424,False
kan,final,9,-8,5,1.896491266961675e-05,1.579553645569831e-05,0.00023057828366290778,False
kan,final,9,-7,5,4.814382191398181e-05,9.375798981636763e-06,0.00019967624393757433,False
kan,final,9,-6,5,3.765298242797144e-05,8.284920113510452e-06,0.0003280622186139226,False
kan,final,9,-5,5,5.1064394938293844e-05,2.5930094125214964e-05,0.000377055024728179,False
kan,final,9,-4,5,4.1085684642894194e-05,2.4153148842742667e-05,0.0004302823217585683,False
kan,final,9,-3,5,6.222193042049184e-05,1.525214611319825e-05,0.00021477841073647141,False
kan,final,9,-2,5,4.507850462687202e-05,2.1121350073372014e-05,0.0002216381544712931,False
kan,final,9,-1,5,5.195368794375099e-05,1.7770495105651207e-05,0.00020257281721569598,False
kan,final,9,0,5,0.00011400808580219746,7.821543840691447e-05,0.0011414244072511792,False
kan,final,9,1,5,3.2922314858296886e-05,1.943386632774491e-05,0.00022695558436680585,False
kan,final,9,2,5,5.432772741187364e-05,1.7737056623445824e-05,0.00023162897559814155,False
kan,final,9,3,5,0.00010570302401902154,1.3743326235271525e-05,0.00016254725051112473,False
kan,final,9,4,5,3.6735087633132935e-05,2.589785071904771e-05,0.0002674768038559705,False
kan,final,9,5,5,5.4811916925245896e-05,1.715252801659517e-05,0.00013545095862355083,False
kan,final,9,6,5,7.276367250597104e-05,3.0451143175014295e-05,0.0003342517593409866,False
kan,final,9,7,5,7.120693771867082e-05,8.937722668633796e-06,0.0002607528876978904,False
kan,final,9,8,5,6.255968037294224e-05,1.0520741852815263e-05,0.00021009065676480532,False
kan,final,9,9,5,0.03271786496043205,0.02610148675739765,0.03307599574327469,True
kan,final,9,10,5,5.415264604380354e-05,3.48240282619372e-05,0.00024257419863715768,False
kan,final,9,11,5,3.591258791857399e-05,1.854796937550418e-05,0.0001318392314715311,False
kan,final,9,12,5,8.506975427735597e-05,1.3702398973691743e-05,0.00014620380534324795,False
kan,final,9,13,5,6.596090679522604e-05,8.282593626063317e-06,0.00011004133557435125,False
kan,final,9,14,5,2.2604826881433837e-05,1.2655740647460334e-05,0.00010825297067640349,False
kan,final,9,15,5,4.804498530575074e-05,1.3979187315271702e-05,0.00015606421220581979,False
kan,final,10,-15,5,6.828763434896246e-05,1.03428556030849e-05,0.00023264552874024957,False
kan,final,10,-14,5,2.208638943557162e-05,1.783839070412796e-05,0.0004389184759929776,False
kan,final,10,-13,5,4.084926695213653e-05,1.5047489796415903e-05,0.0001080897927749902,False
kan,final,10,-12,5,3.1314906664192677e-05,1.3183324881538283e-05,0.0002052652125712484,False
kan,final,10,-11,5,4.0155438910005614e-05,3.0246244932641275e-05,0.00047441781498491764,False
kan,final,10,-10,5,8.202453318517655e-05,1.9917279132641852e-05,0.00037806908949278295,False
kan,final,10,-9,5,3.169683623127639e-05,2.2276128220255487e-05,0.00041214015800505877,False
kan,final,10,-8,5,3.3405813155695796e-05,1.9250923287472688e-05,0.0006346231675706804,False
kan,final,10,-7,5,5.803376552648842e-05,2.1003415895393118e-05,0.00010642904817359522,False
kan,final,10,-6,5,2.999967364303302e-05,1.7478761947131716e-05,0.00025872705737128854,False
kan,final,10,-5,5,5.041999611421488e-05,2.4176046281354502e-05,0.00048229139065369964,False
kan,final,10,-4,5,3.307894439785741e-05,1.7077834854717366e-05,0.00036549888318404555,False
kan,final,10,-3,5,7.003772770985961e-05,1.3116407899360638e-05,0.0001792807743186131,False
kan,final,10,-2,5,3.4187276469310746e-05,8.386765330214985e-06,0.00014180410653352737,False
kan,final,10,-1,5,2.9683664251933806e-05,7.736322913842741e-06,0.00037415698170661926,False
kan,final,10,0,5,0.000161952935741283,5.653173866448924e-05,0.0006933230324648321,False
kan,final,10,1,5,3.452553573879413e-05,1.4866162928228732e-05,0.00022842046746518463,False
kan,final,10,2,5,2.6573137802188285e-05,1.0847281373571604e-05,0.00030192729900591075,False
kan,final,10,3,5,0.00010917167674051598,1.2928581782034598e-05,0.00023576148669235408,False
kan,final,10,4,5,3.145351729472168e-05,1.0143475265067536e-05,0.00013341661542654037,False
kan,final,10,5,5,3.815905438386835e-05,9.314667295257095e-06,0.00039092410588636994,False
kan,final,10,6,5,4.390613685245626e-05,3.1507686799159274e-05,0.0002670379471965134,False
kan,final,10,7,5,1.4150561582937371e-05,1.1425292541389354e-05,0.0004202642885502428,False
kan,final,10,8,5,4.7447876568185166e-05,9.85117003438063e-06,0.00013000296894460917,False
kan,final,10,9,5,3.9582464523846284e-05,1.7543819922138937e-05,0.0001878648326965049,False
kan,final,10,10,5,0.027847805991768837,0.014292857609689236,0.0317893885076046,True
kan,final,10,11,5,3.044489312742371e-05,1.8136415746994317e-05,9.278465586248785e-05,False
kan,final,10,12,5,4.453619840205647e-05,1.6713385775801726e-05,0.00018884868768509477,False
kan,final,10,13,5,5.471526674227789e-05,2.652508374012541e-05,0.00019335253455210477,False
kan,final,10,14,5,2.1395795556600206e-05,1.4415887562790886e-05,0.0002562380104791373,False
kan,final,10,15,5,5.432793477666564e-05,1.4053131053515244e-05,0.00017354679584968835,False
kan,final,11,-15,5,4.530886508291587e-05,1.4315276530396659e-05,0.00014303690113592893,False
kan,final,11,-14,5,2.6004272513091564e-05,1.1344532140356023e-05,0.00017329867114312947,False
kan,final,11,-13,5,4.099422585568391e-05,2.3824561139917932e-05,8.567272016080096e-05,False
kan,final,11,-12,5,4.526088741840795e-05,2.4737983039813116e-05,0.00010309356002835557,False
kan,final,11,-11,5,3.9885180740384385e-05,1.973644975805655e-05,0.0002851264434866607,False
kan,final,11,-10,5,6.241624942049384e-05,2.3077447622199543e-05,0.00023823989613447338,False
kan,final,11,-9,5,5.126192991156131e-05,2.809079705912154e-05,0.00023882079403847456,False
kan,final,11,-8,5,3.79601915483363e-05,1.7109668988268822e-05,0.00020265375496819615,False
kan,final,11,-7,5,3.714698686962947e-05,2.1500491129700094e-05,0.00014067170559428632,False
kan,final,11,-6,5,4.3987885874230415e-05,7.18856654202682e-06,0.00011748517135856673,False
kan,final,11,-5,5,3.13754499075003e-05,1.7791535356082022e-05,0.00025542121147736907,False
kan,final,11,-4,5,3.909809311153367e-05,1.979230364668183e-05,0.00023707585933152586,False
kan,final,11,-3,5,6.990445399424061e-05,1.7029729860951193e-05,9.078627044800669e-05,False
kan,final,11,-2,5,3.219595964765176e-05,2.1103582184878178e-05,0.00016319745918735862,False
kan,final,11,-1,5,4.860758053837344e-05,1.8140883184969425e-05,0.0001668795885052532,False
kan,final,11,0,5,7.737897976767272e-05,5.2931740356143564e-05,0.0005868990556336939,False
kan,final,11,1,5,5.758689803769812e-05,1.7678745280136354e-05,0.000298039783956483,False
kan,final,11,2,5,3.499446756904945e-05,2.8673408451140858e-05,0.00016985725960694253,False
kan,final,11,3,5,7.13742192601785e-05,1.6709316696505994e-05,7.85499723860994e-05,False
kan,final,11,4,5,4.961531885783188e-05,2.084186053252779e-05,0.00018486160843167454,False
kan,final,11,5,5,3.7997921026544645e-05,1.3499738088285085e-05,0.00014630056102760136,False
kan,final,11,6,5,4.856870509684086e-05,1.097426957130665e-05,0.00012381655687931925,False
kan,final,11,7,5,4.227055251249112e-05,2.5064911824301817e-05,6.190638669067994e-05,False
kan,final,11,8,5,3.234222094761208e-05,1.3502902220352553e-05,0.00011025487765436992,False
kan,final,11,9,5,4.932984302286059e-05,1.7113270587287843e-05,0.00010736426338553429,False
kan,final,11,10,5,3.7672223697882146e-05,1.552271169202868e-05,0.00011481090768938884,False
kan,final,11,11,5,0.03255549073219299,0.022887110710144043,0.032868605107069016,True
kan,final,11,12,5,3.316255970275961e-05,1.9437009541434236e-05,0.00017688906518742442,False
kan,final,11,13,5,4.026954775326885e-05,2.45270330196945e-05,7.53510685171932e-05,False
kan,final,11,14,5,2.9297527362359688e-05,2.1687870685127564e-05,0.0002922783314716071,False
kan,final,11,15,5,4.6177086915122345e-05,1.8225016901851632e-05,0.0003093629202339798,False
kan,final,12,-15,5,6.594978185603395e-05,9.457318810746074e-06,0.0001837352174334228,False
kan,final,12,-14,5,4.110635563847609e-05,6.999461675150087e-06,9.505668276688084e-05,False
kan,final,12,-13,5,5.1587932830443606e-05,1.3710874554817565e-05,0.0001250144705409184,False
kan,final,12,-12,5,3.135350561933592e-05,2.2941656425246038e-05,0.0004522105446085334,False
kan,final,12,-11,5,4.4571017497219145e-05,1.503875228081597e-05,0.00018289501895196736,False
kan,final,12,-10,5,4.670647831517272e-05,2.3446504201274365e-05,0.0006249841535463929,False
kan,final,12,-9,5,5.5200547649292275e-05,2.848782060027588e-05,0.0001685752795310691,False
kan,final,12,-8,5,3.8703277823515236e-05,1.1323973922117148e-05,0.0006535261054523289,False
kan,final,12,-7,5,3.404593371669762e-05,1.8615861336002126e-05,0.0006900671869516373,False
kan,final,12,-6,5,3.694082624861039e-05,1.8106442439602688e-05,0.0002288894756929949,False
kan,final,12,-5,5,3.948722951463424e-05,9.228680937667377e-06,0.0003609414561651647,False
kan,final,12,-4,5,7.908327097538859e-05,1.1422565876273438e-05,0.0004781539901159704,False
kan,final,12,-3,5,7.423615898005664e-05,2.2058728063711897e-05,0.00018671454745344818,False
kan,final,12,-2,5,3.0543702450813726e-05,1.3036340533290058e-05,0.00021547045616898686,False
kan,final,12,-1,5,2.0868821593467146e-05,1.9999277355964296e-05,0.00017825553368311375,False
kan,final,12,0,5,0.00012343755224719644,6.12667718087323e-05,0.0018958670552819967,False
kan,final,12,1,5,4.040116982650943e-05,1.4318819921754766e-05,0.00015377800446003675,False
kan,final,12,2,5,3.5185585147701204e-05,1.620168040972203e-05,0.00041531524038873613,False
kan,final,12,3,5,0.0001075475593097508,1.2077876817784272e-05,0.0003566585364751518,False
kan,final,12,4,5,4.348067886894569e-05,9.377350579597987e-06,0.0005103035946376622,False
kan,final,12,5,5,4.666985842050053e-05,9.822240826906636e-06,0.00013884398504160345,False
kan,final,12,6,5,7.675452070543543e-05,5.036231868871255e-06,0.00010826967627508566,False
kan,final,12,7,5,5.395873085944913e-05,1.1138321497128345e-05,0.00023194646928459406,False
kan,final,12,8,5,3.585289232432842e-05,2.29960660362849e-05,0.0003063571930397302,False
kan,final,12,9,5,4.067185363965109e-05,2.6043579055112787e-05,0.00028919539181515574,False
kan,final,12,10,5,4.041131978738122e-05,1.4719248611072544e-05,0.00036051261122338474,False
kan,final,12,11,5,5.2030853112228215e-05,3.453484532656148e-05,0.0002669792156666517,False
kan,final,12,12,5,0.0324576310813427,0.026096653193235397,0.03299133852124214,True
kan,final,12,13,5,3.054698754567653e-05,9.674015018390492e-06,0.00012203627557028085,False
kan,final,12,14,5,2.9178430850151926e-05,1.1171870028192643e-05,0.000288846786133945,False
kan,final,12,15,5,4.186865044175647e-05,6.647707323281793e-06,0.000281956308754161,False
kan,final,13,-15,5,4.687380351242609e-05,1.7887847207020968e-05,0.0004521029186435044,False
kan,final,13,-14,5,3.224859756301157e-05,1.9171526218997315e-05,0.0002997016708832234,False
kan,final,13,-13,5,2.7320451408741064e-05,1.4403156455955468e-05,7.24572892067954e-05,False
kan,final,13,-12,5,3.560631739674136e-05,3.060486778849736e-05,0.0003416209074202925,False
kan,final,13,-11,5,3.429312346270308e-05,2.200982635258697e-05,0.0002174554974772036,False
kan,final,13,-10,5,3.4387485357001424e-05,2.5634037228883244e-05,0.00019023354980163276,False
kan,final,13,-9,5,7.538397039752454e-05,1.3372669855016284e-05,0.000493473606184125,False
kan,final,13,-8,5,2.6492669348954223e-05,1.4738467143615708e-05,0.00040854219696484506,False
kan,final,13,-7,5,2.814672734530177e-05,1.1143543815705925e-05,0.0003642491647042334,False
kan,final,13,-6,5,2.50086795858806e-05,1.1565961358428467e-05,0.0002730739943217486,False
kan,final,13,-5,5,3.3048771001631394e-05,1.7323996871709824e-05,0.00043324619764462113,False
kan,final,13,-4,5,4.0593065932625905e-05,1.1565428394533228e-05,0.00037629276630468667,False
kan,final,13,-3,5,4.7148310841294006e-05,2.292064527864568e-05,0.0002518074761610478,False
kan,final,13,-2,5,4.378636731416918e-05,1.4706866750202607e-05,0.00017033582844305784,False
kan,final,13,-1,5,4.416982119437307e-05,2.7012700229533948e-05,0.00020773877622559667,False
kan,final,13,0,5,0.00012790935579687357,3.815853051492013e-05,0.0011636533308774233,False
kan,final,13,1,5,3.0202460038708523e-05,2.0442614186322317e-05,0.00017114858201239258,False
kan,final,13,2,5,4.563999391393736e-05,1.3185516763769556e-05,0.0004980937810614705,False
kan,final,13,3,5,4.673931107390672e-05,1.5407980754389428e-05,0.0001293180393986404,False
kan,final,13,4,5,5.924703145865351e-05,3.4091684938175604e-05,0.00046857286361046135,False
kan,final,13,5,5,4.2053718061652035e-05,1.2765023711835966e-05,0.0003280163218732923,False
kan,final,13,6,5,3.3537708077346906e-05,8.386228728340939e-06,0.0002484510187059641,False
kan,final,13,7,5,3.759977698791772e-05,1.7756961824488826e-05,0.0003480469749774784,False
kan,final,13,8,5,5.285313454805873e-05,1.839966898842249e-05,0.000682671379763633,False
kan,final,13,9,5,2.9856377295800485e-05,1.897849142551422e-05,0.00037875116686336696,False
kan,final,13,10,5,8.37574916658923e-05,1.857684037531726e-05,0.0003643660747911781,False
kan,final,13,11,5,3.21236475429032e-05,2.4504073735442944e-05,0.0007778530707582831,False
kan,final,13,12,5,4.069602437084541e-05,2.9557479138020426e-05,0.0004269579949323088,False
kan,final,13,13,5,0.031714655458927155,0.022183703258633614,0.032975804060697556,True
kan,final,13,14,5,3.853722591884434e-05,1.5066481864778325e-05,0.00027759248041547835,False
kan,final,13,15,5,4.706927575170994e-05,1.2907977179565933e-05,0.0005276110023260117,False
kan,final,14,-15,5,5.608004721580073e-05,7.89429213909898e-06,0.00021497500711120665,False
kan,final,14,-14,5,2.1417696189018898e-05,7.400838512694463e-06,0.00035893352469429374,False
kan,final,14,-13,5,2.366638364037499e-05,1.0492727597011253e-05,9.582471830071881e-05,False
kan,final,14,-12,5,3.2343687053071335e-05,2.0534065697574988e-05,0.0001352913532173261,False
kan,final,14,-11,5,4.206119410810061e-05,2.0422541638254188e-05,0.00011381869262550026,False
kan,final,14,-10,5,6.272162136156112e-05,1.2123777196393348e-05,0.00015669285494368523,False
kan,final,14,-9,5,4.361048559076153e-05,1.3326141925062984e-05,0.0004795166023541242,False
kan,final,14,-8,5,1.4323078175948467e-05,5.5088808039727155e-06,0.000258563639363274,False
kan,final,14,-7,5,3.075797212659381e-05,1.3947742445452604e-05,0.00030025330488570035,False
kan,final,14,-6,5,2.9252074455143884e-05,1.0424907486594748e-05,0.0001666517200646922,False
kan,final,14,-5,5,4.376045035314746e-05,1.3008097994315904e-05,0.0003866422630380839,False
kan,final,14,-4,5,2.3803833755664527e-05,1.65436758834403e-05,0.0005706162774004042,False
kan,final,14,-3,5,3.355881926836446e-05,1.4732730960531626e-05,0.00031830850639380515,False
kan,final,14,-2,5,4.269336932338774e-05,2.5288665710831992e-05,0.00023559408145956695,False
kan,final,14,-1,5,2.0568100808304735e-05,1.0864964679058176e-05,0.00021257872867863625,False
kan,final,14,0,5,0.00016136043996084481,4.922560037812218e-05,0.0009631538414396346,False
kan,final,14,1,5,3.155093145323917e-05,1.3245708942122292e-05,0.0001932992454385385,False
kan,final,14,2,5,3.138439205940813e-05,1.0481027857167646e-05,0.0003895826230291277,False
kan,final,14,3,5,5.845318446517922e-05,1.1089053259638604e-05,0.00025387172354385257,False
kan,final,14,4,5,3.6761593946721405e-05,2.20310284930747e-05,0.0002323105582036078,False
kan,final,14,5,5,3.576020390028134e-05,6.693665000057081e-06,0.00041562606929801404,False
kan,final,14,6,5,3.075080530834384e-05,1.0247862519463524e-05,0.0005216918070800602,False
kan,final,14,7,5,4.174633068032563e-05,1.668352160777431e-05,9.27053697523661e-05,False
kan,final,14,8,5,3.2629544875817373e-05,7.157063009799458e-06,0.0001197000383399427,False
kan,final,14,9,5,4.056440957356244e-05,2.748688893916551e-05,0.0001638837275095284,False
kan,final,14,10,5,5.122076618135907e-05,2.078611396427732e-05,0.0001770363887771964,False
kan,final,14,11,5,3.4289689210709184e-05,1.869358129624743e-05,0.0002866233990062028,False
kan,final,14,12,5,2.890996438509319e-05,1.772635368979536e-05,0.00020866081467829645,False
kan,final,14,13,5,2.0088038581889123e-05,6.630832103837747e-06,0.0001683584850979969,False
kan,final,14,14,5,0.032725702971220016,0.027155783027410507,0.033028341829776764,True
kan,final,14,15,5,3.581080454750918e-05,1.0150503840122838e-05,0.0003485039924271405,False
kan,final,15,-15,5,2.710007902351208e-05,6.6278626036364585e-06,0.00013503494847100228,False
kan,final,15,-14,5,1.4794582966715097e-05,9.004340427054558e-06,0.00041046211845241487,False
kan,final,15,-13,5,2.080975718854461e-05,1.1587658264033962e-05,0.0001595798385096714,False
kan,final,15,-12,5,3.4789987694239244e-05,1.874157169368118e-05,0.000317183235893026,False
kan,final,15,-11,5,3.67031097994186e-05,2.1456649847095832e-05,0.00032530594035051763,False
kan,final,15,-10,5,3.577563620638102e-05,1.4276176443672739e-05,0.000333800126099959,False
kan,final,15,-9,5,6.181161006679758e-05,1.2417697689670604e-05,0.0003179864725098014,False
kan,final,15,-8,5,2.730729102040641e-05,1.3869234862795565e-05,0.0004410467518027872,False
kan,final,15,-7,5,1.8061409718939103e-05,9.97084043774521e-06,0.000561558292247355,False
kan,final,15,-6,5,3.848302731057629e-05,1.1080622243753169e-05,0.000272380537353456,False
kan,final,15,-5,5,3.1399431463796645e-05,1.2111255273339339e-05,0.0003938717127311975,False
kan,final,15,-4,5,4.0631341107655317e-05,1.50590303746867e-05,0.00018121933680959046,False
kan,final,15,-3,5,0.00010378846491221339,1.0762722013168968e-05,0.00025758001720532775,False
kan,final,15,-2,5,2.6404364689369686e-05,7.537026704085292e-06,0.00025578209897503257,False
kan,final,15,-1,5,2.303153269167524e-05,1.3016171578783542e-05,0.0004453647998161614,False
kan,final,15,0,5,9.084274643100798e-05,7.075745816109702e-05,0.0005896983784623444,False
kan,final,15,1,5,3.392070721019991e-05,7.352698958129622e-06,0.0003330044273752719,False
kan,final,15,2,5,3.127272429992445e-05,1.265240916836774e-05,0.0004945030668750405,False
kan,final,15,3,5,1.8339396774536e-05,1.0612630831019487e-05,0.00010429046233184636,False
kan,final,15,4,5,2.9563150746980682e-05,1.7200674847117625e-05,0.0002626884379424155,False
kan,final,15,5,5,3.0228009563870728e-05,1.630112274142448e-05,0.0006055714329704642,False
kan,final,15,6,5,2.402682730462402e-05,5.977825367153855e-06,0.000598820042796433,False
kan,final,15,7,5,3.565657971194014e-05,1.1924195860046893e-05,0.00025548809207975864,False
kan,final,15,8,5,2.2070922568673268e-05,5.2873388085572515e-06,0.0003619392809923738,False
kan,final,15,9,5,4.201359115540981e-05,1.5109997548279352e-05,0.0002411892346572131,False
kan,final,15,10,5,0.0001332525280304253,1.3268961083667818e-05,0.0004401502083055675,False
kan,final,15,11,5,3.094568819506094e-05,2.0068408048246056e-05,8.325871749548241e-05,False
kan,final,15,12,5,3.363606083439663e-05,1.0251831554342061e-05,0.0004533214378170669,False
kan,final,15,13,5,3.116516745649278e-05,1.3878588106308598e-05,0.00018724054098129272,False
kan,final,15,14,5,2.26704196393257e-05,1.1193026693945285e-05,0.00017865309200715274,False
kan,final,15,15,5,0.0325552336871624,0.02520807646214962,0.033116355538368225,True
kan,generalization,-15,-15,4,0.029482622630894184,0.01993984542787075,0.030100945383310318,True
kan,generalization,-15,-14,4,0.00018043825548375025,4.8758633056422696e-05,0.0003877664275933057,False
kan,generalization,-15,-13,4,9.68645945249591e-05,8.572304068366066e-05,0.00014064145216252655,False
kan,generalization,-15,-12,4,0.00012458841956686229,0.00011719365284079686,0.00017002363165374845,False
kan,generalization,-15,-11,4,0.00011247667498537339,5.384660835261457e-05,0.0002379772486165166,False
kan,generalization,-15,-10,4,0.0002643325278768316,0.0001796743308659643,0.00040838003042154014,False
kan,generalization,-15,-9,4,0.00012731749302474782,8.210173109546304e-05,0.0003232785384170711,False
kan,generalization,-15,-8,4,0.00013853116251993924,4.757418719236739e-05,0.0004417692543938756,False
kan,generalization,-15,-7,4,0.00016001236144802533,7.030567212495953e-05,0.00025837565772235394,False
kan,generalization,-15,-6,4,0.0001275968097615987,4.353839176474139e-05,0.0003033453249372542,False
kan,generalization,-15,-5,4,0.0001481358049204573,7.509993884013966e-05,0.00027099167346023023,False
kan,generalization,-15,-4,4,0.00011272445772192441,8.445294224657118e-05,0.00015007995534688234,False
kan,generalization,-15,-3,4,0.00010822005424415693,6.08062073297333e-05,0.0001786177308531478,False
kan,generalization,-15,-2,4,0.00016455122386105359,0.0001553083857288584,0.00019462169439066201,False
kan,generalization,-15,-1,4,0.00012703142783720978,7.626383739989251e-05,0.00026528656599111855,False
kan,generalization,-15,0,4,0.00046700891107320786,0.00021606760856229812,0.0006896769045852125,False
kan,generalization,-15,1,4,0.00022677455126540735,9.776118531590328e-05,0.0003245847765356302,False
kan,generalization,-15,2,4,0.00016844357742229477,0.00011188351345481351,0.0002411792374914512,False
kan,generalization,-15,3,4,0.00012079780572094023,4.4104643166065216e-05,0.00035693508107215166,False
kan,generalization,-15,4,4,0.00011899792662006803,5.212915857555345e-05,0.00027300670626573265,False
kan,generalization,-15,5,4,0.0001629361868253909,9.691341256257147e-05,0.0003441725275479257,False
kan,generalization,-15,6,4,0.0001443245892005507,6.817216490162537e-05,0.0002529386547394097,False
kan,generalization,-15,7,4,0.00012261183655937202,7.035773887764663e-05,0.00019355914264451712,False
kan,generalization,-15,8,4,0.0002472223059157841,9.969473467208445e-05,0.0004942297819070518,False
kan,generalization,-15,9,4,0.00012093603436369449,4.821450056624599e-05,0.00016664100985508412,False
kan,generalization,-15,10,4,0.00022725325834471732,0.00019211240578442812,0.0002803182287607342,False
kan,generalization,-15,11,4,0.0001377464723191224,9.29035886656493e-05,0.0001944040268426761,False
kan,generalization,-15,12,4,0.00014507788728224114,6.004526585456915e-05,0.00015000466373749077,False
kan,generalization,-15,13,4,0.00011786085815401748,7.288817141670734e-05,0.00017034256597980857,False
kan,generalization,-15,14,4,0.0001513652241555974,7.408896635752171e-05,0.0002777215267997235,False
kan,generalization,-15,15,4,0.0002911926567321643,7.451461715390906e-05,0.00047858708421699703,False
kan,generalization,-14,-15,4,0.00021502672461792827,0.00014672001998405904,0.0004059295461047441,False
kan,generalization,-14,-14,4,0.03021182958036661,0.028700727969408035,0.031612005084753036,True
kan,generalization,-14,-13,4,0.0001281916120206006,9.318910451838747e-05,0.00015839886327739805,False
kan,generalization,-14,-12,4,0.00012218897973070852,6.504377961391583e-05,0.00019186786084901541,False
kan,generalization,-14,-11,4,0.00011611769514274783,9.752602636581287e-05,0.0003678268112707883,False
kan,generalization,-14,-10,4,0.00019912693096557632,0.0001304889447055757,0.00022725148301105946,False
kan,generalization,-14,-9,4,0.0001642886345507577,0.00010686736641218886,0.00022564167738892138,False
kan,generalization,-14,-8,4,0.00011380059368093498,4.214582440908998e-05,0.00017915834905579686,False
kan,generalization,-14,-7,4,0.00016377618885599077,0.0001020842173602432,0.00024468725314363837,False
kan,generalization,-14,-6,4,0.00013451090489979833,7.064629608066753e-05,0.00020714181300718337,False
kan,generalization,-14,-5,4,0.00010735922114690766,6.5097730839625e-05,0.00017050746828317642,False
kan,generalization,-14,-4,4,0.00015222214278765023,0.00010534437751630321,0.0002867753501050174,False
kan,generalization,-14,-3,4,0.00019505063028191216,3.567599196685478e-05,0.00037395034451037645,False
kan,generalization,-14,-2,4,0.0001757649952196516,9.68732128967531e-05,0.0001913712330861017,False
kan,generalization,-14,-1,4,8.768666884861887e-05,7.51558764022775e-05,0.00029995982185937464,False
kan,generalization,-14,0,4,0.0004957388009643182,0.00024505562032572925,0.0007304869359359145,False
kan,generalization,-14,1,4,0.00014782363359699957,0.00010818079317687079,0.0002574194222688675,False
kan,generalization,-14,2,4,0.0001291928274440579,7.399684545816854e-05,0.00023148646869231015,False
kan,generalization,-14,3,4,0.00013716647663386539,9.97207171167247e-05,0.0004116345080547035,False
kan,generalization,-14,4,4,0.00016070361743913963,9.507580398349091e-05,0.0002468774328008294,False
kan,generalization,-14,5,4,0.0001541560050100088,4.032376818940975e-05,0.00021710243890993297,False
kan,generalization,-14,6,4,9.600315388524905e-05,6.669309368589893e-05,0.00017493007180746645,False
kan,generalization,-14,7,4,0.00011371973232598975,8.204991172533482e-05,0.0001946955599123612,False
kan,generalization,-14,8,4,0.00012991217226954177,2.700568802538328e-05,0.00036618797457776964,False
kan,generalization,-14,9,4,0.0001490453287260607,8.050695032579824e-05,0.0002057702949969098,False
kan,generalization,-14,10,4,0.00020899299124721438,0.00018363121489528567,0.00030984284239821136,False
kan,generalization,-14,11,4,0.00014937674859538674,0.00010819137969519943,0.00015777225780766457,False
kan,generalization,-14,12,4,8.562649600207806e-05,4.482520671444945e-05,0.00015440882998518646,False
kan,generalization,-14,13,4,0.00011424236436141655,0.00010702513827709481,0.00013644945283886045,False
kan,generalization,-14,14,4,0.00012813084322260693,8.513232023688033e-05,0.00020657734421547502,False
kan,generalization,-14,15,4,0.00014018387446412817,1.888173574116081e-05,0.00019273694488219917,False
kan,generalization,-13,-15,4,0.00013130066872690804,7.177731458796188e-05,0.00025634592748247087,False
kan,generalization,-13,-14,4,0.00012102104665245861,5.127651456859894e-05,0.0001638276589801535,False
kan,generalization,-13,-13,4,0.028637178242206573,0.027447231113910675,0.030167987570166588,True
kan,generalization,-13,-12,4,0.00010260313138132915,8.522123971488327e-05,0.00016221973055507988,False
kan,generalization,-13,-11,4,8.873004844645038e-05,8.482438715873286e-05,0.00013695414236281067,False
kan,generalization,-13,-10,4,0.00016257655079243705,0.00010803711484186351,0.00017942392150871456,False
kan,generalization,-13,-9,4,0.00011418436770327389,8.622723544249311e-05,0.00014679768355563283,False
kan,generalization,-13,-8,4,0.00011869718946400099,6.018609565217048e-05,0.00024808975285850465,False
kan,generalization,-13,-7,4,0.00010828380982275121,5.4101106798043475e-05,0.00016478232282679528,False
kan,generalization,-13,-6,4,0.00011718411406036466,8.569837518734857e-05,0.00021374726202338934,False
kan,generalization,-13,-5,4,0.00011505063957883976,6.206391117302701e-05,0.00024095349363051355,False
kan,generalization,-13,-4,4,0.00011248309965594672,6.324564310489222e-05,0.0002072213392239064,False
kan,generalization,-13,-3,4,0.00011091490159742534,5.2451792726060376e-05,0.00016264113946817815,False
kan,generalization,-13,-2,4,0.00019289523334009573,0.00012032684753648937,0.00037820744910277426,False
kan,generalization,-13,-1,4,0.0001903257507365197,0.0001217807293869555,0.000262622837908566,False
kan,generalization,-13,0,4,0.0002622722531668842,0.00022636754147242755,0.0004254114464856684,False
kan,generalization,-13,1,4,0.00017877917707664892,0.00012496022100094706,0.00020748986571561545,False
kan,generalization,-13,2,4,0.0001568368388689123,9.583519567968324e-05,0.0002015257632592693,False
kan,generalization,-13,3,4,0.00012655475802603178,7.827803347026929e-05,0.00029079464729875326,False
kan,generalization,-13,4,4,0.00011792843361035921,0.0001094466497306712,0.00018697965424507856,False
kan,generalization,-13,5,4,0.00014215489500202239,0.00011633721442194656,0.00018652519793249667,False
kan,generalization,-13,6,4,0.00012683356544584967,9.00441809790209e-05,0.00026529168826527894,False
kan,generalization,-13,7,4,0.00010315266627003439,7.168597949203104e-05,0.00019190697639714926,False
kan,generalization,-13,8,4,0.00015037133016448934,4.8348989366786554e-05,0.0002915998047683388,False
kan,generalization,-13,9,4,0.00017465095152147114,0.0001158943705377169,0.0001905924582388252,False
kan,generalization,-13,10,4,0.0001364855343126692,0.0001222661667270586,0.00036837634979747236,False
kan,generalization,-13,11,4,0.00013605192361865193,9.70393666648306e-05,0.00023359761689789593,False
kan,generalization,-13,12,4,0.00011521441410877742,0.00010703473526518792,0.0003232222225051373,False
kan,generalization,-13,13,4,0.00015243762754835188,5.686585063813254e-05,0.00024242515792138875,False
kan,generalization,-13,14,4,0.00011511386401252821,6.249728903640062e-05,0.00014260194438975304,False
kan,generalization,-13,15,4,0.0001798931261873804,0.00015055893163662404,0.00018870009807869792,False
kan,generalization,-12,-15,4,0.00018339059897698462,9.021732694236562e-05,0.00022751445067115128,False
kan,generalization,-12,-14,4,0.00010573569670668803,4.205560253467411e-05,0.000139489202410914,False
kan,generalization,-12,-13,4,9.228812632500194e-05,6.362299609463662e-05,0.00016146765847224742,False
kan,generalization,-12,-12,4,0.029869480058550835,0.027838721871376038,0.03126397356390953,True
kan,generalization,-12,-11,4,0.00011575177632039413,7.601043762406334e-05,0.00020061871327925473,False
kan,generalization,-12,-10,4,0.00015335895295720547,0.00012946822971571237,0.00022195422207005322,False
kan,generalization,-12,-9,4,8.505100413458422e-05,6.958117592148483e-05,0.0001816762232920155,False
kan,generalization,-12,-8,4,0.00015318159785238095,5.524055814021267e-05,0.0003719660162460059,False
kan,generalization,-12,-7,4,7.362592077697627e-05,4.730232467409223e-05,7.840282341931015e-05,False
kan,generalization,-12,-6,4,9.147692253463902e-05,7.191986514953896e-05,0.0002471920452080667,False
kan,generalization,-12,-5,4,0.00019766880723182112,8.217166760005057e-05,0.0002628426009323448,False
kan,generalization,-12,-4,4,0.00010612097321427427,3.67471257050056e-05,0.00015419542614836246,False
kan,generalization,-12,-3,4,0.00011181596346432343,3.679930523503572e-05,0.0003604658704716712,False
kan,generalization,-12,-2,4,0.00011270877075730823,9.526444773655385e-05,0.0001308589562540874,False
kan,generalization,-12,-1,4,0.00014326452219393104,0.00011334129521856084,0.00020681865862570703,False
kan,generalization,-12,0,4,0.0003395701787667349,0.00029841726063750684,0.00043904432095587254,False
kan,generalization,-12,1,4,7.894880764069967e-05,6.663989915978163e-05,0.00017270440002903342,False
kan,generalization,-12,2,4,0.00012347475058049895,8.33839803817682e-05,0.0001369997044093907,False
kan,generalization,-12,3,4,0.0001919942078529857,8.328746480401605e-05,0.00025153826572932303,False
kan,generalization,-12,4,4,0.00010538692367845215,6.820638373028487e-05,0.00021627302339766175,False
kan,generalization,-12,5,4,0.00013651439076056704,5.073700594948605e-05,0.0002264670911245048,False
kan,generalization,-12,6,4,9.201462671626359e-05,7.952976739034057e-05,0.00012984299974050373,False
kan,generalization,-12,7,4,0.00012656081526074558,0.0001057966219377704,0.0001711312070256099,False
kan,generalization,-12,8,4,0.00015792915291967802,6.210610445123166e-05,0.0003063720359932631,False
kan,generalization,-12,9,4,0.00013733357627643272,6.119893805589527e-05,0.00022164563415572047,False
kan,generalization,-12,10,4,0.00018960722809424624,7.667927275178954e-05,0.00034866741043515503,False
kan,generalization,-12,11,4,9.277892604586668e-05,4.103908213437535e-05,0.0001289597130380571,False
kan,generalization,-12,12,4,0.0001401203880959656,8.483546116622165e-05,0.00021635119628626853,False
kan,generalization,-12,13,4,0.00012756430078297853,5.304541264194995e-05,0.00025514443404972553,False
kan,generalization,-12,14,4,0.00010609225137159228,5.801479710498825e-05,0.00015042259474284947,False
kan,generalization,-12,15,4,0.00012935819177073427,3.6096276744501665e-05,0.0001913348532980308,False
kan,generalization,-11,-15,4,0.0001640945120016113,0.00012318784138187766,0.00022055685985833406,False
kan,generalization,-11,-14,4,8.580957364756614e-05,5.420373781817034e-05,0.00013813817349728197,False
kan,generalization,-11,-13,4,0.00020527954620774835,5.661361865350045e-05,0.00022004541824571788,False
kan,generalization,-11,-12,4,0.00012512184912338853,8.730030822334811e-05,0.0002692389825824648,False
kan,generalization,-11,-11,4,0.02931113913655281,0.02639128640294075,0.03073381632566452,True
kan,generalization,-11,-10,4,0.00020548015891108662,0.00011709336831700057,0.0005539647536352277,False
kan,generalization,-11,-9,4,0.00018007745529757813,0.0001398235617671162,0.0002492674393579364,False
kan,generalization,-11,-8,4,0.00011835562327178195,8.764120138948783e-05,0.00020305809448473155,False
kan,generalization,-11,-7,4,9.463517926633358e-05,6.134692375781015e-05,0.00012217441690154374,False
kan,generalization,-11,-6,4,0.00014349962293636054,5.942536881775595e-05,0.00019377734861336648,False
kan,generalization,-11,-5,4,0.0001481939252698794,7.81751296017319e-05,0.00026411653379909694,False
kan,generalization,-11,-4,4,0.00013027242312091403,0.00010565414413576946,0.00018522978643886745,False
kan,generalization,-11,-3,4,0.0001282857992919162,0.00011406328121665865,0.00020986473828088492,False
kan,generalization,-11,-2,4,0.00015082447498571128,0.00014557430404238403,0.00021704974642489105,False
kan,generalization,-11,-1,4,0.0001267681691388134,7.503872620873153e-05,0.0004019537300337106,False
kan,generalization,-11,0,4,0.0005057163070887327,0.0003947508812416345,0.0007142552058212459,False
kan,generalization,-11,1,4,0.00017886167188407853,0.00010326357732992619,0.0002455913636367768,False
kan,generalization,-11,2,4,0.00021190116967773065,0.00011605084728216752,0.00042430631583556533,False
kan,generalization,-11,3,4,0.00016967879128060304,0.00010190429020440206,0.0002244991628685966,False
kan,generalization,-11,4,4,0.00011052944319089875,7.06878345226869e-05,0.00015566908405162394,False
kan,generalization,-11,5,4,0.00010352354365750216,7.122763781808317e-05,0.0002321123902220279,False
kan,generalization,-11,6,4,0.0001501742190157529,8.507497113896534e-05,0.00025960797211155295,False
kan,generalization,-11,7,4,9.596509335096925e-05,7.14423440513201e-05,0.00011876227654283866,False
kan,generalization,-11,8,4,0.00012978292943444103,9.174599836114794e-05,0.00016777620476204902,False
kan,generalization,-11,9,4,0.00016760576545493677,0.00012225894897710532,0.00023465442063752562,False
kan,generalization,-11,10,4,0.00019256117229815573,8.466089639114216e-05,0.00022593735775444657,False
kan,generalization,-11,11,4,9.5687744760653e-05,6.926547939656302e-05,0.00020615542598534375,False
kan,generalization,-11,12,4,0.0001346792487311177,0.00010367982758907601,0.00018932799866888672,False
kan,generalization,-11,13,4,0.00014325597294373438,7.921035285107791e-05,0.0002134867972927168,False
kan,generalization,-11,14,4,0.00011418437861721031,7.85583324613981e-05,0.000248473952524364,False
kan,generalization,-11,15,4,0.00015550825628452003,5.985145617160015e-05,0.00025503445067442954,False
kan,generalization,-10,-15,4,0.0001987745417864062,5.099444751976989e-05,0.00028534684679470956,False
kan,generalization,-10,-14,4,9.792383571038954e-05,8.832669846015051e-05,0.0005728642572648823,False
kan,generalization,-10,-13,4,0.000137910530611407,8.990643254946917e-05,0.0007341607706621289,False
kan,generalization,-10,-12,4,0.00016822267207317054,8.923767018131912e-05,0.00031615811167284846,False
kan,generalization,-10,-11,4,0.00015003995213191956,5.769499693997204e-05,0.0011034036288037896,False
kan,generalization,-10,-10,4,0.024918479844927788,0.013349265791475773,0.028371615335345268,True
kan,generalization,-10,-9,4,0.000113344554847572,7.721669680904597e-05,0.00023523789423052222,False
kan,generalization,-10,-8,4,0.000221782160224393,0.00010070126882055774,0.0005640152958221734,False
kan,generalization,-10,-7,4,6.543149720528163e-05,5.3870717238169163e-05,0.00012433786469046026,False
kan,generalization,-10,-6,4,0.0001422860732418485,9.591327398084104e-05,0.00026360448100604117,False
kan,generalization,-10,-5,4,0.00017165949975606054,0.00011770623677875847,0.0003324279678054154,False
kan,generalization,-10,-4,4,0.00013780291919829324,6.606327224289998e-05,0.00020854829926975071,False
kan,generalization,-10,-3,4,0.0002262578927911818,6.694713374599814e-05,0.0005113041843287647,False
kan,generalization,-10,-2,4,0.00018325332348467782,9.305287676397711e-05,0.0006473774556070566,False
kan,generalization,-10,-1,4,0.00019657737720990553,0.00017876722267828882,0.0006877555861137807,False
kan,generalization,-10,0,4,0.0003161222848575562,0.0002305225789314136,0.0006856748950667679,False
kan,generalization,-10,1,4,0.00018408500181976706,9.602471982361749e-05,0.0005964220035821199,False
kan,generalization,-10,2,4,0.00020251222304068506,5.844205952598713e-05,0.0003141273627988994,False
kan,generalization,-10,3,4,0.0002024522182182409,5.5808923207223415e-05,0.00048232884728349745,False
kan,generalization,-10,4,4,0.00018058168643619865,7.552692841272801e-05,0.0008618597057648003,False
kan,generalization,-10,5,4,0.00014037852815818042,0.00011317282042000443,0.00017473228217568249,False
kan,generalization,-10,6,4,0.00025592840393073857,0.00010892692807829008,0.00027655865414999425,False
kan,generalization,-10,7,4,0.00011112308493466116,6.430513894883916e-05,0.0002570113865658641,False
kan,generalization,-10,8,4,0.00024283681705128402,5.814661562908441e-05,0.0002892172778956592,False
kan,generalization,-10,9,4,0.00012518269795691594,8.909745520213619e-05,0.00039160155574791133,False
kan,generalization,-10,10,4,0.00017613400268601254,0.00014844151155557483,0.00035343534545972943,False
kan,generalization,-10,11,4,0.00015427084872499108,9.748480806592852e-05,0.000520058732945472,False
kan,generalization,-10,12,4,0.0001398454696754925,0.00010262025170959532,0.0003835442184936255,False
kan,generalization,-10,13,4,0.00016433445125585422,5.487433372763917e-05,0.00022875180002301931,False
kan,generalization,-10,14,4,0.00011857097706524655,0.00011028649169020355,0.0002746376267168671,False
kan,generalization,-10,15,4,0.00014923400158295408,0.00011546278983587399,0.00031818749266676605,False
kan,generalization,-9,-15,4,0.00016622764451312833,4.24062782258261e-05,0.0002241320034954697,False
kan,generalization,-9,-14,4,0.00017051701433956623,0.0001433446304872632,0.0002854974882211536,False
kan,generalization,-9,-13,4,0.0001110614430217538,0.00010313255188520998,0.00036735108005814254,False
kan,generalization,-9,-12,4,0.00015179534238995984,0.00010801868484122679,0.0001850150729296729,False
kan,generalization,-9,-11,4,0.00020886328275082633,0.00010429557005409151,0.0005520049598999321,False
kan,generalization,-9,-10,4,0.0002353683448745869,0.00016971850709524006,0.00042312542791478336,False
kan,generalization,-9,-9,4,0.02929897326976061,0.0224893968552351,0.030519608408212662,True
kan,generalization,-9,-8,4,0.00010815796122187749,4.9810467317001894e-05,0.0005140748107805848,False
kan,generalization,-9,-7,4,0.000237060845392989,7.165114948293194e-05,0.0004006635572295636,False
kan,generalization,-9,-6,4,0.0002732744615059346,7.445811206707731e-05,0.00048681246698834,False
kan,generalization,-9,-5,4,0.00012982951011508703,6.434473471017554e-05,0.00015039273421280086,False
kan,generalization,-9,-4,4,0.00015378585885628127,0.00010045156523119658,0.00022340580471791327,False
kan,generalization,-9,-3,4,0.0001501163569628261,8.525088196620345e-05,0.0003867981140501797,False
kan,generalization,-9,-2,4,0.00021532108075916767,0.00012041476293234155,0.00034406944178044796,False
kan,generalization,-9,-1,4,0.00019101046927971765,8.983846055343747e-05,0.0002600190637167543,False
kan,generalization,-9,0,4,0.00044371801777742803,0.00019047751266043633,0.0008273361600004137,False
kan,generalization,-9,1,4,0.0002074996955343522,0.00013104961544740945,0.0002591317461337894,False
kan,generalization,-9,2,4,0.0001409686155966483,0.00011347813415341079,0.0003066544304601848,False
kan,generalization,-9,3,4,0.00010414895950816572,7.280683348653838e-05,0.00021009858755860478,False
kan,generalization,-9,4,4,0.00025105160602834076,0.00012747565051540732,0.0006485161138698459,False
kan,generalization,-9,5,4,0.0001039964918163605,5.38792010047473e-05,0.00018019920389633626,False
kan,generalization,-9,6,4,0.00019150520529365167,7.872558489907533e-05,0.00028939053299836814,False
kan,generalization,-9,7,4,0.0002200980052293744,6.548730743816122e-05,0.0003903484030161053,False
kan,generalization,-9,8,4,0.00021752384782303125,7.98895925981924e-05,0.000365138694178313,False
kan,generalization,-9,9,4,0.00022114365856396034,0.00011861151142511517,0.0003076886641792953,False
kan,generalization,-9,10,4,0.0002344504428037908,8.320133929373696e-05,0.0005673787673003972,False
kan,generalization,-9,11,4,0.00015794188220752403,9.769989992491901e-05,0.00026252534007653594,False
kan,generalization,-9,12,4,0.00014191922673489898,7.886695675551891e-05,0.00018276994524057955,False
kan,generalization,-9,13,4,0.00011445070413174108,5.95013661950361e-05,0.00020143079746048898,False
kan,generalization,-9,14,4,0.00010015141197072808,2.8673344786511734e-05,0.0001725604961393401,False
kan,generalization,-9,15,4,0.00016594412591075525,0.00011119106784462929,0.0002075989032164216,False
kan,generalization,-8,-15,4,0.00020568209583871067,0.00011850634473375976,0.00046643876703456044,False
kan,generalization,-8,-14,4,0.00022195547353476286,0.0001640365517232567,0.00038529362063854933,False
kan,generalization,-8,-13,4,0.00013205314462538809,0.00012243029777891934,0.00014162104343995452,False
kan,generalization,-8,-12,4,0.00024643120559630916,0.00012748801964335144,0.0002802486706059426,False
kan,generalization,-8,-11,4,0.00014755011216038838,0.0001020203490043059,0.00038774244603700936,False
kan,generalization,-8,-10,4,0.00022394064581021667,0.00019181505194865167,0.00042976546683348715,False
kan,generalization,-8,-9,4,0.00014789718261454254,0.00013535503239836544,0.00025421741884201765,False
kan,generalization,-8,-8,4,0.022518165409564972,0.009079508483409882,0.030636832118034363,True
kan,generalization,-8,-7,4,0.00020570339256664738,8.757446630625054e-05,0.0002970216446556151,False
kan,generalization,-8,-6,4,0.00015696504851803184,0.00011619523138506338,0.0002246275544166565,False
kan,generalization,-8,-5,4,0.00014955441292840987,0.00010660260886652395,0.00026218031416647136,False
kan,generalization,-8,-4,4,0.00022982950758887455,0.0001841379707911983,0.0005472141201607883,False
kan,generalization,-8,-3,4,0.00015801692643435672,9.520501043880358e-05,0.00035346229560673237,False
kan,generalization,-8,-2,4,0.0001919820460898336,8.318265463458374e-05,0.00031322918948717415,False
kan,generalization,-8,-1,4,0.00014411045412998646,0.00011992737563559785,0.0002970447239931673,False
kan,generalization,-8,0,4,0.0006069291557651013,0.00045588231296278536,0.0008617533603683114,False
kan,generalization,-8,1,4,0.0001870228152256459,0.00010022114292951301,0.00031175994081422687,False
kan,generalization,-8,2,4,0.00016182444232981652,7.515997276641428e-05,0.00022191571770235896,False
kan,generalization,-8,3,4,0.00015301072562579066,0.00012918192078359425,0.0005053065251559019,False
kan,generalization,-8,4,4,0.0002059313774225302,0.00012648988922592252,0.0006011269288137555,False
kan,generalization,-8,5,4,0.00021407127496786416,6.824623415013775e-05,0.0003009747597388923,False
kan,generalization,-8,6,4,0.00012213991067255847,9.137466986430809e-05,0.00012600932677742094,False
kan,generalization,-8,7,4,0.00016094515012810007,9.516686259303242e-05,0.00038367489469237626,False
kan,generalization,-8,8,4,0.0002048219830612652,0.00012777795200236142,0.0004686850879807025,False
kan,generalization,-8,9,4,0.0002867314688046463,7.31884574634023e-05,0.0004518508503679186,False
kan,generalization,-8,10,4,0.0002188613943872042,0.0001340037997579202,0.00028696536901406944,False
kan,generalization,-8,11,4,0.00020686248899437487,6.360239785863087e-05,0.000299622566672042,False
kan,generalization,-8,12,4,0.0001729649375192821,3.49414003721904e-05,0.00039326935075223446,False
kan,generalization,-8,13,4,0.00016462981147924438,9.192909055855125e-05,0.0002007056027650833,False
kan,generalization,-8,14,4,0.00014952509809518233,0.00011140662536490709,0.00028290049522183836,False
kan,generalization,-8,15,4,0.0002200975432060659,9.885423060040921e-05,0.00041932924068532884,False
kan,generalization,-7,-15,4,0.00016599291848251596,9.187628893414512e-05,0.000311914220219478,False
kan,generalization,-7,-14,4,0.00014531292981700972,0.00010082327207783237,0.00020195532124489546,False
kan,generalization,-7,-13,4,0.00011631116649368778,7.176160579547286e-05,0.0002329513808945194,False
kan,generalization,-7,-12,4,9.926816710503772e-05,4.0564580558566377e-05,0.00012758384400513023,False
kan,generalization,-7,-11,4,0.00013305426182341762,0.0001052108927979134,0.00015454574895557016,False
kan,generalization,-7,-10,4,0.00015927463391562924,0.00011765728413593024,0.00019372260430827737,False
kan,generalization,-7,-9,4,0.00018277543858857825,6.419565761461854e-05,0.0002638932492118329,False
kan,generalization,-7,-8,4,0.00022047026141081005,8.913163765100762e-05,0.00032529703457839787,False
kan,generalization,-7,-7,4,0.030032839626073837,0.02925601787865162,0.03158201649785042,True
kan,generalization,-7,-6,4,0.00012125191642553546,9.963225602405146e-05,0.00016603940457571298,False
kan,generalization,-7,-5,4,0.0001419641703250818,9.323617996415123e-05,0.00015145236102398485,False
kan,generalization,-7,-4,4,0.00012199394041090272,8.00995112513192e-05,0.00017464124539401382,False
kan,generalization,-7,-3,4,9.432413207832724e-05,8.137446275213733e-05,0.0002683739294297993,False
kan,generalization,-7,-2,4,0.00019335959950694814,9.857917029876262e-05,0.00025239691603928804,False
kan,generalization,-7,-1,4,0.00018887028272729367,4.3534157157409936e-05,0.0002605115878395736,False
kan,generalization,-7,0,4,0.0004974025068804622,0.0003365927841514349,0.0007072048028931022,False
kan,generalization,-7,1,4,0.00013283293446875177,0.00010965442925225943,0.00017640000442042947,False
kan,generalization,-7,2,4,0.0001336289606115315,8.10308993095532e-05,0.00024218711769208312,False
kan,generalization,-7,3,4,0.00012920660810777918,3.633325468399562e-05,0.00018440057465340942,False
kan,generalization,-7,4,4,0.00010164404739043675,9.161118941847235e-05,0.0001459095801692456,False
kan,generalization,-7,5,4,0.00019510172569425777,4.2754796595545486e-05,0.00028194638434797525,False
kan,generalization,-7,6,4,0.00012792926281690598,0.00010999588266713545,0.0001669650082476437,False
kan,generalization,-7,7,4,0.00014632719467044808,6.394907541107386e-05,0.00018691700825002044,False
kan,generalization,-7,8,4,0.00012569039608933963,6.71114248689264e-05,0.0003851013898383826,False
kan,generalization,-7,9,4,0.00010938022387563251,6.286180723691359e-05,0.00013623254199046642,False
kan,generalization,-7,10,4,0.0001488302877987735,5.056259760749526e-05,0.0001728823408484459,False
kan,generalization,-7,11,4,0.00013664568905369379,7.807167276041582e-05,0.0001885149540612474,False
kan,generalization,-7,12,4,0.00011138205081806518,9.679140930529684e-05,0.0002999957068823278,False
kan,generalization,-7,13,4,0.00013255692829261534,6.0001570091117173e-05,0.00025485680089332163,False
kan,generalization,-7,14,4,0.00010630497854435816,9.625091479392722e-05,0.0001396148873027414,False
kan,generalization,-7,15,4,0.00017412945453543216,8.164220344042405e-05,0.00022031234402675182,False
kan,generalization,-6,-15,4,0.00014213467511581257,0.00010309084609616548,0.0001536028867121786,False
kan,generalization,-6,-14,4,0.0001268938576686196,6.783209391869605e-05,0.0002561412693466991,False
kan,generalization,-6,-13,4,0.00012989410970476456,5.1588758651632816e-05,0.00024520198348909616,False
kan,generalization,-6,-12,4,0.00016034839427447878,7.90301855886355e-05,0.0005291983834467828,False
kan,generalization,-6,-11,4,0.00012806328595615923,0.00012004931340925395,0.00032051108428277075,False
kan,generalization,-6,-10,4,0.00018318060028832406,9.840303391683847e-05,0.00037315074587240815,False
kan,generalization,-6,-9,4,0.0002446360667818226,7.916484901215881e-05,0.0005178329884074628,False
kan,generalization,-6,-8,4,0.00021976557763991877,5.387845158111304e-05,0.0003754908393602818,False
kan,generalization,-6,-7,4,0.0001272755180252716,9.860166028374806e-05,0.00030665204394608736,False
kan,generalization,-6,-6,4,0.028559455648064613,0.023570295423269272,0.030106566846370697,True
kan,generalization,-6,-5,4,0.00015334221825469285,0.00010561944509390742,0.0002728471008595079,False
kan,generalization,-6,-4,4,0.00015704898760304786,6.69980508973822e-05,0.0002819955407176167,False
kan,generalization,-6,-3,4,0.0001368773591821082,0.00010580308298813179,0.00044400690239854157,False
kan,generalization,-6,-2,4,0.00013726309407502413,0.00011671267566271126,0.0006409535999409854,False
kan,generalization,-6,-1,4,0.00028709828620776534,0.00016725600289646536,0.00037570789572782815,False
kan,generalization,-6,0,4,0.0005270583205856383,0.00023981044068932533,0.0009377783862873912,False
kan,generalization,-6,1,4,0.0002109004999510944,7.916382310213521e-05,0.00037468771915882826,False
kan,generalization,-6,2,4,9.750399840413593e-05,8.161646837834269e-05,0.000418795389123261,False
kan,generalization,-6,3,4,0.0002760559000307694,7.54106804379262e-05,0.00047699164133518934,False
kan,generalization,-6,4,4,7.952849409775808e-05,6.324344576569274e-05,0.00031018329900689423,False
kan,generalization,-6,5,4,0.0001437556311429944,9.42164842854254e-05,0.00026185065507888794,False
kan,generalization,-6,6,4,8.505045843776315e-05,5.1899121899623424e-05,0.00019799669098574668,False
kan,generalization,-6,7,4,0.00012252859960426576,6.519466114696115e-05,0.00019115395843982697,False
kan,generalization,-6,8,4,0.00020729400421259925,8.698282181285322e-05,0.0005880352691747248,False
kan,generalization,-6,9,4,0.00015023328887764364,7.216992526082322e-05,0.00037761699059046805,False
kan,generalization,-6,10,4,0.00015059879660839215,0.00012662893277592957,0.00017926841974258423,False
kan,generalization,-6,11,4,0.00016347778000636026,7.535649638157338e-05,0.0002456695365253836,False
kan,generalization,-6,12,4,9.105952631216496e-05,6.768736056983471e-05,0.0002623738837428391,False
kan,generalization,-6,13,4,8.577681728638709e-05,6.277970533119515e-05,0.0003584790392778814,False
kan,generalization,-6,14,4,0.00013510869757737964,5.366808545659296e-05,0.00030636967858299613,False
kan,generalization,-6,15,4,0.0001945088224601932,5.679742025677115e-05,0.0002456529182381928,False
kan,generalization,-5,-15,4,0.00013182406109990552,7.021056080702692e-05,0.00021634373115375638,False
kan,generalization,-5,-14,4,0.0001050784885592293,6.017738996888511e-05,0.00017792992002796382,False
kan,generalization,-5,-13,4,0.00011780221393564716,6.871204095659778e-05,0.00012456453987397254,False
kan,generalization,-5,-12,4,0.00010593040497042239,9.230608702637255e-05,0.00014875683700665832,False
kan,generalization,-5,-11,4,8.99676433618879e-05,5.68525938433595e-05,0.00020772348216269165,False
kan,generalization,-5,-10,4,0.00022271368652582169,0.00010800446762004867,0.0002399757649982348,False
kan,generalization,-5,-9,4,0.00010732519513112493,7.033297151792794e-05,0.00011779343185480684,False
kan,generalization,-5,-8,4,0.00012900133515358903,3.885403566528112e-05,0.0002005331334657967,False
kan,generalization,-5,-7,4,0.00010519725037738681,9.297383076045662e-05,0.0001283234596485272,False
kan,generalization,-5,-6,4,0.00010906795796472579,7.613714114995673e-05,0.0001454895973438397,False
kan,generalization,-5,-5,4,0.03031020797789097,0.029590625315904617,0.030387774109840393,True
kan,generalization,-5,-4,4,0.00015685577818658203,6.687948916805908e-05,0.00020388573466334492,False
kan,generalization,-5,-3,4,0.00012391311975079589,7.042030483717099e-05,0.0002980029967147857,False
kan,generalization,-5,-2,4,0.0001449156552553177,0.0001117619831347838,0.0001740448351483792,False
kan,generalization,-5,-1,4,0.00012570686885737814,7.886574167059734e-05,0.00018345254648011178,False
kan,generalization,-5,0,4,0.0003682966489577666,0.00033485679887235165,0.00045443177805282176,False
kan,generalization,-5,1,4,0.00017110352928284556,0.00013799977023154497,0.0002444575948175043,False
kan,generalization,-5,2,4,0.0001306953163293656,7.391712279058993e-05,0.0001819090248318389,False
kan,generalization,-5,3,4,0.00011523627836140804,9.248805145034567e-05,0.00018775714852381498,False
kan,generalization,-5,4,4,0.00011319823533995077,8.138822886394337e-05,0.00013904308434575796,False
kan,generalization,-5,5,4,9.566085282131098e-05,8.674291893839836e-05,0.00018466437177266926,False
kan,generalization,-5,6,4,8.576019899919629e-05,6.878030399093404e-05,0.00010024888615589589,False
kan,generalization,-5,7,4,8.614991384092718e-05,6.025582842994481e-05,0.0001830519613577053,False
kan,generalization,-5,8,4,0.00011739508045138791,4.0620387153467163e-05,0.0002519762492738664,False
kan,generalization,-5,9,4,0.0001105122355511412,6.779468822060153e-05,0.00021925444889348,False
kan,generalization,-5,10,4,0.00011248024384258315,6.500171002699062e-05,0.0001596350921317935,False
kan,generalization,-5,11,4,0.00010891306374105625,5.976041575195268e-05,0.0001284006575588137,False
kan,generalization,-5,12,4,9.080492600332946e-05,8.044207061175257e-05,0.00020238108118064702,False
kan,generalization,-5,13,4,8.164490645867772e-05,4.4644370063906536e-05,0.00013657969248015434,False
kan,generalization,-5,14,4,9.970058090402745e-05,5.010576205677353e-05,0.00013484052033163607,False
kan,generalization,-5,15,4,0.0001580334355821833,0.0001239091798197478,0.0002482114068698138,False
kan,generalization,-4,-15,4,0.00020145659073023126,5.178178253117949e-05,0.00022368920326698571,False
kan,generalization,-4,-14,4,0.00015082531899679452,5.955580127192661e-05,0.00020006822887808084,False
kan,generalization,-4,-13,4,0.0001348464356851764,0.00012019575660815462,0.0001752716925693676,False
kan,generalization,-4,-12,4,0.00011924295176868327,4.320942025515251e-05,0.00018480543803889304,False
kan,generalization,-4,-11,4,0.00014413917233468965,8.957331738201901e-05,0.00022027666273061186,False
kan,generalization,-4,-10,4,0.00015535659622401,7.26866492186673e-05,0.00019401946337893605,False
kan,generalization,-4,-9,4,0.00014151929644867778,6.36641780147329e-05,0.0001936879998538643,False
kan,generalization,-4,-8,4,0.0002872346085496247,6.874091923236847e-05,0.0007611090550199151,False
kan,generalization,-4,-7,4,0.00011907109364983626,5.131576835992746e-05,0.0003472981334198266,False
kan,generalization,-4,-6,4,0.00014602846204070374,0.00011230215022806078,0.0005449145101010799,False
kan,generalization,-4,-5,4,0.00013350418157642707,7.176811050157994e-05,0.00014289039245340973,False
kan,generalization,-4,-4,4,0.028597651980817318,0.024570630863308907,0.02984641119837761,True
kan,generalization,-4,-3,4,0.00010895730156335048,8.361763320863247e-05,0.00019355965196155012,False
kan,generalization,-4,-2,4,0.0001558873918838799,0.00011151524813612923,0.00032807092065922916,False
kan,generalization,-4,-1,4,0.00024545221094740555,6.261154339881614e-05,0.0003567298990674317,False
kan,generalization,-4,0,4,0.0004046969406772405,0.0002022741682594642,0.000885844579897821,False
kan,generalization,-4,1,4,0.00013044716615695506,9.754284837981686e-05,0.00024077041598502547,False
kan,generalization,-4,2,4,0.00017262460096389987,6.896515697007999e-05,0.0002480544790159911,False
kan,generalization,-4,3,4,0.0001638064204598777,0.0001475400640629232,0.00027338627842254937,False
kan,generalization,-4,4,4,0.00011579388956306502,5.2948449592804536e-05,0.0003409094351809472,False
kan,generalization,-4,5,4,0.00012711195813608356,0.00010489333362784237,0.00022439596068579704,False
kan,generalization,-4,6,4,9.258207137463614e-05,7.16792419552803e-05,0.00012023252929793671,False
kan,generalization,-4,7,4,0.00014634361286880448,0.00012007752229692414,0.00019499620248097926,False
kan,generalization,-4,8,4,8.781020369497128e-05,4.2300620407331735e-05,0.00037238537333905697,False
kan,generalization,-4,9,4,0.0001267060506506823,0.00011947264283662662,0.0001461031788494438,False
kan,generalization,-4,10,4,0.00013231243065092713,8.002090180525556e-05,0.00018367015582043678,False
kan,generalization,-4,11,4,0.00011405138502595946,9.681627852842212e-05,0.00036567484494298697,False
kan,generalization,-4,12,4,9.957891234080307e-05,7.34185305191204e-05,0.00012131577386753634,False
kan,generalization,-4,13,4,0.0001640132104512304,4.573541446006857e-05,0.0002776978653855622,False
kan,generalization,-4,14,4,0.0001566452338011004,3.50997615896631e-05,0.0002266739757033065,False
kan,generalization,-4,15,4,0.00012229697676957585,6.325541471596807e-05,0.00015046181215438992,False
kan,generalization,-3,-15,4,0.00010674274381017312,6.10901988693513e-05,0.0002425659040454775,False
kan,generalization,-3,-14,4,9.198736370308325e-05,6.0401493101380765e-05,0.00026858309865929186,False
kan,generalization,-3,-13,4,0.00013298225894686766,7.266694592544809e-05,0.00016560961375944316,False
kan,generalization,-3,-12,4,0.00015368080494226888,8.431866444880143e-05,0.00018674679449759424,False
kan,generalization,-3,-11,4,0.0001298873612540774,6.345551082631573e-05,0.00015436290414072573,False
kan,generalization,-3,-10,4,0.0001652130413276609,8.887112198863178e-05,0.00024622405180707574,False
kan,generalization,-3,-9,4,0.0001662527720327489,5.5727054132148623e-05,0.00023042653629090637,False
kan,generalization,-3,-8,4,0.00021780804672744125,9.159387991530821e-05,0.00026946800062432885,False
kan,generalization,-3,-7,4,8.644208355690353e-05,7.04889971530065e-05,0.00025259715039283037,False
kan,generalization,-3,-6,4,0.00015422391152242199,0.00010430371185066178,0.0002362014347454533,False
kan,generalization,-3,-5,4,0.00013687970931641757,6.0242840845603496e-05,0.00017927370208781213,False
kan,generalization,-3,-4,4,0.00012642485307878815,4.855629595112987e-05,0.0001371682301396504,False
kan,generalization,-3,-3,4,0.029139413498342037,0.018032416701316833,0.029995199292898178,True
kan,generalization,-3,-2,4,0.00019059468468185514,9.182032954413444e-05,0.00026640642317943275,False
kan,generalization,-3,-1,4,0.0001820959514589049,5.208123184274882e-05,0.00023580568085890263,False
kan,generalization,-3,0,4,0.000423381119617261,0.0003173512523062527,0.00047375221038237214,False
kan,generalization,-3,1,4,0.00014982070570113137,0.00010804687190102413,0.0001758002326823771,False
kan,generalization,-3,2,4,0.00018254104361403733,7.467788236681372e-05,0.00023373222211375833,False
kan,generalization,-3,3,4,0.00012990995310246944,9.737986692925915e-05,0.0002810703299473971,False
kan,generalization,-3,4,4,0.00011036021169275045,5.312138455337845e-05,0.0001223732397193089,False
kan,generalization,-3,5,4,9.225830945069902e-05,5.07042022945825e-05,0.00013377565483096987,False
kan,generalization,-3,6,4,0.00010344057955080643,9.172257705358788e-05,0.0002083990111714229,False
kan,generalization,-3,7,4,8.391663504880853e-05,7.376769644906744e-05,0.00021163668134249747,False
kan,generalization,-3,8,4,0.00015816991071915254,7.010583067312837e-05,0.0002437881485093385,False
kan,generalization,-3,9,4,0.00011794488455052488,7.794636621838436e-05,0.0002450407773721963,False
kan,generalization,-3,10,4,0.00015981230535544455,7.18095398042351e-05,0.00032170015037991107,False
kan,generalization,-3,11,4,0.0001453798613511026,7.415719301206991e-05,0.00020701999892480671,False
kan,generalization,-3,12,4,0.00016222132398979738,9.988500096369535e-05,0.00021176395239308476,False
kan,generalization,-3,13,4,7.72693474573316e-05,5.7018158258870244e-05,0.0001270898646907881,False
kan,generalization,-3,14,4,0.0001798503872123547,6.92024186719209e-05,0.00021177127200644463,False
kan,generalization,-3,15,4,0.0001537874122732319,8.314209117088467e-05,0.00021096009004395455,False
kan,generalization,-2,-15,4,0.000128798586956691,0.00012088953371858224,0.00027946822228841484,False
kan,generalization,-2,-14,4,0.00013419587412499823,3.7992867873981595e-05,0.00018703023670241237,False
kan,generalization,-2,-13,4,0.00016578519716858864,6.100448808865622e-05,0.00017171759100165218,False
kan,generalization,-2,-12,4,0.00012605883239302784,5.516459350474179e-05,0.0001360814640065655,False
kan,generalization,-2,-11,4,8.491953121847473e-05,5.634032640955411e-05,0.0001676733372732997,False
kan,generalization,-2,-10,4,0.0001849872642196715,7.496183388866484e-05,0.0003595402231439948,False
kan,generalization,-2,-9,4,0.00012249172505107708,0.00011270903632976115,0.00013446349475998431,False
kan,generalization,-2,-8,4,0.00015174312284216285,6.575042789336294e-05,0.00040080008329823613,False
kan,generalization,-2,-7,4,7.977470886544324e-05,5.91033895034343e-05,0.00013135386689100415,False
kan,generalization,-2,-6,4,0.0001418169922544621,5.176679042051546e-05,0.00038293894613161683,False
kan,generalization,-2,-5,4,0.00014502567864838056,9.927347127813846e-05,0.0001905921963043511,False
kan,generalization,-2,-4,4,0.00016615366621408612,8.690501272212714e-05,0.00026345145306549966,False
kan,generalization,-2,-3,4,0.0001183395397674758,4.552909013000317e-05,0.000144052755786106,False
kan,generalization,-2,-2,4,0.02812244463711977,0.025459351018071175,0.03045748546719551,True
kan,generalization,-2,-1,4,0.00018796121003106236,9.249210415873677e-05,0.0004613178607542068,False
kan,generalization,-2,0,4,0.0004098109930055216,0.00020105599833186716,0.0005109414923936129,False
kan,generalization,-2,1,4,0.00017079315148293972,0.00010849720274563879,0.0002972802903968841,False
kan,generalization,-2,2,4,0.0001590963947819546,8.862218965077773e-05,0.00023337325546890497,False
kan,generalization,-2,3,4,0.00016325717297149822,0.00013736549590248615,0.0002050050243269652,False
kan,generalization,-2,4,4,8.631214950582944e-05,5.642043106490746e-05,0.0002329773997189477,False
kan,generalization,-2,5,4,0.00015140459436224774,0.00010340263543184847,0.0002133678353857249,False
kan,generalization,-2,6,4,0.00017292710253968835,0.0001336527056992054,0.0004381199541967362,False
kan,generalization,-2,7,4,0.0001347487086604815,0.00010476596071384847,0.00018778043158818036,False
kan,generalization,-2,8,4,0.00017788909462979063,3.532633854774758e-05,0.0003419078711885959,False
kan,generalization,-2,9,4,0.0001281937766179908,9.412022336618975e-05,0.00018607931269798428,False
kan,generalization,-2,10,4,0.00017662364552961662,8.140319550875574e-05,0.00022911233827471733,False
kan,generalization,-2,11,4,0.000163952361617703,8.006113057490438e-05,0.00024263646628241986,False
kan,generalization,-2,12,4,9.456845509703271e-05,7.640422700205818e-05,0.00017290824325755239,False
kan,generalization,-2,13,4,9.535567733109929e-05,6.289041630225256e-05,0.00015868763148318976,False
kan,generalization,-2,14,4,7.515904144383967e-05,3.6432844353839755e-05,0.00011784294474637136,False
kan,generalization,-2,15,4,0.00027737754862755537,9.614455484552309e-05,0.0003499012382235378,False
kan,generalization,-1,-15,4,0.0002592168311821297,0.00022368368809111416,0.0003777415258809924,False
kan,generalization,-1,-14,4,0.0002538448679842986,0.00014606777403969318,0.00034503673668950796,False
kan,generalization,-1,-13,4,0.00014420848310692236,9.152757411357015e-05,0.0001739476138027385,False
kan,generalization,-1,-12,4,0.00015227800031425431,6.829429185017943e-05,0.00017739651957526803,False
kan,generalization,-1,-11,4,0.00036831520264968276,0.00010480776109034196,0.0005016439827159047,False
kan,generalization,-1,-10,4,0.00019471332052489743,5.219535159994848e-05,0.0003275557537563145,False
kan,generalization,-1,-9,4,0.00020887890423182398,0.0001416442246409133,0.0003528040542732924,False
kan,generalization,-1,-8,4,0.0001620864713913761,9.718123328639194e-05,0.00024423273862339556,False
kan,generalization,-1,-7,4,0.00020525568834273145,6.417529220925644e-05,0.0003088075900450349,False
kan,generalization,-1,-6,4,0.0001691200814093463,0.0001234720111824572,0.00031746437889523804,False
kan,generalization,-1,-5,4,0.00021313531760824844,6.652544107055292e-05,0.00040898314910009503,False
kan,generalization,-1,-4,4,0.00012993519703741185,0.00010161025420529768,0.00017805704555939883,False
kan,generalization,-1,-3,4,0.00035045498225372285,0.0001164630739367567,0.0005002534599043429,False
kan,generalization,-1,-2,4,0.0002686795633053407,0.0001544971310067922,0.0002808349090628326,False
kan,generalization,-1,-1,4,0.02397969365119934,0.02166806161403656,0.029124625027179718,True
kan,generalization,-1,0,4,0.0004717385600088164,0.0002200414310209453,0.0008571125217713416,False
kan,generalization,-1,1,4,0.00018557150178821757,0.00011225794878555462,0.00030071649234741926,False
kan,generalization,-1,2,4,0.00026821409846888855,0.00011554089724086225,0.00042765677790157497,False
kan,generalization,-1,3,4,0.00024162196496035904,0.0001335730339633301,0.0005075940280221403,False
kan,generalization,-1,4,4,0.0001739174549584277,6.848885823274031e-05,0.0003832759684883058,False
kan,generalization,-1,5,4,0.0001082514354493469,8.182060992112383e-05,0.00028983037918806076,False
kan,generalization,-1,6,4,0.00015562316548312083,5.9909300034632906e-05,0.00034529343247413635,False
kan,generalization,-1,7,4,0.00012735630662064068,7.341698801610619e-05,0.00019226594304200262,False
kan,generalization,-1,8,4,0.0002493776992196217,0.00019342311134096235,0.0003150257107336074,False
kan,generalization,-1,9,4,0.0002058059981209226,0.00014760743943043053,0.00022541647194884717,False
kan,generalization,-1,10,4,0.00026263265317538753,5.0256112444913015e-05,0.0005409902660176158,False
kan,generalization,-1,11,4,0.0001990344317164272,3.856082912534475e-05,0.001101910718716681,False
kan,generalization,-1,12,4,0.00023026068811304867,0.00011735850421246141,0.00028954900335520506,False
kan,generalization,-1,13,4,0.00012937761130160652,7.981657108757645e-05,0.0002134961832780391,False
kan,generalization,-1,14,4,0.00017053896590368822,9.273053728975356e-05,0.0005320251802913845,False
kan,generalization,-1,15,4,0.0002185631892643869,0.00016583388787694275,0.0002723979705478996,False
kan,generalization,0,-15,4,0.0005107551551191136,0.0003463116299826652,0.0010434190044179559,False
kan,generalization,0,-14,4,0.0005956948734819889,0.00046053645201027393,0.0006896017002873123,False
kan,generalization,0,-13,4,0.0007752812234684825,0.00019979936769232154,0.0013102227821946144,False
kan,generalization,0,-12,4,0.0003865470425807871,0.00018109877419192344,0.0006851032958365977,False
kan,generalization,0,-11,4,0.0005825250700581819,0.0003061224124394357,0.000752534600906074,False
kan,generalization,0,-10,4,0.0007066396647132933,0.00030793697806075215,0.0009106825455091894,False
kan,generalization,0,-9,4,0.00039992005622480065,0.00025921963970176876,0.0006732146139256656,False
kan,generalization,0,-8,4,0.000558014668058604,0.0003584050864446908,0.0010961266234517097,False
kan,generalization,0,-7,4,0.0006195840251166373,0.00027710842550732195,0.0009604851366020739,False
kan,generalization,0,-6,4,0.0006372199713950977,0.00040885654743760824,0.0008550322381779552,False
kan,generalization,0,-5,4,0.0003461925371084362,0.0002527477336116135,0.0006411441136151552,False
kan,generalization,0,-4,4,0.000756207067752257,0.00026467101997695863,0.0012503281468525529,False
kan,generalization,0,-3,4,0.000777372857555747,0.0006300597451627254,0.0012310610618442297,False
kan,generalization,0,-2,4,0.00069541105767712,0.0005354291060939431,0.0009470212971791625,False
kan,generalization,0,-1,4,0.0004927960690110922,0.0003049451916012913,0.0007089846767485142,False
kan,generalization,0,0,4,1.2756643749172334e-16,9.84439293702383e-17,2.512552772649247e-16,False
kan,generalization,0,1,4,0.0004927960690110922,0.0003049451916012913,0.0007089846767485142,False
kan,generalization,0,2,4,0.00069541105767712,0.0005354291060939431,0.0009470212971791625,False
kan,generalization,0,3,4,0.000777372857555747,0.0006300597451627254,0.0012310610618442297,False
kan,generalization,0,4,4,0.000756207067752257,0.00026467101997695863,0.0012503281468525529,False
kan,generalization,0,5,4,0.0003461925371084362,0.0002527477336116135,0.0006411441136151552,False
kan,generalization,0,6,4,0.0006372199713950977,0.00040885654743760824,0.0008550322381779552,False
kan,generalization,0,7,4,0.0006195840251166373,0.00027710842550732195,0.0009604851366020739,False
kan,generalization,0,8,4,0.000558014668058604,0.0003584050864446908,0.0010961266234517097,False
kan,generalization,0,9,4,0.00039992005622480065,0.00025921963970176876,0.0006732146139256656,False
kan,generalization,0,10,4,0.0007066396647132933,0.00030793697806075215,0.0009106825455091894,False
kan,generalization,0,11,4,0.0005825250700581819,0.0003061224124394357,0.000752534600906074,False
kan,generalization,0,12,4,0.0003865470425807871,0.00018109877419192344,0.0006851032958365977,False
kan,generalization,0,13,4,0.0007752812234684825,0.00019979936769232154,0.0013102227821946144,False
kan,generalization,0,14,4,0.0005956948734819889,0.00046053645201027393,0.0006896017002873123,False
kan,generalization,0,15,4,0.0005107551551191136,0.0003463116299826652,0.0010434190044179559,False
kan,generalization,1,-15,4,0.0002185631892643869,0.00016583388787694275,0.0002723979705478996,False
kan,generalization,1,-14,4,0.00017053896590368822,9.273053728975356e-05,0.0005320251802913845,False
kan,generalization,1,-13,4,0.00012937761130160652,7.981657108757645e-05,0.0002134961832780391,False
kan,generalization,1,-12,4,0.00023026068811304867,0.00011735850421246141,0.00028954900335520506,False
kan,generalization,1,-11,4,0.0001990344317164272,3.856082912534475e-05,0.001101910718716681,False
kan,generalization,1,-10,4,0.00026263265317538753,5.0256112444913015e-05,0.0005409902660176158,False
kan,generalization,1,-9,4,0.0002058059981209226,0.00014760743943043053,0.00022541647194884717,False
kan,generalization,1,-8,4,0.0002493776992196217,0.00019342311134096235,0.0003150257107336074,False
kan,generalization,1,-7,4,0.00012735630662064068,7.341698801610619e-05,0.00019226594304200262,False
kan,generalization,1,-6,4,0.00015562316548312083,5.9909300034632906e-05,0.00034529343247413635,False
kan,generalization,1,-5,4,0.0001082514354493469,8.182060992112383e-05,0.00028983037918806076,False
kan,generalization,1,-4,4,0.0001739174549584277,6.848885823274031e-05,0.0003832759684883058,False
kan,generalization,1,-3,4,0.00024162196496035904,0.0001335730339633301,0.0005075940280221403,False
kan,generalization,1,-2,4,0.00026821409846888855,0.00011554089724086225,0.00042765677790157497,False
kan,generalization,1,-1,4,0.00018557150178821757,0.00011225794878555462,0.00030071649234741926,False
kan,generalization,1,0,4,0.0004717385600088164,0.0002200414310209453,0.0008571125217713416,False
kan,generalization,1,1,4,0.023979694582521915,0.02166805975139141,0.029124625027179718,True
kan,generalization,1,2,4,0.0002686795633053407,0.0001544971310067922,0.0002808349090628326,False
kan,generalization,1,3,4,0.00035045498225372285,0.0001164630739367567,0.0005002534599043429,False
kan,generalization,1,4,4,0.00012993519703741185,0.00010161025420529768,0.00017805704555939883,False
kan,generalization,1,5,4,0.00021313531760824844,6.652544107055292e-05,0.00040898314910009503,False
kan,generalization,1,6,4,0.0001691200814093463,0.0001234720111824572,0.00031746437889523804,False
kan,generalization,1,7,4,0.00020525568834273145,6.417529220925644e-05,0.0003088075900450349,False
kan,generalization,1,8,4,0.0001620864713913761,9.718123328639194e-05,0.00024423273862339556,False
kan,generalization,1,9,4,0.00020887890423182398,0.0001416442246409133,0.0003528040542732924,False
kan,generalization,1,10,4,0.00019471332052489743,5.219535159994848e-05,0.0003275557537563145,False
kan,generalization,1,11,4,0.00036831520264968276,0.00010480776109034196,0.0005016439827159047,False
kan,generalization,1,12,4,0.00015227800031425431,6.829429185017943e-05,0.00017739651957526803,False
kan,generalization,1,13,4,0.00014420848310692236,9.152757411357015e-05,0.0001739476138027385,False
kan,generalization,1,14,4,0.0002538448679842986,0.00014606777403969318,0.00034503673668950796,False
kan,generalization,1,15,4,0.0002592168311821297,0.00022368368809111416,0.0003777415258809924,False
kan,generalization,2,-15,4,0.00027737754862755537,9.614455484552309e-05,0.0003499012382235378,False
kan,generalization,2,-14,4,7.515904144383967e-05,3.6432844353839755e-05,0.00011784294474637136,False
kan,generalization,2,-13,4,9.535567733109929e-05,6.289041630225256e-05,0.00015868763148318976,False
kan,generalization,2,-12,4,9.456845509703271e-05,7.640422700205818e-05,0.00017290824325755239,False
kan,generalization,2,-11,4,0.000163952361617703,8.006113057490438e-05,0.00024263646628241986,False
kan,generalization,2,-10,4,0.00017662364552961662,8.140319550875574e-05,0.00022911233827471733,False
kan,generalization,2,-9,4,0.0001281937766179908,9.412022336618975e-05,0.00018607931269798428,False
kan,generalization,2,-8,4,0.00017788909462979063,3.532633854774758e-05,0.0003419078711885959,False
kan,generalization,2,-7,4,0.0001347487086604815,0.00010476596071384847,0.00018778043158818036,False
kan,generalization,2,-6,4,0.00017292710253968835,0.0001336527056992054,0.0004381199541967362,False
kan,generalization,2,-5,4,0.00015140459436224774,0.00010340263543184847,0.0002133678353857249,False
kan,generalization,2,-4,4,8.631214950582944e-05,5.642043106490746e-05,0.0002329773997189477,False
kan,generalization,2,-3,4,0.00016325717297149822,0.00013736549590248615,0.0002050050243269652,False
kan,generalization,2,-2,4,0.0001590963947819546,8.862218965077773e-05,0.00023337325546890497,False
kan,generalization,2,-1,4,0.00017079315148293972,0.00010849720274563879,0.0002972802903968841,False
kan,generalization,2,0,4,0.0004098109930055216,0.00020105599833186716,0.0005109414923936129,False
kan,generalization,2,1,4,0.00018796121003106236,9.249210415873677e-05,0.0004613178607542068,False
kan,generalization,2,2,4,0.02812244463711977,0.025459351018071175,0.03045748546719551,True
kan,generalization,2,3,4,0.0001183395397674758,4.552909013000317e-05,0.000144052755786106,False
kan,generalization,2,4,4,0.00016615366621408612,8.690501272212714e-05,0.00026345145306549966,False
kan,generalization,2,5,4,0.00014502567864838056,9.927347127813846e-05,0.0001905921963043511,False
kan,generalization,2,6,4,0.0001418169922544621,5.176679042051546e-05,0.00038293894613161683,False
kan,generalization,2,7,4,7.977470886544324e-05,5.91033895034343e-05,0.00013135386689100415,False
kan,generalization,2,8,4,0.00015174312284216285,6.575042789336294e-05,0.00040080008329823613,False
kan,generalization,2,9,4,0.00012249172505107708,0.00011270903632976115,0.00013446349475998431,False
kan,generalization,2,10,4,0.0001849872642196715,7.496183388866484e-05,0.0003595402231439948,False
kan,generalization,2,11,4,8.491953121847473e-05,5.634032640955411e-05,0.0001676733372732997,False
kan,generalization,2,12,4,0.00012605883239302784,5.516459350474179e-05,0.0001360814640065655,False
kan,generalization,2,13,4,0.00016578519716858864,6.100448808865622e-05,0.00017171759100165218,False
kan,generalization,2,14,4,0.00013419587412499823,3.7992867873981595e-05,0.00018703023670241237,False
kan,generalization,2,15,4,0.000128798586956691,0.00012088953371858224,0.00027946822228841484,False
kan,generalization,3,-15,4,0.0001537874122732319,8.314209117088467e-05,0.00021096009004395455,False
kan,generalization,3,-14,4,0.0001798503872123547,6.92024186719209e-05,0.00021177127200644463,False
kan,generalization,3,-13,4,7.72693474573316e-05,5.7018158258870244e-05,0.0001270898646907881,False
kan,generalization,3,-12,4,0.00016222132398979738,9.988500096369535e-05,0.00021176395239308476,False
kan,generalization,3,-11,4,0.0001453798613511026,7.415719301206991e-05,0.00020701999892480671,False
kan,generalization,3,-10,4,0.00015981230535544455,7.18095398042351e-05,0.00032170015037991107,False
kan,generalization,3,-9,4,0.00011794488455052488,7.794636621838436e-05,0.0002450407773721963,False
kan,generalization,3,-8,4,0.00015816991071915254,7.010583067312837e-05,0.0002437881485093385,False
kan,generalization,3,-7,4,8.391663504880853e-05,7.376769644906744e-05,0.00021163668134249747,False
kan,generalization,3,-6,4,0.00010344057955080643,9.172257705358788e-05,0.0002083990111714229,False
kan,generalization,3,-5,4,9.225830945069902e-05,5.07042022945825e-05,0.00013377565483096987,False
kan,generalization,3,-4,4,0.00011036021169275045,5.312138455337845e-05,0.0001223732397193089,False
kan,generalization,3,-3,4,0.00012990995310246944,9.737986692925915e-05,0.0002810703299473971,False
kan,generalization,3,-2,4,0.00018254104361403733,7.467788236681372e-05,0.00023373222211375833,False
kan,generalization,3,-1,4,0.00014982070570113137,0.00010804687190102413,0.0001758002326823771,False
kan,generalization,3,0,4,0.000423381119617261,0.0003173512523062527,0.00047375221038237214,False
kan,generalization,3,1,4,0.0001820959514589049,5.208123184274882e-05,0.00023580568085890263,False
kan,generalization,3,2,4,0.00019059468468185514,9.182032954413444e-05,0.00026640642317943275,False
kan,generalization,3,3,4,0.029139413498342037,0.018032416701316833,0.029995199292898178,True
kan,generalization,3,4,4,0.00012642485307878815,4.855629595112987e-05,0.0001371682301396504,False
kan,generalization,3,5,4,0.00013687970931641757,6.0242840845603496e-05,0.00017927370208781213,False
kan,generalization,3,6,4,0.00015422391152242199,0.00010430371185066178,0.0002362014347454533,False
kan,generalization,3,7,4,8.644208355690353e-05,7.04889971530065e-05,0.00025259715039283037,False
kan,generalization,3,8,4,0.00021780804672744125,9.159387991530821e-05,0.00026946800062432885,False
kan,generalization,3,9,4,0.0001662527720327489,5.5727054132148623e-05,0.00023042653629090637,False
kan,generalization,3,10,4,0.0001652130413276609,8.887112198863178e-05,0.00024622405180707574,False
kan,generalization,3,11,4,0.0001298873612540774,6.345551082631573e-05,0.00015436290414072573,False
kan,generalization,3,12,4,0.00015368080494226888,8.431866444880143e-05,0.00018674679449759424,False
kan,generalization,3,13,4,0.00013298225894686766,7.266694592544809e-05,0.00016560961375944316,False
kan,generalization,3,14,4,9.198736370308325e-05,6.0401493101380765e-05,0.00026858309865929186,False
kan,generalization,3,15,4,0.00010674274381017312,6.10901988693513e-05,0.0002425659040454775,False
kan,generalization,4,-15,4,0.00012229697676957585,6.325541471596807e-05,0.00015046181215438992,False
kan,generalization,4,-14,4,0.0001566452338011004,3.50997615896631e-05,0.0002266739757033065,False
kan,generalization,4,-13,4,0.0001640132104512304,4.573541446006857e-05,0.0002776978653855622,False
kan,generalization,4,-12,4,9.957891234080307e-05,7.34185305191204e-05,0.00012131577386753634,False
kan,generalization,4,-11,4,0.00011405138502595946,9.681627852842212e-05,0.00036567484494298697,False
kan,generalization,4,-10,4,0.00013231243065092713,8.002090180525556e-05,0.00018367015582043678,False
kan,generalization,4,-9,4,0.0001267060506506823,0.00011947264283662662,0.0001461031788494438,False
kan,generalization,4,-8,4,8.781020369497128e-05,4.2300620407331735e-05,0.00037238537333905697,False
kan,generalization,4,-7,4,0.00014634361286880448,0.00012007752229692414,0.00019499620248097926,False
kan,generalization,4,-6,4,9.258207137463614e-05,7.16792419552803e-05,0.00012023252929793671,False
kan,generalization,4,-5,4,0.00012711195813608356,0.00010489333362784237,0.00022439596068579704,False
kan,generalization,4,-4,4,0.00011579388956306502,5.2948449592804536e-05,0.0003409094351809472,False
kan,generalization,4,-3,4,0.0001638064204598777,0.0001475400640629232,0.00027338627842254937,False
kan,generalization,4,-2,4,0.00017262460096389987,6.896515697007999e-05,0.0002480544790159911,False
kan,generalization,4,-1,4,0.00013044716615695506,9.754284837981686e-05,0.00024077041598502547,False
kan,generalization,4,0,4,0.0004046969406772405,0.0002022741682594642,0.000885844579897821,False
kan,generalization,4,1,4,0.00024545221094740555,6.261154339881614e-05,0.0003567298990674317,False
kan,generalization,4,2,4,0.0001558873918838799,0.00011151524813612923,0.00032807092065922916,False
kan,generalization,4,3,4,0.00010895730156335048,8.361763320863247e-05,0.00019355965196155012,False
kan,generalization,4,4,4,0.028597651980817318,0.024570630863308907,0.02984641119837761,True
kan,generalization,4,5,4,0.00013350418157642707,7.176811050157994e-05,0.00014289039245340973,False
kan,generalization,4,6,4,0.00014602846204070374,0.00011230215022806078,0.0005449145101010799,False
kan,generalization,4,7,4,0.00011907109364983626,5.131576835992746e-05,0.0003472981334198266,False
kan,generalization,4,8,4,0.0002872346085496247,6.874091923236847e-05,0.0007611090550199151,False
kan,generalization,4,9,4,0.00014151929644867778,6.36641780147329e-05,0.0001936879998538643,False
kan,generalization,4,10,4,0.00015535659622401,7.26866492186673e-05,0.00019401946337893605,False
kan,generalization,4,11,4,0.00014413917233468965,8.957331738201901e-05,0.00022027666273061186,False
kan,generalization,4,12,4,0.00011924295176868327,4.320942025515251e-05,0.00018480543803889304,False
kan,generalization,4,13,4,0.0001348464356851764,0.00012019575660815462,0.0001752716925693676,False
kan,generalization,4,14,4,0.00015082531899679452,5.955580127192661e-05,0.00020006822887808084,False
kan,generalization,4,15,4,0.00020145659073023126,5.178178253117949e-05,0.00022368920326698571,False
kan,generalization,5,-15,4,0.0001580334355821833,0.0001239091798197478,0.0002482114068698138,False
kan,generalization,5,-14,4,9.970058090402745e-05,5.010576205677353e-05,0.00013484052033163607,False
kan,generalization,5,-13,4,8.164490645867772e-05,4.4644370063906536e-05,0.00013657969248015434,False
kan,generalization,5,-12,4,9.080492600332946e-05,8.044207061175257e-05,0.00020238108118064702,False
kan,generalization,5,-11,4,0.00010891306374105625,5.976041575195268e-05,0.0001284006575588137,False
kan,generalization,5,-10,4,0.00011248024384258315,6.500171002699062e-05,0.0001596350921317935,False
kan,generalization,5,-9,4,0.0001105122355511412,6.779468822060153e-05,0.00021925444889348,False
kan,generalization,5,-8,4,0.00011739508045138791,4.0620387153467163e-05,0.0002519762492738664,False
kan,generalization,5,-7,4,8.614991384092718e-05,6.025582842994481e-05,0.0001830519613577053,False
kan,generalization,5,-6,4,8.576019899919629e-05,6.878030399093404e-05,0.00010024888615589589,False
kan,generalization,5,-5,4,9.566085282131098e-05,8.674291893839836e-05,0.00018466437177266926,False
kan,generalization,5,-4,4,0.00011319823533995077,8.138822886394337e-05,0.00013904308434575796,False
kan,generalization,5,-3,4,0.00011523627836140804,9.248805145034567e-05,0.00018775714852381498,False
kan,generalization,5,-2,4,0.0001306953163293656,7.391712279058993e-05,0.0001819090248318389,False
kan,generalization,5,-1,4,0.00017110352928284556,0.00013799977023154497,0.0002444575948175043,False
kan,generalization,5,0,4,0.0003682966489577666,0.00033485679887235165,0.00045443177805282176,False
kan,generalization,5,1,4,0.00012570686885737814,7.886574167059734e-05,0.00018345254648011178,False
kan,generalization,5,2,4,0.0001449156552553177,0.0001117619831347838,0.0001740448351483792,False
kan,generalization,5,3,4,0.00012391311975079589,7.042030483717099e-05,0.0002980029967147857,False
kan,generalization,5,4,4,0.00015685577818658203,6.687948916805908e-05,0.00020388573466334492,False
kan,generalization,5,5,4,0.03031020797789097,0.029590625315904617,0.030387774109840393,True
kan,generalization,5,6,4,0.00010906795796472579,7.613714114995673e-05,0.0001454895973438397,False
kan,generalization,5,7,4,0.00010519725037738681,9.297383076045662e-05,0.0001283234596485272,False
kan,generalization,5,8,4,0.00012900133515358903,3.885403566528112e-05,0.0002005331334657967,False
kan,generalization,5,9,4,0.00010732519513112493,7.033297151792794e-05,0.00011779343185480684,False
kan,generalization,5,10,4,0.00022271368652582169,0.00010800446762004867,0.0002399757649982348,False
kan,generalization,5,11,4,8.99676433618879e-05,5.68525938433595e-05,0.00020772348216269165,False
kan,generalization,5,12,4,0.00010593040497042239,9.230608702637255e-05,0.00014875683700665832,False
kan,generalization,5,13,4,0.00011780221393564716,6.871204095659778e-05,0.00012456453987397254,False
kan,generalization,5,14,4,0.0001050784885592293,6.017738996888511e-05,0.00017792992002796382,False
kan,generalization,5,15,4,0.00013182406109990552,7.021056080702692e-05,0.00021634373115375638,False
kan,generalization,6,-15,4,0.0001945088224601932,5.679742025677115e-05,0.0002456529182381928,False
kan,generalization,6,-14,4,0.00013510869757737964,5.366808545659296e-05,0.00030636967858299613,False
kan,generalization,6,-13,4,8.577681728638709e-05,6.277970533119515e-05,0.0003584790392778814,False
kan,generalization,6,-12,4,9.105952631216496e-05,6.768736056983471e-05,0.0002623738837428391,False
kan,generalization,6,-11,4,0.00016347778000636026,7.535649638157338e-05,0.0002456695365253836,False
kan,generalization,6,-10,4,0.00015059879660839215,0.00012662893277592957,0.00017926841974258423,False
kan,generalization,6,-9,4,0.00015023328887764364,7.216992526082322e-05,0.00037761699059046805,False
kan,generalization,6,-8,4,0.00020729400421259925,8.698282181285322e-05,0.0005880352691747248,False
kan,generalization,6,-7,4,0.00012252859960426576,6.519466114696115e-05,0.00019115395843982697,False
kan,generalization,6,-6,4,8.505045843776315e-05,5.1899121899623424e-05,0.00019799669098574668,False
kan,generalization,6,-5,4,0.0001437556311429944,9.42164842854254e-05,0.00026185065507888794,False
kan,generalization,6,-4,4,7.952849409775808e-05,6.324344576569274e-05,0.00031018329900689423,False
kan,generalization,6,-3,4,0.0002760559000307694,7.54106804379262e-05,0.00047699164133518934,False
kan,generalization,6,-2,4,9.750399840413593e-05,8.161646837834269e-05,0.000418795389123261,False
kan,generalization,6,-1,4,0.0002109004999510944,7.916382310213521e-05,0.00037468771915882826,False
kan,generalization,6,0,4,0.0005270583205856383,0.00023981044068932533,0.0009377783862873912,False
kan,generalization,6,1,4,0.00028709828620776534,0.00016725600289646536,0.00037570789572782815,False
kan,generalization,6,2,4,0.00013726309407502413,0.00011671267566271126,0.0006409535999409854,False
kan,generalization,6,3,4,0.0001368773591821082,0.00010580308298813179,0.00044400690239854157,False
kan,generalization,6,4,4,0.00015704898760304786,6.69980508973822e-05,0.0002819955407176167,False
kan,generalization,6,5,4,0.00015334221825469285,0.00010561944509390742,0.0002728471008595079,False
kan,generalization,6,6,4,0.028559455648064613,0.023570295423269272,0.030106566846370697,True
kan,generalization,6,7,4,0.0001272755180252716,9.860166028374806e-05,0.00030665204394608736,False
kan,generalization,6,8,4,0.00021976557763991877,5.387845158111304e-05,0.0003754908393602818,False
kan,generalization,6,9,4,0.0002446360667818226,7.916484901215881e-05,0.0005178329884074628,False
kan,generalization,6,10,4,0.00018318060028832406,9.840303391683847e-05,0.00037315074587240815,False
kan,generalization,6,11,4,0.00012806328595615923,0.00012004931340925395,0.00032051108428277075,False
kan,generalization,6,12,4,0.00016034839427447878,7.90301855886355e-05,0.0005291983834467828,False
kan,generalization,6,13,4,0.00012989410970476456,5.1588758651632816e-05,0.00024520198348909616,False
kan,generalization,6,14,4,0.0001268938576686196,6.783209391869605e-05,0.0002561412693466991,False
kan,generalization,6,15,4,0.00014213467511581257,0.00010309084609616548,0.0001536028867121786,False
kan,generalization,7,-15,4,0.00017412945453543216,8.164220344042405e-05,0.00022031234402675182,False
kan,generalization,7,-14,4,0.00010630497854435816,9.625091479392722e-05,0.0001396148873027414,False
kan,generalization,7,-13,4,0.00013255692829261534,6.0001570091117173e-05,0.00025485680089332163,False
kan,generalization,7,-12,4,0.00011138205081806518,9.679140930529684e-05,0.0002999957068823278,False
kan,generalization,7,-11,4,0.00013664568905369379,7.807167276041582e-05,0.0001885149540612474,False
kan,generalization,7,-10,4,0.0001488302877987735,5.056259760749526e-05,0.0001728823408484459,False
kan,generalization,7,-9,4,0.00010938022387563251,6.286180723691359e-05,0.00013623254199046642,False
kan,generalization,7,-8,4,0.00012569039608933963,6.71114248689264e-05,0.0003851013898383826,False
kan,generalization,7,-7,4,0.00014632719467044808,6.394907541107386e-05,0.00018691700825002044,False
kan,generalization,7,-6,4,0.00012792926281690598,0.00010999588266713545,0.0001669650082476437,False
kan,generalization,7,-5,4,0.00019510172569425777,4.2754796595545486e-05,0.00028194638434797525,False
kan,generalization,7,-4,4,0.00010164404739043675,9.161118941847235e-05,0.0001459095801692456,False
kan,generalization,7,-3,4,0.00012920660810777918,3.633325468399562e-05,0.00018440057465340942,False
kan,generalization,7,-2,4,0.0001336289606115315,8.10308993095532e-05,0.00024218711769208312,False
kan,generalization,7,-1,4,0.00013283293446875177,0.00010965442925225943,0.00017640000442042947,False
kan,generalization,7,0,4,0.0004974025068804622,0.0003365927841514349,0.0007072048028931022,False
kan,generalization,7,1,4,0.00018887028272729367,4.3534157157409936e-05,0.0002605115878395736,False
kan,generalization,7,2,4,0.00019335959950694814,9.857917029876262e-05,0.00025239691603928804,False
kan,generalization,7,3,4,9.432413207832724e-05,8.137446275213733e-05,0.0002683739294297993,False
kan,generalization,7,4,4,0.00012199394041090272,8.00995112513192e-05,0.00017464124539401382,False
kan,generalization,7,5,4,0.0001419641703250818,9.323617996415123e-05,0.00015145236102398485,False
kan,generalization,7,6,4,0.00012125191642553546,9.963225602405146e-05,0.00016603940457571298,False
kan,generalization,7,7,4,0.030032839626073837,0.02925601787865162,0.03158201649785042,True
kan,generalization,7,8,4,0.00022047026141081005,8.913163765100762e-05,0.00032529703457839787,False
kan,generalization,7,9,4,0.00018277543858857825,6.419565761461854e-05,0.0002638932492118329,False
kan,generalization,7,10,4,0.00015927463391562924,0.00011765728413593024,0.00019372260430827737,False
kan,generalization,7,11,4,0.00013305426182341762,0.0001052108927979134,0.00015454574895557016,False
kan,generalization,7,12,4,9.926816710503772e-05,4.0564580558566377e-05,0.00012758384400513023,False
kan,generalization,7,13,4,0.00011631116649368778,7.176160579547286e-05,0.0002329513808945194,False
kan,generalization,7,14,4,0.00014531292981700972,0.00010082327207783237,0.00020195532124489546,False
kan,generalization,7,15,4,0.00016599291848251596,9.187628893414512e-05,0.000311914220219478,False
kan,generalization,8,-15,4,0.0002200975432060659,9.885423060040921e-05,0.00041932924068532884,False
kan,generalization,8,-14,4,0.00014952509809518233,0.00011140662536490709,0.00028290049522183836,False
kan,generalization,8,-13,4,0.00016462981147924438,9.192909055855125e-05,0.0002007056027650833,False
kan,generalization,8,-12,4,0.0001729649375192821,3.49414003721904e-05,0.00039326935075223446,False
kan,generalization,8,-11,4,0.00020686248899437487,6.360239785863087e-05,0.000299622566672042,False
kan,generalization,8,-10,4,0.0002188613943872042,0.0001340037997579202,0.00028696536901406944,False
kan,generalization,8,-9,4,0.0002867314688046463,7.31884574634023e-05,0.0004518508503679186,False
kan,generalization,8,-8,4,0.0002048219830612652,0.00012777795200236142,0.0004686850879807025,False
kan,generalization,8,-7,4,0.00016094515012810007,9.516686259303242e-05,0.00038367489469237626,False
kan,generalization,8,-6,4,0.00012213991067255847,9.137466986430809e-05,0.00012600932677742094,False
kan,generalization,8,-5,4,0.00021407127496786416,6.824623415013775e-05,0.0003009747597388923,False
kan,generalization,8,-4,4,0.0002059313774225302,0.00012648988922592252,0.0006011269288137555,False
kan,generalization,8,-3,4,0.00015301072562579066,0.00012918192078359425,0.0005053065251559019,False
kan,generalization,8,-2,4,0.00016182444232981652,7.515997276641428e-05,0.00022191571770235896,False
kan,generalization,8,-1,4,0.0001870228152256459,0.00010022114292951301,0.00031175994081422687,False
kan,generalization,8,0,4,0.0006069291557651013,0.00045588231296278536,0.0008617533603683114,False
kan,generalization,8,1,4,0.00014411045412998646,0.00011992737563559785,0.0002970447239931673,False
kan,generalization,8,2,4,0.0001919820460898336,8.318265463458374e-05,0.00031322918948717415,False
kan,generalization,8,3,4,0.00015801692643435672,9.520501043880358e-05,0.00035346229560673237,False
kan,generalization,8,4,4,0.00022982950758887455,0.0001841379707911983,0.0005472141201607883,False
kan,generalization,8,5,4,0.00014955441292840987,0.00010660260886652395,0.00026218031416647136,False
kan,generalization,8,6,4,0.00015696504851803184,0.00011619523138506338,0.0002246275544166565,False
kan,generalization,8,7,4,0.00020570339256664738,8.757446630625054e-05,0.0002970216446556151,False
kan,generalization,8,8,4,0.022518165409564972,0.009079508483409882,0.030636832118034363,True
kan,generalization,8,9,4,0.00014789718261454254,0.00013535503239836544,0.00025421741884201765,False
kan,generalization,8,10,4,0.00022394064581021667,0.00019181505194865167,0.00042976546683348715,False
kan,generalization,8,11,4,0.00014755011216038838,0.0001020203490043059,0.00038774244603700936,False
kan,generalization,8,12,4,0.00024643120559630916,0.00012748801964335144,0.0002802486706059426,False
kan,generalization,8,13,4,0.00013205314462538809,0.00012243029777891934,0.00014162104343995452,False
kan,generalization,8,14,4,0.00022195547353476286,0.0001640365517232567,0.00038529362063854933,False
kan,generalization,8,15,4,0.00020568209583871067,0.00011850634473375976,0.00046643876703456044,False
kan,generalization,9,-15,4,0.00016594412591075525,0.00011119106784462929,0.0002075989032164216,False
kan,generalization,9,-14,4,0.00010015141197072808,2.8673344786511734e-05,0.0001725604961393401,False
kan,generalization,9,-13,4,0.00011445070413174108,5.95013661950361e-05,0.00020143079746048898,False
kan,generalization,9,-12,4,0.00014191922673489898,7.886695675551891e-05,0.00018276994524057955,False
kan,generalization,9,-11,4,0.00015794188220752403,9.769989992491901e-05,0.00026252534007653594,False
kan,generalization,9,-10,4,0.0002344504428037908,8.320133929373696e-05,0.0005673787673003972,False
kan,generalization,9,-9,4,0.00022114365856396034,0.00011861151142511517,0.0003076886641792953,False
kan,generalization,9,-8,4,0.00021752384782303125,7.98895925981924e-05,0.000365138694178313,False
kan,generalization,9,-7,4,0.0002200980052293744,6.548730743816122e-05,0.0003903484030161053,False
kan,generalization,9,-6,4,0.00019150520529365167,7.872558489907533e-05,0.00028939053299836814,False
kan,generalization,9,-5,4,0.0001039964918163605,5.38792010047473e-05,0.00018019920389633626,False
kan,generalization,9,-4,4,0.00025105160602834076,0.00012747565051540732,0.0006485161138698459,False
kan,generalization,9,-3,4,0.00010414895950816572,7.280683348653838e-05,0.00021009858755860478,False
kan,generalization,9,-2,4,0.0001409686155966483,0.00011347813415341079,0.0003066544304601848,False
kan,generalization,9,-1,4,0.0002074996955343522,0.00013104961544740945,0.0002591317461337894,False
kan,generalization,9,0,4,0.00044371801777742803,0.00019047751266043633,0.0008273361600004137,False
kan,generalization,9,1,4,0.00019101046927971765,8.983846055343747e-05,0.0002600190637167543,False
kan,generalization,9,2,4,0.00021532108075916767,0.00012041476293234155,0.00034406944178044796,False
kan,generalization,9,3,4,0.0001501163569628261,8.525088196620345e-05,0.0003867981140501797,False
kan,generalization,9,4,4,0.00015378585885628127,0.00010045156523119658,0.00022340580471791327,False
kan,generalization,9,5,4,0.00012982951011508703,6.434473471017554e-05,0.00015039273421280086,False
kan,generalization,9,6,4,0.0002732744615059346,7.445811206707731e-05,0.00048681246698834,False
kan,generalization,9,7,4,0.000237060845392989,7.165114948293194e-05,0.0004006635572295636,False
kan,generalization,9,8,4,0.00010815796122187749,4.9810467317001894e-05,0.0005140748107805848,False
kan,generalization,9,9,4,0.02929897326976061,0.0224893968552351,0.030519608408212662,True
kan,generalization,9,10,4,0.0002353683448745869,0.00016971850709524006,0.00042312542791478336,False
kan,generalization,9,11,4,0.00020886328275082633,0.00010429557005409151,0.0005520049598999321,False
kan,generalization,9,12,4,0.00015179534238995984,0.00010801868484122679,0.0001850150729296729,False
kan,generalization,9,13,4,0.0001110614430217538,0.00010313255188520998,0.00036735108005814254,False
kan,generalization,9,14,4,0.00017051701433956623,0.0001433446304872632,0.0002854974882211536,False
kan,generalization,9,15,4,0.00016622764451312833,4.24062782258261e-05,0.0002241320034954697,False
kan,generalization,10,-15,4,0.00014923400158295408,0.00011546278983587399,0.00031818749266676605,False
kan,generalization,10,-14,4,0.00011857097706524655,0.00011028649169020355,0.0002746376267168671,False
kan,generalization,10,-13,4,0.00016433445125585422,5.487433372763917e-05,0.00022875180002301931,False
kan,generalization,10,-12,4,0.0001398454696754925,0.00010262025170959532,0.0003835442184936255,False
kan,generalization,10,-11,4,0.00015427084872499108,9.748480806592852e-05,0.000520058732945472,False
kan,generalization,10,-10,4,0.00017613400268601254,0.00014844151155557483,0.00035343534545972943,False
kan,generalization,10,-9,4,0.00012518269795691594,8.909745520213619e-05,0.00039160155574791133,False
kan,generalization,10,-8,4,0.00024283681705128402,5.814661562908441e-05,0.0002892172778956592,False
kan,generalization,10,-7,4,0.00011112308493466116,6.430513894883916e-05,0.0002570113865658641,False
kan,generalization,10,-6,4,0.00025592840393073857,0.00010892692807829008,0.00027655865414999425,False
kan,generalization,10,-5,4,0.00014037852815818042,0.00011317282042000443,0.00017473228217568249,False
kan,generalization,10,-4,4,0.00018058168643619865,7.552692841272801e-05,0.0008618597057648003,False
kan,generalization,10,-3,4,0.0002024522182182409,5.5808923207223415e-05,0.00048232884728349745,False
kan,generalization,10,-2,4,0.00020251222304068506,5.844205952598713e-05,0.0003141273627988994,False
kan,generalization,10,-1,4,0.00018408500181976706,9.602471982361749e-05,0.0005964220035821199,False
kan,generalization,10,0,4,0.0003161222848575562,0.0002305225789314136,0.0006856748950667679,False
kan,generalization,10,1,4,0.00019657737720990553,0.00017876722267828882,0.0006877555861137807,False
kan,generalization,10,2,4,0.00018325332348467782,9.305287676397711e-05,0.0006473774556070566,False
kan,generalization,10,3,4,0.0002262578927911818,6.694713374599814e-05,0.0005113041843287647,False
kan,generalization,10,4,4,0.00013780291919829324,6.606327224289998e-05,0.00020854829926975071,False
kan,generalization,10,5,4,0.00017165949975606054,0.00011770623677875847,0.0003324279678054154,False
kan,generalization,10,6,4,0.0001422860732418485,9.591327398084104e-05,0.00026360448100604117,False
kan,generalization,10,7,4,6.543149720528163e-05,5.3870717238169163e-05,0.00012433786469046026,False
kan,generalization,10,8,4,0.000221782160224393,0.00010070126882055774,0.0005640152958221734,False
kan,generalization,10,9,4,0.000113344554847572,7.721669680904597e-05,0.00023523789423052222,False
kan,generalization,10,10,4,0.024918479844927788,0.013349265791475773,0.028371615335345268,True
kan,generalization,10,11,4,0.00015003995213191956,5.769499693997204e-05,0.0011034036288037896,False
kan,generalization,10,12,4,0.00016822267207317054,8.923767018131912e-05,0.00031615811167284846,False
kan,generalization,10,13,4,0.000137910530611407,8.990643254946917e-05,0.0007341607706621289,False
kan,generalization,10,14,4,9.792383571038954e-05,8.832669846015051e-05,0.0005728642572648823,False
kan,generalization,10,15,4,0.0001987745417864062,5.099444751976989e-05,0.00028534684679470956,False
kan,generalization,11,-15,4,0.00015550825628452003,5.985145617160015e-05,0.00025503445067442954,False
kan,generalization,11,-14,4,0.00011418437861721031,7.85583324613981e-05,0.000248473952524364,False
kan,generalization,11,-13,4,0.00014325597294373438,7.921035285107791e-05,0.0002134867972927168,False
kan,generalization,11,-12,4,0.0001346792487311177,0.00010367982758907601,0.00018932799866888672,False
kan,generalization,11,-11,4,9.5687744760653e-05,6.926547939656302e-05,0.00020615542598534375,False
kan,generalization,11,-10,4,0.00019256117229815573,8.466089639114216e-05,0.00022593735775444657,False
kan,generalization,11,-9,4,0.00016760576545493677,0.00012225894897710532,0.00023465442063752562,False
kan,generalization,11,-8,4,0.00012978292943444103,9.174599836114794e-05,0.00016777620476204902,False
kan,generalization,11,-7,4,9.596509335096925e-05,7.14423440513201e-05,0.00011876227654283866,False
kan,generalization,11,-6,4,0.0001501742190157529,8.507497113896534e-05,0.00025960797211155295,False
kan,generalization,11,-5,4,0.00010352354365750216,7.122763781808317e-05,0.0002321123902220279,False
kan,generalization,11,-4,4,0.00011052944319089875,7.06878345226869e-05,0.00015566908405162394,False
kan,generalization,11,-3,4,0.00016967879128060304,0.00010190429020440206,0.0002244991628685966,False
kan,generalization,11,-2,4,0.00021190116967773065,0.00011605084728216752,0.00042430631583556533,False
kan,generalization,11,-1,4,0.00017886167188407853,0.00010326357732992619,0.0002455913636367768,False
kan,generalization,11,0,4,0.0005057163070887327,0.0003947508812416345,0.0007142552058212459,False
kan,generalization,11,1,4,0.0001267681691388134,7.503872620873153e-05,0.0004019537300337106,False
kan,generalization,11,2,4,0.00015082447498571128,0.00014557430404238403,0.00021704974642489105,False
kan,generalization,11,3,4,0.0001282857992919162,0.00011406328121665865,0.00020986473828088492,False
kan,generalization,11,4,4,0.00013027242312091403,0.00010565414413576946,0.00018522978643886745,False
kan,generalization,11,5,4,0.0001481939252698794,7.81751296017319e-05,0.00026411653379909694,False
kan,generalization,11,6,4,0.00014349962293636054,5.942536881775595e-05,0.00019377734861336648,False
kan,generalization,11,7,4,9.463517926633358e-05,6.134692375781015e-05,0.00012217441690154374,False
kan,generalization,11,8,4,0.00011835562327178195,8.764120138948783e-05,0.00020305809448473155,False
kan,generalization,11,9,4,0.00018007745529757813,0.0001398235617671162,0.0002492674393579364,False
kan,generalization,11,10,4,0.00020548015891108662,0.00011709336831700057,0.0005539647536352277,False
kan,generalization,11,11,4,0.02931113913655281,0.02639128640294075,0.03073381632566452,True
kan,generalization,11,12,4,0.00012512184912338853,8.730030822334811e-05,0.0002692389825824648,False
kan,generalization,11,13,4,0.00020527954620774835,5.661361865350045e-05,0.00022004541824571788,False
kan,generalization,11,14,4,8.580957364756614e-05,5.420373781817034e-05,0.00013813817349728197,False
kan,generalization,11,15,4,0.0001640945120016113,0.00012318784138187766,0.00022055685985833406,False
kan,generalization,12,-15,4,0.00012935819177073427,3.6096276744501665e-05,0.0001913348532980308,False
kan,generalization,12,-14,4,0.00010609225137159228,5.801479710498825e-05,0.00015042259474284947,False
kan,generalization,12,-13,4,0.00012756430078297853,5.304541264194995e-05,0.00025514443404972553,False
kan,generalization,12,-12,4,0.0001401203880959656,8.483546116622165e-05,0.00021635119628626853,False
kan,generalization,12,-11,4,9.277892604586668e-05,4.103908213437535e-05,0.0001289597130380571,False
kan,generalization,12,-10,4,0.00018960722809424624,7.667927275178954e-05,0.00034866741043515503,False
kan,generalization,12,-9,4,0.00013733357627643272,6.119893805589527e-05,0.00022164563415572047,False
kan,generalization,12,-8,4,0.00015792915291967802,6.210610445123166e-05,0.0003063720359932631,False
kan,generalization,12,-7,4,0.00012656081526074558,0.0001057966219377704,0.0001711312070256099,False
kan,generalization,12,-6,4,9.201462671626359e-05,7.952976739034057e-05,0.00012984299974050373,False
kan,generalization,12,-5,4,0.00013651439076056704,5.073700594948605e-05,0.0002264670911245048,False
kan,generalization,12,-4,4,0.00010538692367845215,6.820638373028487e-05,0.00021627302339766175,False
kan,generalization,12,-3,4,0.0001919942078529857,8.328746480401605e-05,0.00025153826572932303,False
kan,generalization,12,-2,4,0.00012347475058049895,8.33839803817682e-05,0.0001369997044093907,False
kan,generalization,12,-1,4,7.894880764069967e-05,6.663989915978163e-05,0.00017270440002903342,False
kan,generalization,12,0,4,0.0003395701787667349,0.00029841726063750684,0.00043904432095587254,False
kan,generalization,12,1,4,0.00014326452219393104,0.00011334129521856084,0.00020681865862570703,False
kan,generalization,12,2,4,0.00011270877075730823,9.526444773655385e-05,0.0001308589562540874,False
kan,generalization,12,3,4,0.00011181596346432343,3.679930523503572e-05,0.0003604658704716712,False
kan,generalization,12,4,4,0.00010612097321427427,3.67471257050056e-05,0.00015419542614836246,False
kan,generalization,12,5,4,0.00019766880723182112,8.217166760005057e-05,0.0002628426009323448,False
kan,generalization,12,6,4,9.147692253463902e-05,7.191986514953896e-05,0.0002471920452080667,False
kan,generalization,12,7,4,7.362592077697627e-05,4.730232467409223e-05,7.840282341931015e-05,False
kan,generalization,12,8,4,0.00015318159785238095,5.524055814021267e-05,0.0003719660162460059,False
kan,generalization,12,9,4,8.505100413458422e-05,6.958117592148483e-05,0.0001816762232920155,False
kan,generalization,12,10,4,0.00015335895295720547,0.00012946822971571237,0.00022195422207005322,False
kan,generalization,12,11,4,0.00011575177632039413,7.601043762406334e-05,0.00020061871327925473,False
kan,generalization,12,12,4,0.029869480058550835,0.027838721871376038,0.03126397356390953,True
kan,generalization,12,13,4,9.228812632500194e-05,6.362299609463662e-05,0.00016146765847224742,False
kan,generalization,12,14,4,0.00010573569670668803,4.205560253467411e-05,0.000139489202410914,False
kan,generalization,12,15,4,0.00018339059897698462,9.021732694236562e-05,0.00022751445067115128,False
kan,generalization,13,-15,4,0.0001798931261873804,0.00015055893163662404,0.00018870009807869792,False
kan,generalization,13,-14,4,0.00011511386401252821,6.249728903640062e-05,0.00014260194438975304,False
kan,generalization,13,-13,4,0.00015243762754835188,5.686585063813254e-05,0.00024242515792138875,False
kan,generalization,13,-12,4,0.00011521441410877742,0.00010703473526518792,0.0003232222225051373,False
kan,generalization,13,-11,4,0.00013605192361865193,9.70393666648306e-05,0.00023359761689789593,False
kan,generalization,13,-10,4,0.0001364855343126692,0.0001222661667270586,0.00036837634979747236,False
kan,generalization,13,-9,4,0.00017465095152147114,0.0001158943705377169,0.0001905924582388252,False
kan,generalization,13,-8,4,0.00015037133016448934,4.8348989366786554e-05,0.0002915998047683388,False
kan,generalization,13,-7,4,0.00010315266627003439,7.168597949203104e-05,0.00019190697639714926,False
kan,generalization,13,-6,4,0.00012683356544584967,9.00441809790209e-05,0.00026529168826527894,False
kan,generalization,13,-5,4,0.00014215489500202239,0.00011633721442194656,0.00018652519793249667,False
kan,generalization,13,-4,4,0.00011792843361035921,0.0001094466497306712,0.00018697965424507856,False
kan,generalization,13,-3,4,0.00012655475802603178,7.827803347026929e-05,0.00029079464729875326,False
kan,generalization,13,-2,4,0.0001568368388689123,9.583519567968324e-05,0.0002015257632592693,False
kan,generalization,13,-1,4,0.00017877917707664892,0.00012496022100094706,0.00020748986571561545,False
kan,generalization,13,0,4,0.0002622722531668842,0.00022636754147242755,0.0004254114464856684,False
kan,generalization,13,1,4,0.0001903257507365197,0.0001217807293869555,0.000262622837908566,False
kan,generalization,13,2,4,0.00019289523334009573,0.00012032684753648937,0.00037820744910277426,False
kan,generalization,13,3,4,0.00011091490159742534,5.2451792726060376e-05,0.00016264113946817815,False
kan,generalization,13,4,4,0.00011248309965594672,6.324564310489222e-05,0.0002072213392239064,False
kan,generalization,13,5,4,0.00011505063957883976,6.206391117302701e-05,0.00024095349363051355,False
kan,generalization,13,6,4,0.00011718411406036466,8.569837518734857e-05,0.00021374726202338934,False
kan,generalization,13,7,4,0.00010828380982275121,5.4101106798043475e-05,0.00016478232282679528,False
kan,generalization,13,8,4,0.00011869718946400099,6.018609565217048e-05,0.00024808975285850465,False
kan,generalization,13,9,4,0.00011418436770327389,8.622723544249311e-05,0.00014679768355563283,False
kan,generalization,13,10,4,0.00016257655079243705,0.00010803711484186351,0.00017942392150871456,False
kan,generalization,13,11,4,8.873004844645038e-05,8.482438715873286e-05,0.00013695414236281067,False
kan,generalization,13,12,4,0.00010260313138132915,8.522123971488327e-05,0.00016221973055507988,False
kan,generalization,13,13,4,0.028637178242206573,0.027447231113910675,0.030167987570166588,True
kan,generalization,13,14,4,0.00012102104665245861,5.127651456859894e-05,0.0001638276589801535,False
kan,generalization,13,15,4,0.00013130066872690804,7.177731458796188e-05,0.00025634592748247087,False
kan,generalization,14,-15,4,0.00014018387446412817,1.888173574116081e-05,0.00019273694488219917,False
kan,generalization,14,-14,4,0.00012813084322260693,8.513232023688033e-05,0.00020657734421547502,False
kan,generalization,14,-13,4,0.00011424236436141655,0.00010702513827709481,0.00013644945283886045,False
kan,generalization,14,-12,4,8.562649600207806e-05,4.482520671444945e-05,0.00015440882998518646,False
kan,generalization,14,-11,4,0.00014937674859538674,0.00010819137969519943,0.00015777225780766457,False
kan,generalization,14,-10,4,0.00020899299124721438,0.00018363121489528567,0.00030984284239821136,False
kan,generalization,14,-9,4,0.0001490453287260607,8.050695032579824e-05,0.0002057702949969098,False
kan,generalization,14,-8,4,0.00012991217226954177,2.700568802538328e-05,0.00036618797457776964,False
kan,generalization,14,-7,4,0.00011371973232598975,8.204991172533482e-05,0.0001946955599123612,False
kan,generalization,14,-6,4,9.600315388524905e-05,6.669309368589893e-05,0.00017493007180746645,False
kan,generalization,14,-5,4,0.0001541560050100088,4.032376818940975e-05,0.00021710243890993297,False
kan,generalization,14,-4,4,0.00016070361743913963,9.507580398349091e-05,0.0002468774328008294,False
kan,generalization,14,-3,4,0.00013716647663386539,9.97207171167247e-05,0.0004116345080547035,False
kan,generalization,14,-2,4,0.0001291928274440579,7.399684545816854e-05,0.00023148646869231015,False
kan,generalization,14,-1,4,0.00014782363359699957,0.00010818079317687079,0.0002574194222688675,False
kan,generalization,14,0,4,0.0004957388009643182,0.00024505562032572925,0.0007304869359359145,False
kan,generalization,14,1,4,8.768666884861887e-05,7.51558764022775e-05,0.00029995982185937464,False
kan,generalization,14,2,4,0.0001757649952196516,9.68732128967531e-05,0.0001913712330861017,False
kan,generalization,14,3,4,0.00019505063028191216,3.567599196685478e-05,0.00037395034451037645,False
kan,generalization,14,4,4,0.00015222214278765023,0.00010534437751630321,0.0002867753501050174,False
kan,generalization,14,5,4,0.00010735922114690766,6.5097730839625e-05,0.00017050746828317642,False
kan,generalization,14,6,4,0.00013451090489979833,7.064629608066753e-05,0.00020714181300718337,False
kan,generalization,14,7,4,0.00016377618885599077,0.0001020842173602432,0.00024468725314363837,False
kan,generalization,14,8,4,0.00011380059368093498,4.214582440908998e-05,0.00017915834905579686,False
kan,generalization,14,9,4,0.0001642886345507577,0.00010686736641218886,0.00022564167738892138,False
kan,generalization,14,10,4,0.00019912693096557632,0.0001304889447055757,0.00022725148301105946,False
kan,generalization,14,11,4,0.00011611769514274783,9.752602636581287e-05,0.0003678268112707883,False
kan,generalization,14,12,4,0.00012218897973070852,6.504377961391583e-05,0.00019186786084901541,False
kan,generalization,14,13,4,0.0001281916120206006,9.318910451838747e-05,0.00015839886327739805,False
kan,generalization,14,14,4,0.03021182958036661,0.028700727969408035,0.031612005084753036,True
kan,generalization,14,15,4,0.00021502672461792827,0.00014672001998405904,0.0004059295461047441,False
kan,generalization,15,-15,4,0.0002911926567321643,7.451461715390906e-05,0.00047858708421699703,False
kan,generalization,15,-14,4,0.0001513652241555974,7.408896635752171e-05,0.0002777215267997235,False
kan,generalization,15,-13,4,0.00011786085815401748,7.288817141670734e-05,0.00017034256597980857,False
kan,generalization,15,-12,4,0.00014507788728224114,6.004526585456915e-05,0.00015000466373749077,False
kan,generalization,15,-11,4,0.0001377464723191224,9.29035886656493e-05,0.0001944040268426761,False
kan,generalization,15,-10,4,0.00022725325834471732,0.00019211240578442812,0.0002803182287607342,False
kan,generalization,15,-9,4,0.00012093603436369449,4.821450056624599e-05,0.00016664100985508412,False
kan,generalization,15,-8,4,0.0002472223059157841,9.969473467208445e-05,0.0004942297819070518,False
kan,generalization,15,-7,4,0.00012261183655937202,7.035773887764663e-05,0.00019355914264451712,False
kan,generalization,15,-6,4,0.0001443245892005507,6.817216490162537e-05,0.0002529386547394097,False
kan,generalization,15,-5,4,0.0001629361868253909,9.691341256257147e-05,0.0003441725275479257,False
kan,generalization,15,-4,4,0.00011899792662006803,5.212915857555345e-05,0.00027300670626573265,False
kan,generalization,15,-3,4,0.00012079780572094023,4.4104643166065216e-05,0.00035693508107215166,False
kan,generalization,15,-2,4,0.00016844357742229477,0.00011188351345481351,0.0002411792374914512,False
kan,generalization,15,-1,4,0.00022677455126540735,9.776118531590328e-05,0.0003245847765356302,False
kan,generalization,15,0,4,0.00046700891107320786,0.00021606760856229812,0.0006896769045852125,False
kan,generalization,15,1,4,0.00012703142783720978,7.626383739989251e-05,0.00026528656599111855,False
kan,generalization,15,2,4,0.00016455122386105359,0.0001553083857288584,0.00019462169439066201,False
kan,generalization,15,3,4,0.00010822005424415693,6.08062073297333e-05,0.0001786177308531478,False
kan,generalization,15,4,4,0.00011272445772192441,8.445294224657118e-05,0.00015007995534688234,False
kan,generalization,15,5,4,0.0001481358049204573,7.509993884013966e-05,0.00027099167346023023,False
kan,generalization,15,6,4,0.0001275968097615987,4.353839176474139e-05,0.0003033453249372542,False
kan,generalization,15,7,4,0.00016001236144802533,7.030567212495953e-05,0.00025837565772235394,False
kan,generalization,15,8,4,0.00013853116251993924,4.757418719236739e-05,0.0004417692543938756,False
kan,generalization,15,9,4,0.00012731749302474782,8.210173109546304e-05,0.0003232785384170711,False
kan,generalization,15,10,4,0.0002643325278768316,0.0001796743308659643,0.00040838003042154014,False
kan,generalization,15,11,4,0.00011247667498537339,5.384660835261457e-05,0.0002379772486165166,False
kan,generalization,15,12,4,0.00012458841956686229,0.00011719365284079686,0.00017002363165374845,False
kan,generalization,15,13,4,9.68645945249591e-05,8.572304068366066e-05,0.00014064145216252655,False
kan,generalization,15,14,4,0.00018043825548375025,4.8758633056422696e-05,0.0003877664275933057,False
kan,generalization,15,15,4,0.029482622630894184,0.01993984542787075,0.030100945383310318,True
kan,memorization,-15,-15,5,0.0008907436858862638,0.000459493778180331,0.028879718855023384,True
kan,memorization,-15,-14,5,0.0008200130541808903,0.0005229312810115516,0.001056281733326614,False
kan,memorization,-15,-13,5,0.00040456841816194355,0.0002954830997623503,0.0007832093397155404,False
kan,memorization,-15,-12,5,0.0005593790556304157,0.0003340992843732238,0.0011296226875856519,False
kan,memorization,-15,-11,5,0.0004990961751900613,0.0003107649681624025,0.0007444830844178796,False
kan,memorization,-15,-10,5,0.0003853325906675309,0.0002873722405638546,0.0008184611797332764,False
kan,memorization,-15,-9,5,0.0005924576544202864,0.0005061032134108245,0.0012715840712189674,False
kan,memorization,-15,-8,5,0.0007451485726051033,0.0004389607929624617,0.0013081092620268464,False
kan,memorization,-15,-7,5,0.0005386000848375261,0.00043762745917774737,0.0008717862074263394,False
kan,memorization,-15,-6,5,0.0006475006812252104,0.0003850006323773414,0.000727758975699544,False
kan,memorization,-15,-5,5,0.00047299597645178437,0.0003336733498144895,0.0008589540957473218,False
kan,memorization,-15,-4,5,0.0004631938354577869,0.00029502433608286083,0.0012168751563876867,False
kan,memorization,-15,-3,5,0.0005653088446706533,0.0004387673980090767,0.0010881575290113688,False
kan,memorization,-15,-2,5,0.0005912957130931318,0.00043974487925879657,0.0007133287726901472,False
kan,memorization,-15,-1,5,0.0004761054879054427,0.0002968620683532208,0.0006939865997992456,False
kan,memorization,-15,0,5,0.0035023882519453764,0.0025128198321908712,0.004677549470216036,False
kan,memorization,-15,1,5,0.0007843507337383926,0.00026157646789215505,0.0013158321380615234,False
kan,memorization,-15,2,5,0.0005243689520284534,0.00039902995922602713,0.0007544294930994511,False
kan,memorization,-15,3,5,0.0006936569698154926,0.00036295742029324174,0.0009585793013684452,False
kan,memorization,-15,4,5,0.0004859013424720615,0.0003246510459575802,0.0010198273230344057,False
kan,memorization,-15,5,5,0.00045971202780492604,0.00029006836120970547,0.0007279640412889421,False
kan,memorization,-15,6,5,0.0006267016287893057,0.00028423499315977097,0.0010728590423241258,False
kan,memorization,-15,7,5,0.0004181966942269355,0.00029655167600139976,0.0006432764930650592,False
kan,memorization,-15,8,5,0.0007492189761251211,0.0003678465145640075,0.0013503751251846552,False
kan,memorization,-15,9,5,0.0005952162900939584,0.0004164232814218849,0.0013334875693544745,False
kan,memorization,-15,10,5,0.000540251552592963,0.0002734395384322852,0.0007431427366100252,False
kan,memorization,-15,11,5,0.0005106205935589969,0.00039156549610197544,0.0010412668343633413,False
kan,memorization,-15,12,5,0.0006571407429873943,0.00044098246144130826,0.0013797346036881208,False
kan,memorization,-15,13,5,0.0006698723300360143,0.00018898198322858661,0.0012564784847199917,False
kan,memorization,-15,14,5,0.0006923716282472014,0.0004904834786430001,0.0009270391892641783,False
kan,memorization,-15,15,5,0.0006574048893526196,0.0004100067599210888,0.0014984740410000086,False
kan,memorization,-14,-15,5,0.0005871597095392644,0.00038514373591169715,0.001328721409663558,False
kan,memorization,-14,-14,5,0.00694616325199604,0.0014162377920001745,0.02042599394917488,True
kan,memorization,-14,-13,5,0.0005726540111936629,0.0003966859949287027,0.0008955386001616716,False
kan,memorization,-14,-12,5,0.0007002436905167997,0.0006393020157702267,0.0010291232028976083,False
kan,memorization,-14,-11,5,0.0009088839287869632,0.00046250905143097043,0.001163001637905836,False
kan,memorization,-14,-10,5,0.0006511198589578271,0.0003167955146636814,0.0007612876361235976,False
kan,memorization,-14,-9,5,0.0007664051954634488,0.0004759986186400056,0.0013114564353600144,False
kan,memorization,-14,-8,5,0.0006245035910978913,0.000502441602293402,0.00081050576409325,False
kan,memorization,-14,-7,5,0.0008865887648425996,0.0006620859494432807,0.0010088668204843998,False
kan,memorization,-14,-6,5,0.00064961047610268,0.00037270921166054904,0.0009596553863957524,False
kan,memorization,-14,-5,5,0.0008839779766276479,0.0005417459760792553,0.0011255638673901558,False
kan,memorization,-14,-4,5,0.0008363797096535563,0.0004298686399124563,0.0009344156715087593,False
kan,memorization,-14,-3,5,0.000807919364888221,0.00042975632823072374,0.0009902031160891056,False
kan,memorization,-14,-2,5,0.0007538549252785742,0.000559877255000174,0.0008129030466079712,False
kan,memorization,-14,-1,5,0.0005714040598832071,0.0003875170659739524,0.00100913573987782,False
kan,memorization,-14,0,5,0.003772915108129382,0.0029277177527546883,0.004622017964720726,False
kan,memorization,-14,1,5,0.0006494938861578703,0.0004366746579762548,0.0011775190941989422,False
kan,memorization,-14,2,5,0.000708201143424958,0.0006781202391721308,0.0008473414345644414,False
kan,memorization,-14,3,5,0.0006631732685491443,0.0004506734840106219,0.001380027737468481,False
kan,memorization,-14,4,5,0.0006227247067727149,0.000571525888517499,0.001033325563184917,False
kan,memorization,-14,5,5,0.0008079131366685033,0.0005061524570919573,0.0009423214360140264,False
kan,memorization,-14,6,5,0.000538460211828351,0.0002517315442673862,0.0007971104932948947,False
kan,memorization,-14,7,5,0.0009054861729964614,0.0006466488703154027,0.0012075155973434448,False
kan,memorization,-14,8,5,0.0005956656532362103,0.0005647037760354578,0.0012209052219986916,False
kan,memorization,-14,9,5,0.0006120737525634468,0.0005284492508508265,0.0014389751013368368,False
kan,memorization,-14,10,5,0.0006685227854177356,0.00027409670292399824,0.0012203060323372483,False
kan,memorization,-14,11,5,0.0008075656951405108,0.0005031299660913646,0.0009637565817683935,False
kan,memorization,-14,12,5,0.0007052397704683244,0.00046680078958161175,0.001006144448183477,False
kan,memorization,-14,13,5,0.0005034049390815198,0.00041118456283584237,0.0007066227844916284,False
kan,memorization,-14,14,5,0.0010011689737439156,0.0005519155529327691,0.0011466817231848836,False
kan,memorization,-14,15,5,0.0006146951345726848,0.0004527721321210265,0.0007531115552410483,False
kan,memorization,-13,-15,5,0.0006046147900633514,0.000497522996738553,0.001138701569288969,False
kan,memorization,-13,-14,5,0.0005252491100691259,0.0004363002080935985,0.0006477226852439344,False
kan,memorization,-13,-13,5,0.0017383642261847854,0.0007607667939737439,0.0020865697879344225,True
kan,memorization,-13,-12,5,0.0004983306862413883,0.00037197943311184645,0.000863616238348186,False
kan,memorization,-13,-11,5,0.0007457342580892146,0.00031432750984095037,0.000984194572083652,False
kan,memorization,-13,-10,5,0.00045664302888326347,0.00035949129960499704,0.0008667263900861144,False
kan,memorization,-13,-9,5,0.0007409871323034167,0.0003552187408786267,0.0010620965622365475,False
kan,memorization,-13,-8,5,0.0007931385771371424,0.0004955399199388921,0.0011001001112163067,False
kan,memorization,-13,-7,5,0.0008290109690278769,0.0005869705346412957,0.0010310052894055843,False
kan,memorization,-13,-6,5,0.0006801087292842567,0.000496532826218754,0.0007742590387351811,False
kan,memorization,-13,-5,5,0.0006316832732409239,0.00030551350209861994,0.0008743212092667818,False
kan,memorization,-13,-4,5,0.0006984153878875077,0.0005967960460111499,0.0009309750166721642,False
kan,memorization,-13,-3,5,0.0006572034326381981,0.0005455284263007343,0.00113045668695122,False
kan,memorization,-13,-2,5,0.0007367297657765448,0.0005566172767430544,0.0012962865876033902,False
kan,memorization,-13,-1,5,0.00043782038846984506,0.0003089361125603318,0.0005661491886712611,False
kan,memorization,-13,0,5,0.003455796279013157,0.0025358127895742655,0.003577145282179117,False
kan,memorization,-13,1,5,0.0005160183645784855,0.0003953551349695772,0.0007430203258991241,False
kan,memorization,-13,2,5,0.0006608949042856693,0.000399814045522362,0.0008850705926306546,False
kan,memorization,-13,3,5,0.0004877442552242428,0.00031727540772408247,0.0009344058926217258,False
kan,memorization,-13,4,5,0.0007485719979740679,0.00042418207158334553,0.0008176967967301607,False
kan,memorization,-13,5,5,0.000601713196374476,0.0004310135554987937,0.0008153576054610312,False
kan,memorization,-13,6,5,0.0007421333575621247,0.0004688556073233485,0.000960331701207906,False
kan,memorization,-13,7,5,0.0005428970325738192,0.00046693364856764674,0.0009675977053120732,False
kan,memorization,-13,8,5,0.0007195501239039004,0.00036598945735022426,0.0009016688563860953,False
kan,memorization,-13,9,5,0.0006487207720056176,0.0004007218813057989,0.0014863902470096946,False
kan,memorization,-13,10,5,0.0005815702024847269,0.00038933506584726274,0.0006924919434823096,False
kan,memorization,-13,11,5,0.0006366799352690578,0.00027504691388458014,0.0007069315179251134,False
kan,memorization,-13,12,5,0.0007179254898801446,0.00033523570164106786,0.0008072418277151883,False
kan,memorization,-13,13,5,0.0006955433054827154,0.00033704034285619855,0.0008742090431042016,False
kan,memorization,-13,14,5,0.0007104246760718524,0.0005791403818875551,0.0012507477076724172,False
kan,memorization,-13,15,5,0.0007293677190318704,0.00034100370248779655,0.0008624267065897584,False
kan,memorization,-12,-15,5,0.0006385035812854767,0.0004772806423716247,0.0017713933484628797,False
kan,memorization,-12,-14,5,0.0007265386520884931,0.0005518253892660141,0.0009041299927048385,False
kan,memorization,-12,-13,5,0.0005131184007041156,0.0003830349014606327,0.0005720877088606358,False
kan,memorization,-12,-12,5,0.0022453111596405506,0.0007180295651778579,0.03085356019437313,True
kan,memorization,-12,-11,5,0.000604718632530421,0.0005318701732903719,0.0006800995324738324,False
kan,memorization,-12,-10,5,0.00048247279482893646,0.00032720205490477383,0.0007277692202478647,False
kan,memorization,-12,-9,5,0.0005346097750589252,0.0004323342291172594,0.0006691788439638913,False
kan,memorization,-12,-8,5,0.0005855180788785219,0.0004939401405863464,0.0012353536440059543,False
kan,memorization,-12,-7,5,0.0005938827525824308,0.0005700179608538747,0.0010016337037086487,False
kan,memorization,-12,-6,5,0.0005750638665631413,0.00041550607420504093,0.0009875581599771976,False
kan,memorization,-12,-5,5,0.0007386265206150711,0.000543509959243238,0.0008957411046139896,False
kan,memorization,-12,-4,5,0.0005362228257581592,0.0003345180884934962,0.0008110191556625068,False
kan,memorization,-12,-3,5,0.0004905304522253573,0.0003642496303655207,0.000853949983138591,False
kan,memorization,-12,-2,5,0.0005464810528792441,0.00039591293898411095,0.000873907352797687,False
kan,memorization,-12,-1,5,0.0004787816433236003,0.0002503509458620101,0.0007766004418954253,False
kan,memorization,-12,0,5,0.0031074017751961946,0.0019265838200226426,0.0033367895521223545,False
kan,memorization,-12,1,5,0.0006129170651547611,0.00030653344583697617,0.0007353959954343736,False
kan,memorization,-12,2,5,0.0005797444609925151,0.0003990184923168272,0.0008108163019642234,False
kan,memorization,-12,3,5,0.0004971254384145141,0.00045058957766741514,0.0014476478099822998,False
kan,memorization,-12,4,5,0.0005802477244287729,0.0005511008785106242,0.001033577835187316,False
kan,memorization,-12,5,5,0.0005941831623204052,0.00041498971404507756,0.0008668969967402518,False
kan,memorization,-12,6,5,0.0005388062563724816,0.0003339516988489777,0.0009654019959270954,False
kan,memorization,-12,7,5,0.0008490552427247167,0.0004880099731963128,0.0013881765771657228,False
kan,memorization,-12,8,5,0.0005134147359058261,0.00043141283094882965,0.0011865012347698212,False
kan,memorization,-12,9,5,0.0006715591298416257,0.0004155295609962195,0.0008313058642670512,False
kan,memorization,-12,10,5,0.0005771074211224914,0.00035617168759927154,0.0009398406255058944,False
kan,memorization,-12,11,5,0.0007182148401625454,0.00028539058985188603,0.0015588417882099748,False
kan,memorization,-12,12,5,0.0007474832818843424,0.00044703143066726625,0.00222150981426239,False
kan,memorization,-12,13,5,0.0005927308229729533,0.00037605452234856784,0.0009153852006420493,False
kan,memorization,-12,14,5,0.0006069784285500646,0.0003757712838705629,0.0010420395992696285,False
kan,memorization,-12,15,5,0.0005804640240967274,0.0003966285730712116,0.001256606075912714,False
kan,memorization,-11,-15,5,0.0006387500325217843,0.00034607364796102047,0.0008852594182826579,False
kan,memorization,-11,-14,5,0.0008221231983043253,0.0004765765042975545,0.0011210902594029903,False
kan,memorization,-11,-13,5,0.0005241368198767304,0.00038409765693359077,0.0008514174842275679,False
kan,memorization,-11,-12,5,0.0006222512456588447,0.0004955743788741529,0.0007572995964437723,False
kan,memorization,-11,-11,5,0.002123638056218624,0.0007948140846565366,0.0129086934030056,True
kan,memorization,-11,-10,5,0.0006353912758640945,0.000266367569565773,0.0012394567020237446,False
kan,memorization,-11,-9,5,0.000498110253829509,0.00036143502802588046,0.001693626749329269,False
kan,memorization,-11,-8,5,0.0006548775127157569,0.00041300576413050294,0.0008586473413743079,False
kan,memorization,-11,-7,5,0.0005322058568708599,0.0002942634455394,0.0008783716475591063,False
kan,memorization,-11,-6,5,0.0006321138935163617,0.00046094987192191184,0.0006998813478276134,False
kan,memorization,-11,-5,5,0.0006406807224266231,0.000336777709890157,0.001081841648556292,False
kan,memorization,-11,-4,5,0.0007604050333611667,0.0005899480311200023,0.000830662960652262,False
kan,memorization,-11,-3,5,0.0006710142479278147,0.00045086833415552974,0.0008018243825063109,False
kan,memorization,-11,-2,5,0.0010448357788845897,0.0005284349317662418,0.001149929827079177,False
kan,memorization,-11,-1,5,0.0005738052423112094,0.0003440355940256268,0.0009698715875856578,False
kan,memorization,-11,0,5,0.003885673824697733,0.0027295518666505814,0.004180782474577427,False
kan,memorization,-11,1,5,0.0005893699126318097,0.000445983576355502,0.0008851176826283336,False
kan,memorization,-11,2,5,0.0006787164020352066,0.0006224963581189513,0.0010859293397516012,False
kan,memorization,-11,3,5,0.0007791991229169071,0.0004252883663866669,0.00094124412862584,False
kan,memorization,-11,4,5,0.0006888919742777944,0.0003839628188870847,0.0012107177171856165,False
kan,memorization,-11,5,5,0.0007580376695841551,0.0004224662552587688,0.0009135720320045948,False
kan,memorization,-11,6,5,0.0006762471166439354,0.0004863604553975165,0.0008153241942636669,False
kan,memorization,-11,7,5,0.0006694926414638758,0.00034806926851160824,0.0008305346127599478,False
kan,memorization,-11,8,5,0.0008581134025007486,0.0004838722525164485,0.0009866449981927872,False
kan,memorization,-11,9,5,0.0007670418126508594,0.00046675364137627184,0.0011462210677564144,False
kan,memorization,-11,10,5,0.00046104344073683023,0.0002494505315553397,0.001320627168752253,False
kan,memorization,-11,11,5,0.0008972239447757602,0.0005309840780682862,0.0011845725821331143,False
kan,memorization,-11,12,5,0.0006115969736129045,0.000605476729106158,0.0015503520844504237,False
kan,memorization,-11,13,5,0.0006390835042111576,0.0003678970388136804,0.0008236054563894868,False
kan,memorization,-11,14,5,0.0005790056311525404,0.00047953706234693527,0.0010685801971703768,False
kan,memorization,-11,15,5,0.0007485415553674102,0.0003560805635061115,0.0009489454096183181,False
kan,memorization,-10,-15,5,0.0006696672644466162,0.00046568442485295236,0.0007733548991382122,False
kan,memorization,-10,-14,5,0.0006647722329944372,0.0003911678504664451,0.0009343363344669342,False
kan,memorization,-10,-13,5,0.0005534305237233639,0.0004152900946792215,0.001006099977530539,False
kan,memorization,-10,-12,5,0.000598002749029547,0.0004914680030196905,0.000792051141615957,False
kan,memorization,-10,-11,5,0.0006093106931075454,0.00041720905574038625,0.0009188640979118645,False
kan,memorization,-10,-10,5,0.0020878450013697147,0.0005825158441439271,0.03725802153348923,True
kan,memorization,-10,-9,5,0.0005167507333680987,0.0004569084267131984,0.0008709613466635346,False
kan,memorization,-10,-8,5,0.0008302261703647673,0.0005659231101162732,0.0008878522785380483,False
kan,memorization,-10,-7,5,0.000621335580945015,0.0005361574585549533,0.000893689866643399,False
kan,memorization,-10,-6,5,0.0004885316593572497,0.0003710731107275933,0.0008907745941542089,False
kan,memorization,-10,-5,5,0.0008299078326672316,0.0005518022808246315,0.0010960601503029466,False
kan,memorization,-10,-4,5,0.0006797609967179596,0.0004412761190906167,0.0007874215953052044,False
kan,memorization,-10,-3,5,0.0005460429238155484,0.00044081697706133127,0.0006935041164979339,False
kan,memorization,-10,-2,5,0.000676019408274442,0.0006131336558610201,0.0008637739811092615,False
kan,memorization,-10,-1,5,0.0006204898236319423,0.0005194614641368389,0.0008655751007609069,False
kan,memorization,-10,0,5,0.0032034250907599926,0.0026610533241182566,0.004111649468541145,False
kan,memorization,-10,1,5,0.0005632769898511469,0.00045319928904064,0.001097364816814661,False
kan,memorization,-10,2,5,0.0006663842359557748,0.00040552698192186654,0.0008518178365193307,False
kan,memorization,-10,3,5,0.0006440090364776552,0.0005978565895929933,0.0006886646151542664,False
kan,memorization,-10,4,5,0.0006687332061119378,0.00042925559682771564,0.001193065196275711,False
kan,memorization,-10,5,5,0.0006961185717955232,0.0003450161311775446,0.001011982443742454,False
kan,memorization,-10,6,5,0.0005865746061317623,0.00038727029459550977,0.0008271908736787736,False
kan,memorization,-10,7,5,0.0005828344146721065,0.0005016981158405542,0.0007351615349762142,False
kan,memorization,-10,8,5,0.000698415853548795,0.0005044133285991848,0.001126962946727872,False
kan,memorization,-10,9,5,0.0006017795531079173,0.0003858217678498477,0.0008455851348116994,False
kan,memorization,-10,10,5,0.0008268118253909051,0.0004485548415686935,0.0010986827546730638,False
kan,memorization,-10,11,5,0.0006429172935895622,0.0004150845925323665,0.001315458444878459,False
kan,memorization,-10,12,5,0.0007909584674052894,0.0004453502770047635,0.0009087524376809597,False
kan,memorization,-10,13,5,0.0005923089338466525,0.00043534336145967245,0.0007707265904173255,False
kan,memorization,-10,14,5,0.0007402324699796736,0.00043932272819802165,0.001111235935240984,False
kan,memorization,-10,15,5,0.0004354237171355635,0.0002919937251135707,0.0008172481902875006,False
kan,memorization,-9,-15,5,0.0006547629600390792,0.0005176448030397296,0.001141140004619956,False
kan,memorization,-9,-14,5,0.0007096980698406696,0.00045660429168492556,0.0012537491274997592,False
kan,memorization,-9,-13,5,0.0007186845759861171,0.0003177072503603995,0.0014601746806874871,False
kan,memorization,-9,-12,5,0.0007534946198575199,0.0005365339457057416,0.0008486857987008989,False
kan,memorization,-9,-11,5,0.0006526735960505903,0.00048425712157040834,0.0012633579317480326,False
kan,memorization,-9,-10,5,0.0005431005265563726,0.0003876359842251986,0.0008783797966316342,False
kan,memorization,-9,-9,5,0.0033632542472332716,0.0008465956780128181,0.031422898173332214,True
kan,memorization,-9,-8,5,0.0007922162767499685,0.0005352613516151905,0.001023176941089332,False
kan,memorization,-9,-7,5,0.0006161447963677347,0.0004446351376827806,0.0008211187669076025,False
kan,memorization,-9,-6,5,0.0005048789316788316,0.0004471754946280271,0.0009577812161296606,False
kan,memorization,-9,-5,5,0.0008776657632552087,0.0004937900812365115,0.0010469405679032207,False
kan,memorization,-9,-4,5,0.0005598458810709417,0.0004363504995126277,0.001205767854116857,False
kan,memorization,-9,-3,5,0.000730533036403358,0.0003748608287423849,0.0008626900380477309,False
kan,memorization,-9,-2,5,0.0007798214792273939,0.00040527895907871425,0.0013546699192374945,False
kan,memorization,-9,-1,5,0.0005130823701620102,0.0002871016040444374,0.0007409564568661153,False
kan,memorization,-9,0,5,0.003685851115733385,0.0028293279465287924,0.0042611476965248585,False
kan,memorization,-9,1,5,0.000563140376470983,0.0002519827103242278,0.0009733840124681592,False
kan,memorization,-9,2,5,0.0006972028641030192,0.0004383946070447564,0.0009361560805700719,False
kan,memorization,-9,3,5,0.000664722581859678,0.0005621060263365507,0.0008854811894707382,False
kan,memorization,-9,4,5,0.0007745472248643637,0.00036314933095127344,0.0008795869653113186,False
kan,memorization,-9,5,5,0.0010017136810347438,0.0003433046513237059,0.0012538846349343657,False
kan,memorization,-9,6,5,0.0005830203299410641,0.0005088015459477901,0.0009921554010361433,False
kan,memorization,-9,7,5,0.0006310415337793529,0.00034579087514430285,0.0011850130977109075,False
kan,memorization,-9,8,5,0.0007103958050720394,0.0005760873900726438,0.0008004362462088466,False
kan,memorization,-9,9,5,0.0010493476875126362,0.00042906764429062605,0.002005525166168809,False
kan,memorization,-9,10,5,0.0005747804534621537,0.00040373404044657946,0.0009026072220876813,False
kan,memorization,-9,11,5,0.0007517290650866926,0.00047668031766079366,0.001289562089368701,False
kan,memorization,-9,12,5,0.0006444143946282566,0.00030620323377661407,0.0007178646046668291,False
kan,memorization,-9,13,5,0.0007886294042691588,0.00031806185143068433,0.0022116138134151697,False
kan,memorization,-9,14,5,0.0009422484436072409,0.0008925662259571254,0.0014975748490542173,False
kan,memorization,-9,15,5,0.0006675260956399143,0.00041582511039450765,0.0014786908868700266,False
kan,memorization,-8,-15,5,0.0009801636915653944,0.0004961562226526439,0.0010765193728730083,False
kan,memorization,-8,-14,5,0.0007429897086694837,0.0005798164056614041,0.0009978438029065728,False
kan,memorization,-8,-13,5,0.0006502583273686469,0.0004040962376166135,0.0008225758210755885,False
kan,memorization,-8,-12,5,0.0006735610659234226,0.0004859834734816104,0.0012959711020812392,False
kan,memorization,-8,-11,5,0.0007290162611752748,0.000641787308268249,0.000845651957206428,False
kan,memorization,-8,-10,5,0.0006163216894492507,0.00038800114998593926,0.000753335072658956,False
kan,memorization,-8,-9,5,0.0007266468601301312,0.0005813806783407927,0.0009064310579560697,False
kan,memorization,-8,-8,5,0.001675203675404191,0.0010570369195193052,0.007995955646038055,True
kan,memorization,-8,-7,5,0.0006456783157773316,0.0005666291690431535,0.0007902929792180657,False
kan,memorization,-8,-6,5,0.0004763694596476853,0.0004339521692600101,0.0006742340628989041,False
kan,memorization,-8,-5,5,0.0006717756041325629,0.00035255096736364067,0.0010688930051401258,False
kan,memorization,-8,-4,5,0.000743769807741046,0.00043351162457838655,0.0016018254682421684,False
kan,memorization,-8,-3,5,0.0006562655325978994,0.0002857003710232675,0.0010033913422375917,False
kan,memorization,-8,-2,5,0.0007176730432547629,0.00047414496657438576,0.0012291311286389828,False
kan,memorization,-8,-1,5,0.0005390194128267467,0.0003939019807148725,0.0008720087353140116,False
kan,memorization,-8,0,5,0.004005709197372198,0.003331100335344672,0.004169960040599108,False
kan,memorization,-8,1,5,0.0005297015886753798,0.0003856653056573123,0.0008534887456335127,False
kan,memorization,-8,2,5,0.0006612176657654345,0.0004902070504613221,0.0011534885270521045,False
kan,memorization,-8,3,5,0.0008169505163095891,0.00027917453553527594,0.0012079416774213314,False
kan,memorization,-8,4,5,0.000697423005476594,0.00038532112375833094,0.0009452677331864834,False
kan,memorization,-8,5,5,0.0006209090352058411,0.0004672012000810355,0.0008986945613287389,False
kan,memorization,-8,6,5,0.0007753812242299318,0.00033907819306477904,0.0009546916699036956,False
kan,memorization,-8,7,5,0.0005834632320329547,0.0003506595967337489,0.0012356912484392524,False
kan,memorization,-8,8,5,0.0006769197643734515,0.00046860426664352417,0.0032379517797380686,False
kan,memorization,-8,9,5,0.0006564843351952732,0.0004392298578750342,0.0007940480136312544,False
kan,memorization,-8,10,5,0.0005905228317715228,0.00036964958417229354,0.0007951257284730673,False
kan,memorization,-8,11,5,0.0007244286825880408,0.00047222155262716115,0.0010897028259932995,False
kan,memorization,-8,12,5,0.0004830373509321362,0.00041651425999589264,0.0009840956190600991,False
kan,memorization,-8,13,5,0.0005701569025404751,0.00046370099880732596,0.0010179267264902592,False
kan,memorization,-8,14,5,0.0008953774231486022,0.0007499891798943281,0.0010879322653636336,False
kan,memorization,-8,15,5,0.0009057450806722045,0.0005246007931418717,0.0013897173339501023,False
kan,memorization,-7,-15,5,0.0009249100694432855,0.0005147388437762856,0.0013194875791668892,False
kan,memorization,-7,-14,5,0.0008904118440113962,0.0005177055136300623,0.0014851189916953444,False
kan,memorization,-7,-13,5,0.0007703755982220173,0.0004581862594932318,0.0009577727178111672,False
kan,memorization,-7,-12,5,0.0006672547897323966,0.0005580451106652617,0.0009056306444108486,False
kan,memorization,-7,-11,5,0.0007216655067168176,0.0006141383782960474,0.0015883034793660045,False
kan,memorization,-7,-10,5,0.0006580523331649601,0.0004699688870459795,0.0007725802715867758,False
kan,memorization,-7,-9,5,0.0008790771244093776,0.00046104047214612365,0.0018948890501633286,False
kan,memorization,-7,-8,5,0.001002779114060104,0.0005665298667736351,0.0011101220734417439,False
kan,memorization,-7,-7,5,0.0030109435319900513,0.0015434813685715199,0.004908842500299215,True
kan,memorization,-7,-6,5,0.0005480741965584457,0.0005033750785514712,0.0006949470262043178,False
kan,memorization,-7,-5,5,0.0007312114466913044,0.0006919755833223462,0.001290811924263835,False
kan,memorization,-7,-4,5,0.0006999009056016803,0.0005467050359584391,0.0008738200995139778,False
kan,memorization,-7,-3,5,0.0006314885104075074,0.0004994637565687299,0.0014715057332068682,False
kan,memorization,-7,-2,5,0.0008705747313797474,0.0006410863134078681,0.0012468539644032717,False
kan,memorization,-7,-1,5,0.0006475054542534053,0.00043171487050130963,0.0007677461835555732,False
kan,memorization,-7,0,5,0.003932511433959007,0.0025216490030288696,0.005591403227299452,False
kan,memorization,-7,1,5,0.0007883188663981855,0.000648756162263453,0.0008481524419039488,False
kan,memorization,-7,2,5,0.0007766158669255674,0.0005095596425235271,0.0011041200486943126,False
kan,memorization,-7,3,5,0.0006715903873555362,0.0006054165423847735,0.0012098710285499692,False
kan,memorization,-7,4,5,0.0008043405832722783,0.0005819559446536005,0.0009151064441539347,False
kan,memorization,-7,5,5,0.0007870207773521543,0.000554899568669498,0.0009559663594700396,False
kan,memorization,-7,6,5,0.0006210227147676051,0.00047451589489355683,0.0006834906525909901,False
kan,memorization,-7,7,5,0.0011095816735178232,0.0009062293684110045,0.0018119706073775887,False
kan,memorization,-7,8,5,0.0008840448572300375,0.0008235553978011012,0.0011673395056277514,False
kan,memorization,-7,9,5,0.0009229351417161524,0.0005000387318432331,0.0010924380039796233,False
kan,memorization,-7,10,5,0.0006547675584442914,0.0005002847174182534,0.0006920769810676575,False
kan,memorization,-7,11,5,0.0009234327590093017,0.0006077929865568876,0.0016766076441854239,False
kan,memorization,-7,12,5,0.000777082925196737,0.0005490356707014143,0.0018462612060829997,False
kan,memorization,-7,13,5,0.0005860356031917036,0.0004951434093527496,0.0008434657356701791,False
kan,memorization,-7,14,5,0.0008086863672360778,0.0004567198338918388,0.0015674849273636937,False
kan,memorization,-7,15,5,0.0007251358474604785,0.0004938102210871875,0.0010153271723538637,False
kan,memorization,-6,-15,5,0.0006270253797993064,0.0004647042660508305,0.0008559742709621787,False
kan,memorization,-6,-14,5,0.0007482279324904084,0.0004964728141203523,0.0010986862471327186,False
kan,memorization,-6,-13,5,0.00046823479351587594,0.0003297334478702396,0.0006693277391605079,False
kan,memorization,-6,-12,5,0.0005580138531513512,0.00046097158337943256,0.0012658921768888831,False
kan,memorization,-6,-11,5,0.0006847221520729363,0.0005813245079480112,0.0007769369403831661,False
kan,memorization,-6,-10,5,0.0005864205886609852,0.0002868829760700464,0.000889328948687762,False
kan,memorization,-6,-9,5,0.0006045128684490919,0.0003931022947654128,0.0009581118356436491,False
kan,memorization,-6,-8,5,0.0006840773276053369,0.00040351046482101083,0.0007586770225316286,False
kan,memorization,-6,-7,5,0.0006648593698628247,0.00041169574251398444,0.0009872920345515013,False
kan,memorization,-6,-6,5,0.0019028044771403074,0.00043458660366013646,0.02515207976102829,True
kan,memorization,-6,-5,5,0.0007455352460965514,0.000552290934138,0.0009478424326516688,False
kan,memorization,-6,-4,5,0.0006002879817970097,0.00040601150249131024,0.0010811922838911414,False
kan,memorization,-6,-3,5,0.0005497910897247493,0.00035379634937271476,0.0018719823565334082,False
kan,memorization,-6,-2,5,0.000727890816051513,0.00032460197689943016,0.001046322868205607,False
kan,memorization,-6,-1,5,0.0005166355986148119,0.0003796480013988912,0.0006587413954548538,False
kan,memorization,-6,0,5,0.004258133936673403,0.00186533119995147,0.0048189787194132805,False
kan,memorization,-6,1,5,0.0006323732086457312,0.0005008145235478878,0.000765885051805526,False
kan,memorization,-6,2,5,0.0006987462402321398,0.0003842206497211009,0.0010423761559650302,False
kan,memorization,-6,3,5,0.0005496938829310238,0.0004770617524627596,0.0013154231710359454,False
kan,memorization,-6,4,5,0.0006883366731926799,0.0005669998354278505,0.0015099457232281566,False
kan,memorization,-6,5,5,0.0005167302442714572,0.0003339473332744092,0.0008995977113954723,False
kan,memorization,-6,6,5,0.0009360835538245738,0.00034657513606362045,0.0015806560404598713,False
kan,memorization,-6,7,5,0.0006543926429003477,0.0004634531505871564,0.0007175292703323066,False
kan,memorization,-6,8,5,0.0006921767489984632,0.0004968796856701374,0.0009104463970288634,False
kan,memorization,-6,9,5,0.0005585190956480801,0.0004511366132646799,0.0008242353214882314,False
kan,memorization,-6,10,5,0.0006269838777370751,0.00040862784953787923,0.000677319651003927,False
kan,memorization,-6,11,5,0.000668991357088089,0.00046827527694404125,0.0010144830448552966,False
kan,memorization,-6,12,5,0.0006255792104639113,0.00042566866613924503,0.0008281638729386032,False
kan,memorization,-6,13,5,0.0005746226524934173,0.0002372894814470783,0.0007209595059975982,False
kan,memorization,-6,14,5,0.000579698069486767,0.0004741569864563644,0.0015562201151624322,False
kan,memorization,-6,15,5,0.0005874705966562033,0.00049990089610219,0.0006928220391273499,False
kan,memorization,-5,-15,5,0.0006549658719450235,0.00042574264807626605,0.0007775097037665546,False
kan,memorization,-5,-14,5,0.0006918968283571303,0.0004269878554623574,0.001149080228060484,False
kan,memorization,-5,-13,5,0.0005157240084372461,0.00040834900573827326,0.0006778292008675635,False
kan,memorization,-5,-12,5,0.0008036597864702344,0.0003785134176723659,0.0009779075626283884,False
kan,memorization,-5,-11,5,0.0006468432839028537,0.0004686080210376531,0.0010684361914172769,False
kan,memorization,-5,-10,5,0.0008185214828699827,0.00037572349538095295,0.001245040213689208,False
kan,memorization,-5,-9,5,0.0006939229206182063,0.0005520776612684131,0.00107254134491086,False
kan,memorization,-5,-8,5,0.0006862602313049138,0.0005101094720885158,0.0008342561777681112,False
kan,memorization,-5,-7,5,0.0006988170789554715,0.0005692227859981358,0.000879889412317425,False
kan,memorization,-5,-6,5,0.0006483671604655683,0.0003585100348573178,0.000730556552298367,False
kan,memorization,-5,-5,5,0.0022544057574123144,0.0017952458001673222,0.03788883611559868,True
kan,memorization,-5,-4,5,0.0006775702931918204,0.0005656554130837321,0.0008378986385650933,False
kan,memorization,-5,-3,5,0.0006809084443375468,0.0004531937011051923,0.0012721322709694505,False
kan,memorization,-5,-2,5,0.0006641020881943405,0.0004927130648866296,0.0008907213341444731,False
kan,memorization,-5,-1,5,0.0006384357693605125,0.0004194756329525262,0.0006760607357136905,False
kan,memorization,-5,0,5,0.0035393969155848026,0.002059481805190444,0.005765954498201609,False
kan,memorization,-5,1,5,0.0005934867076575756,0.00044097439968027174,0.0007172086043283343,False
kan,memorization,-5,2,5,0.0007026414386928082,0.0004769476654473692,0.0008144495077431202,False
kan,memorization,-5,3,5,0.0008374290191568434,0.0004350618692114949,0.0010168526787310839,False
kan,memorization,-5,4,5,0.0005970664205960929,0.0004338918370194733,0.0007270365604199469,False
kan,memorization,-5,5,5,0.0006459648138843477,0.0003799080732278526,0.000983308651484549,False
kan,memorization,-5,6,5,0.000521254085469991,0.0003135251463390887,0.0012452603550627828,False
kan,memorization,-5,7,5,0.000525886018294841,0.00042683418723754585,0.0013345765182748437,False
kan,memorization,-5,8,5,0.0006279750959947705,0.0004545155097730458,0.0011533298529684544,False
kan,memorization,-5,9,5,0.0006807452300563455,0.0005553605151362717,0.0010939586209133267,False
kan,memorization,-5,10,5,0.0007397154113277793,0.00044602932757698,0.0008570186328142881,False
kan,memorization,-5,11,5,0.0006858021370135248,0.0005700230249203742,0.0014688052469864488,False
kan,memorization,-5,12,5,0.0006086413050070405,0.00044289027573540807,0.000807044212706387,False
kan,memorization,-5,13,5,0.0004801372124347836,0.00025551370345056057,0.0008372946758754551,False
kan,memorization,-5,14,5,0.000837538973428309,0.000533980957698077,0.0011721034534275532,False
kan,memorization,-5,15,5,0.0006440334254875779,0.00028255541110411286,0.0009865144966170192,False
kan,memorization,-4,-15,5,0.0005567043554037809,0.0002629384689498693,0.0010245360899716616,False
kan,memorization,-4,-14,5,0.0007525617838837206,0.0005876157083548605,0.0009732115431688726,False
kan,memorization,-4,-13,5,0.0006466314662247896,0.00026164023438468575,0.0008019834058359265,False
kan,memorization,-4,-12,5,0.0006007234915159643,0.00042964081512764096,0.0008443155675195158,False
kan,memorization,-4,-11,5,0.0008532903739251196,0.0004084669635631144,0.0012133218115195632,False
kan,memorization,-4,-10,5,0.0005800934159196913,0.0005254025454632938,0.0010812180116772652,False
kan,memorization,-4,-9,5,0.0006632760050706565,0.0003159686748404056,0.0010245589073747396,False
kan,memorization,-4,-8,5,0.0006676829652860761,0.0005637272843159735,0.0012351529439911246,False
kan,memorization,-4,-7,5,0.0006146847736090422,0.00046868136269040406,0.0007066772086545825,False
kan,memorization,-4,-6,5,0.0005292221321724355,0.00033144489862024784,0.0009514148696325719,False
kan,memorization,-4,-5,5,0.0006711207679472864,0.0006040154839865863,0.0013237931998446584,False
kan,memorization,-4,-4,5,0.0014127455651760101,0.0006120868492871523,0.003946409560739994,True
kan,memorization,-4,-3,5,0.0006831689970567822,0.0003753333876375109,0.001130966586060822,False
kan,memorization,-4,-2,5,0.0007246950408443809,0.000593080825638026,0.0013291657669469714,False
kan,memorization,-4,-1,5,0.00041786194196902215,0.0003882133460137993,0.0011652919929474592,False
kan,memorization,-4,0,5,0.003030352294445038,0.002805070485919714,0.004186371341347694,False
kan,memorization,-4,1,5,0.0006251966115087271,0.00029873402672819793,0.0009213168523274362,False
kan,memorization,-4,2,5,0.0007543914252892137,0.0006055457051843405,0.001264552236534655,False
kan,memorization,-4,3,5,0.0008611182565800846,0.0002798227360472083,0.0010504736565053463,False
kan,memorization,-4,4,5,0.0006280377274379134,0.00036319842911325395,0.001758444937877357,False
kan,memorization,-4,5,5,0.000636901066172868,0.0004573918122332543,0.0009221286745741963,False
kan,memorization,-4,6,5,0.0005200274754315615,0.0004957698984071612,0.0005454339552670717,False
kan,memorization,-4,7,5,0.0008859311928972602,0.0006007643532939255,0.001430461765266955,False
kan,memorization,-4,8,5,0.000802916765678674,0.00039401630056090653,0.001321028103120625,False
kan,memorization,-4,9,5,0.0007382279145531356,0.00027980614686384797,0.001274267677217722,False
kan,memorization,-4,10,5,0.0006272562313824892,0.00044452599831856787,0.0007894281879998744,False
kan,memorization,-4,11,5,0.0006019118591211736,0.0003326686564832926,0.0011530050542205572,False
kan,memorization,-4,12,5,0.0007217052043415606,0.0003740234824363142,0.0011192066594958305,False
kan,memorization,-4,13,5,0.0005756108439527452,0.00047253540833480656,0.0008132438524626195,False
kan,memorization,-4,14,5,0.000796967709902674,0.0005526213790290058,0.0008923927089199424,False
kan,memorization,-4,15,5,0.0008676126599311829,0.000456416979432106,0.0015972394030541182,False
kan,memorization,-3,-15,5,0.0006147350068204105,0.00045548012712970376,0.0014747665263712406,False
kan,memorization,-3,-14,5,0.0007885292870923877,0.0005697435117326677,0.0010293254163116217,False
kan,memorization,-3,-13,5,0.0006053593242540956,0.00033165892818942666,0.0012730692978948355,False
kan,memorization,-3,-12,5,0.0007371653919108212,0.0006074229022487998,0.0010385388741269708,False
kan,memorization,-3,-11,5,0.0007905485690571368,0.00039162705070339143,0.0008043077541515231,False
kan,memorization,-3,-10,5,0.0005657431320287287,0.0004692614311352372,0.0011313158320263028,False
kan,memorization,-3,-9,5,0.0007016506860964,0.0005609070067293942,0.0010773555841296911,False
kan,memorization,-3,-8,5,0.0006467420025728643,0.0004792666295543313,0.0010671847267076373,False
kan,memorization,-3,-7,5,0.0005800566868856549,0.00034073475399054587,0.0008666290668770671,False
kan,memorization,-3,-6,5,0.0007414902793243527,0.0004906842950731516,0.0019769081845879555,False
kan,memorization,-3,-5,5,0.0006981886108405888,0.0004906441899947822,0.001049364567734301,False
kan,memorization,-3,-4,5,0.0007670379127375782,0.0005443185800686479,0.000851644785143435,False
kan,memorization,-3,-3,5,0.002527983393520117,0.001097517553716898,0.0409541018307209,True
kan,memorization,-3,-2,5,0.0008566108299419284,0.0006506030913442373,0.0012445704778656363,False
kan,memorization,-3,-1,5,0.0006912179524078965,0.00032008925336413085,0.0009225182584486902,False
kan,memorization,-3,0,5,0.0031839211005717516,0.0017640768783167005,0.004561212845146656,False
kan,memorization,-3,1,5,0.0007048834231682122,0.0005170620861463249,0.0010012432467192411,False
kan,memorization,-3,2,5,0.0007897358736954629,0.0005638871225528419,0.0008452048059552908,False
kan,memorization,-3,3,5,0.0007792780525051057,0.00033499827259220183,0.001708434778265655,False
kan,memorization,-3,4,5,0.0006922291941009462,0.0004947157576680183,0.001534567796625197,False
kan,memorization,-3,5,5,0.0007281588041223586,0.00041736531420610845,0.001121059525758028,False
kan,memorization,-3,6,5,0.0007597284857183695,0.00030794067424722016,0.0009613701840862632,False
kan,memorization,-3,7,5,0.0006771035841666162,0.0004733529931399971,0.0009740746463648975,False
kan,memorization,-3,8,5,0.0007594761555083096,0.0006089745438657701,0.0010215139482170343,False
kan,memorization,-3,9,5,0.0007592593901790679,0.00040795758832246065,0.0011338776675984263,False
kan,memorization,-3,10,5,0.0006416199612431228,0.0003308398008812219,0.0009449521894566715,False
kan,memorization,-3,11,5,0.0008354856981895864,0.0007732026861049235,0.001239017117768526,False
kan,memorization,-3,12,5,0.0007691841456107795,0.0006021450972184539,0.0012985514476895332,False
kan,memorization,-3,13,5,0.0006585266091860831,0.00035473506432026625,0.0008786871912889183,False
kan,memorization,-3,14,5,0.0007740732398815453,0.0005306738312356174,0.001871605752967298,False
kan,memorization,-3,15,5,0.0008608544594608247,0.0004061394720338285,0.0014534360961988568,False
kan,memorization,-2,-15,5,0.0005570176290348172,0.00041494297329336405,0.0008391293231397867,False
kan,memorization,-2,-14,5,0.0007064345991238952,0.0005177395069040358,0.0008857024367898703,False
kan,memorization,-2,-13,5,0.000642910716123879,0.00045704550575464964,0.0007348998915404081,False
kan,memorization,-2,-12,5,0.0005334398592822254,0.00046825071331113577,0.0007483146036975086,False
kan,memorization,-2,-11,5,0.0007478005718439817,0.0004636235535144806,0.001662751310504973,False
kan,memorization,-2,-10,5,0.0006689048605039716,0.0005510163609869778,0.0007901047356426716,False
kan,memorization,-2,-9,5,0.0005730127450078726,0.0004915550234727561,0.0012915658298879862,False
kan,memorization,-2,-8,5,0.000637566379737109,0.0005067975143902004,0.0008876699721440673,False
kan,memorization,-2,-7,5,0.000656204647384584,0.00044963351683691144,0.001477202633395791,False
kan,memorization,-2,-6,5,0.0007491388241760433,0.0004460976633708924,0.0009825262241065502,False
kan,memorization,-2,-5,5,0.0007451186538673937,0.0005484678549692035,0.0009084738558158278,False
kan,memorization,-2,-4,5,0.0005876828799955547,0.0004989131703041494,0.00096603122074157,False
kan,memorization,-2,-3,5,0.0005048682214692235,0.0003968620439991355,0.0008452922338619828,False
kan,memorization,-2,-2,5,0.0018072844250127673,0.0008482339326292276,0.004204930737614632,True
kan,memorization,-2,-1,5,0.0005431330064311624,0.00037686649011448026,0.0009031756198965013,False
kan,memorization,-2,0,5,0.003341598901897669,0.0030340200755745173,0.004146658815443516,False
kan,memorization,-2,1,5,0.0006320981192402542,0.0004251752106938511,0.0007170209428295493,False
kan,memorization,-2,2,5,0.0009516169666312635,0.0005557622644118965,0.0013741732109338045,False
kan,memorization,-2,3,5,0.0005540940910577774,0.0005288703832775354,0.0013686324236914515,False
kan,memorization,-2,4,5,0.0006795953377149999,0.00041687730117700994,0.000727608916349709,False
kan,memorization,-2,5,5,0.0006875114049762487,0.0004401436890475452,0.0009272099705412984,False
kan,memorization,-2,6,5,0.0005898384843021631,0.0003770555485971272,0.0013050484703853726,False
kan,memorization,-2,7,5,0.0006055200356058776,0.00045973778469488025,0.0012335419887676835,False
kan,memorization,-2,8,5,0.0008508169557899237,0.0004267958865966648,0.0009905417682603002,False
kan,memorization,-2,9,5,0.0009776517981663346,0.0006126708467490971,0.0016971966251730919,False
kan,memorization,-2,10,5,0.0006094280397519469,0.0003528447705321014,0.000895362813025713,False
kan,memorization,-2,11,5,0.0007025048835203052,0.0003922256000805646,0.0008865296258591115,False
kan,memorization,-2,12,5,0.0006178010371513665,0.00036429197643883526,0.0006508161313831806,False
kan,memorization,-2,13,5,0.0005892816698178649,0.0005365111283026636,0.0009395414381287992,False
kan,memorization,-2,14,5,0.0007812583935447037,0.0005421001696959138,0.001062979456037283,False
kan,memorization,-2,15,5,0.000592209689784795,0.000356492557330057,0.0009976511355489492,False
kan,memorization,-1,-15,5,0.00045322286314330995,0.0004025371454190463,0.0014434432378038764,False
kan,memorization,-1,-14,5,0.0007453970611095428,0.0006978489109314978,0.0012254121247678995,False
kan,memorization,-1,-13,5,0.0005266841617412865,0.00040909257950261235,0.0007826281944289804,False
kan,memorization,-1,-12,5,0.00046938640298321843,0.0003496379067655653,0.0007773155812174082,False
kan,memorization,-1,-11,5,0.000703098310623318,0.0005705174407921731,0.0008731041452847421,False
kan,memorization,-1,-10,5,0.0004981530946679413,0.00037787086330354214,0.0008069540490396321,False
kan,memorization,-1,-9,5,0.0006324820569716394,0.00028358891722746193,0.0009022797457873821,False
kan,memorization,-1,-8,5,0.0006921608583070338,0.00036119247670285404,0.0010374501580372453,False
kan,memorization,-1,-7,5,0.0005388440913520753,0.0004345653869677335,0.0008632650133222342,False
kan,memorization,-1,-6,5,0.0005039660609327257,0.0004678154655266553,0.0007516142213717103,False
kan,memorization,-1,-5,5,0.0007233521318994462,0.00029580059344880283,0.0009128291276283562,False
kan,memorization,-1,-4,5,0.0007695037638768554,0.00033079402055591345,0.0014692271361127496,False
kan,memorization,-1,-3,5,0.0005656132707372308,0.00023677042918279767,0.0010436727898195386,False
kan,memorization,-1,-2,5,0.0005053125787526369,0.0002882680273614824,0.0007994483457878232,False
kan,memorization,-1,-1,5,0.0023289979435503483,0.0004726547922473401,0.005212961230427027,True
kan,memorization,-1,0,5,0.003675985150039196,0.003105946583673358,0.0053749121725559235,False
kan,memorization,-1,1,5,0.0008977938559837639,0.0002354649332119152,0.0023545401636511087,False
kan,memorization,-1,2,5,0.0005301441997289658,0.00037155739846639335,0.000834338366985321,False
kan,memorization,-1,3,5,0.0005757694016210735,0.0002998300769831985,0.0008089552284218371,False
kan,memorization,-1,4,5,0.0005302024073898792,0.0002612998941913247,0.0010607996955513954,False
kan,memorization,-1,5,5,0.0005146441399119794,0.0003934404521714896,0.0009999508038163185,False
kan,memorization,-1,6,5,0.0006492435932159424,0.0004328619397711009,0.0008095086668618023,False
kan,memorization,-1,7,5,0.0007102771196514368,0.0005327123799361289,0.0007947005797177553,False
kan,memorization,-1,8,5,0.000548055861145258,0.00041814768337644637,0.0009082534234039485,False
kan,memorization,-1,9,5,0.0008202876779250801,0.00037022752803750336,0.0009205968817695975,False
kan,memorization,-1,10,5,0.0004897481412626803,0.00033763807732611895,0.0009716761996969581,False
kan,memorization,-1,11,5,0.0007433015271089971,0.0003851247893180698,0.0007927397382445633,False
kan,memorization,-1,12,5,0.00042407200089655817,0.00033468843321315944,0.0007789679220877588,False
kan,memorization,-1,13,5,0.0004284230526536703,0.0003868251806125045,0.0007664930308237672,False
kan,memorization,-1,14,5,0.0008994146483018994,0.0004625146684702486,0.0009860735153779387,False
kan,memorization,-1,15,5,0.0004912495496682823,0.00038621213752776384,0.0020077023655176163,False
kan,memorization,0,-15,5,0.003440310712903738,0.0024494475219398737,0.003507066983729601,False
kan,memorization,0,-14,5,0.0028286853339523077,0.002474271459504962,0.004626799374818802,False
kan,memorization,0,-13,5,0.003150984412059188,0.0016723723383620381,0.003621746087446809,False
kan,memorization,0,-12,5,0.002481466392055154,0.002223046263679862,0.0036708193365484476,False
kan,memorization,0,-11,5,0.0033746312838047743,0.002664307365193963,0.004695278592407703,False
kan,memorization,0,-10,5,0.0032771776895970106,0.00264700036495924,0.004039978142827749,False
kan,memorization,0,-9,5,0.0035030932631343603,0.002607658039778471,0.004029146395623684,False
kan,memorization,0,-8,5,0.0033406144939363003,0.0029124459251761436,0.0040837242268025875,False
kan,memorization,0,-7,5,0.0028390188235789537,0.0016623554984107614,0.0039348541758954525,False
kan,memorization,0,-6,5,0.0039815534837543964,0.002332802163437009,0.004493244923651218,False
kan,memorization,0,-5,5,0.003226000349968672,0.002632140414789319,0.003428044030442834,False
kan,memorization,0,-4,5,0.0029125323053449392,0.0024754060432314873,0.004398491233587265,False
kan,memorization,0,-3,5,0.002750979270786047,0.002493432955816388,0.005384454037994146,False
kan,memorization,0,-2,5,0.003469825256615877,0.00232141325250268,0.0046137538738548756,False
kan,memorization,0,-1,5,0.002528391545638442,0.00176908983848989,0.002930938033387065,False
kan,memorization,0,0,5,2.0257134393743454e-16,1.584612032366604e-16,2.900159813873143e-16,False
kan,memorization,0,1,5,0.002528391545638442,0.00176908983848989,0.002930938033387065,False
kan,memorization,0,2,5,0.003469825256615877,0.00232141325250268,0.0046137538738548756,False
kan,memorization,0,3,5,0.002750979270786047,0.002493432955816388,0.005384454037994146,False
kan,memorization,0,4,5,0.0029125323053449392,0.0024754060432314873,0.004398491233587265,False
kan,memorization,0,5,5,0.003226000349968672,0.002632140414789319,0.003428044030442834,False
kan,memorization,0,6,5,0.0039815534837543964,0.002332802163437009,0.004493244923651218,False
kan,memorization,0,7,5,0.0028390188235789537,0.0016623554984107614,0.0039348541758954525,False
kan,memorization,0,8,5,0.0033406144939363003,0.0029124459251761436,0.0040837242268025875,False
kan,memorization,0,9,5,0.0035030932631343603,0.002607658039778471,0.004029146395623684,False
kan,memorization,0,10,5,0.0032771776895970106,0.00264700036495924,0.004039978142827749,False
kan,memorization,0,11,5,0.0033746312838047743,0.002664307365193963,0.004695278592407703,False
kan,memorization,0,12,5,0.002481466392055154,0.002223046263679862,0.0036708193365484476,False
kan,memorization,0,13,5,0.003150984412059188,0.0016723723383620381,0.003621746087446809,False
kan,memorization,0,14,5,0.0028286853339523077,0.002474271459504962,0.004626799374818802,False
kan,memorization,0,15,5,0.003440310712903738,0.0024494475219398737,0.003507066983729601,False
kan,memorization,1,-15,5,0.0004912495496682823,0.00038621213752776384,0.0020077023655176163,False
kan,memorization,1,-14,5,0.0008994146483018994,0.0004625146684702486,0.0009860735153779387,False
kan,memorization,1,-13,5,0.0004284230526536703,0.0003868251806125045,0.0007664930308237672,False
kan,memorization,1,-12,5,0.00042407200089655817,0.00033468843321315944,0.0007789679220877588,False
kan,memorization,1,-11,5,0.0007433015271089971,0.0003851247893180698,0.0007927397382445633,False
kan,memorization,1,-10,5,0.0004897481412626803,0.00033763807732611895,0.0009716761996969581,False
kan,memorization,1,-9,5,0.0008202876779250801,0.00037022752803750336,0.0009205968817695975,False
kan,memorization,1,-8,5,0.000548055861145258,0.00041814768337644637,0.0009082534234039485,False
kan,memorization,1,-7,5,0.0007102771196514368,0.0005327123799361289,0.0007947005797177553,False
kan,memorization,1,-6,5,0.0006492435932159424,0.0004328619397711009,0.0008095086668618023,False
kan,memorization,1,-5,5,0.0005146441399119794,0.0003934404521714896,0.0009999508038163185,False
kan,memorization,1,-4,5,0.0005302024073898792,0.0002612998941913247,0.0010607996955513954,False
kan,memorization,1,-3,5,0.0005757694016210735,0.0002998300769831985,0.0008089552284218371,False
kan,memorization,1,-2,5,0.0005301441997289658,0.00037155739846639335,0.000834338366985321,False
kan,memorization,1,-1,5,0.0008977938559837639,0.0002354649332119152,0.0023545401636511087,False
kan,memorization,1,0,5,0.003675985150039196,0.003105946583673358,0.0053749121725559235,False
kan,memorization,1,1,5,0.002328998176380992,0.0004726547922473401,0.005212961696088314,True
kan,memorization,1,2,5,0.0005053125787526369,0.0002882680273614824,0.0007994483457878232,False
kan,memorization,1,3,5,0.0005656132707372308,0.00023677042918279767,0.0010436727898195386,False
kan,memorization,1,4,5,0.0007695037638768554,0.00033079402055591345,0.0014692271361127496,False
kan,memorization,1,5,5,0.0007233521318994462,0.00029580059344880283,0.0009128291276283562,False
kan,memorization,1,6,5,0.0005039660609327257,0.0004678154655266553,0.0007516142213717103,False
kan,memorization,1,7,5,0.0005388440913520753,0.0004345653869677335,0.0008632650133222342,False
kan,memorization,1,8,5,0.0006921608583070338,0.00036119247670285404,0.0010374501580372453,False
kan,memorization,1,9,5,0.0006324820569716394,0.00028358891722746193,0.0009022797457873821,False
kan,memorization,1,10,5,0.0004981530946679413,0.00037787086330354214,0.0008069540490396321,False
kan,memorization,1,11,5,0.000703098310623318,0.0005705174407921731,0.0008731041452847421,False
kan,memorization,1,12,5,0.00046938640298321843,0.0003496379067655653,0.0007773155812174082,False
kan,memorization,1,13,5,0.0005266841617412865,0.00040909257950261235,0.0007826281944289804,False
kan,memorization,1,14,5,0.0007453970611095428,0.0006978489109314978,0.0012254121247678995,False
kan,memorization,1,15,5,0.00045322286314330995,0.0004025371454190463,0.0014434432378038764,False
kan,memorization,2,-15,5,0.000592209689784795,0.000356492557330057,0.0009976511355489492,False
kan,memorization,2,-14,5,0.0007812583935447037,0.0005421001696959138,0.001062979456037283,False
kan,memorization,2,-13,5,0.0005892816698178649,0.0005365111283026636,0.0009395414381287992,False
kan,memorization,2,-12,5,0.0006178010371513665,0.00036429197643883526,0.0006508161313831806,False
kan,memorization,2,-11,5,0.0007025048835203052,0.0003922256000805646,0.0008865296258591115,False
kan,memorization,2,-10,5,0.0006094280397519469,0.0003528447705321014,0.000895362813025713,False
kan,memorization,2,-9,5,0.0009776517981663346,0.0006126708467490971,0.0016971966251730919,False
kan,memorization,2,-8,5,0.0008508169557899237,0.0004267958865966648,0.0009905417682603002,False
kan,memorization,2,-7,5,0.0006055200356058776,0.00045973778469488025,0.0012335419887676835,False
kan,memorization,2,-6,5,0.0005898384843021631,0.0003770555485971272,0.0013050484703853726,False
kan,memorization,2,-5,5,0.0006875114049762487,0.0004401436890475452,0.0009272099705412984,False
kan,memorization,2,-4,5,0.0006795953377149999,0.00041687730117700994,0.000727608916349709,False
kan,memorization,2,-3,5,0.0005540940910577774,0.0005288703832775354,0.0013686324236914515,False
kan,memorization,2,-2,5,0.0009516169666312635,0.0005557622644118965,0.0013741732109338045,False
kan,memorization,2,-1,5,0.0006320981192402542,0.0004251752106938511,0.0007170209428295493,False
kan,memorization,2,0,5,0.003341598901897669,0.0030340200755745173,0.004146658815443516,False
kan,memorization,2,1,5,0.0005431330064311624,0.00037686649011448026,0.0009031756198965013,False
kan,memorization,2,2,5,0.0018072844250127673,0.0008482339326292276,0.004204930737614632,True
kan,memorization,2,3,5,0.0005048682214692235,0.0003968620439991355,0.0008452922338619828,False
kan,memorization,2,4,5,0.0005876828799955547,0.0004989131703041494,0.00096603122074157,False
kan,memorization,2,5,5,0.0007451186538673937,0.0005484678549692035,0.0009084738558158278,False
kan,memorization,2,6,5,0.0007491388241760433,0.0004460976633708924,0.0009825262241065502,False
kan,memorization,2,7,5,0.000656204647384584,0.00044963351683691144,0.001477202633395791,False
kan,memorization,2,8,5,0.000637566379737109,0.0005067975143902004,0.0008876699721440673,False
kan,memorization,2,9,5,0.0005730127450078726,0.0004915550234727561,0.0012915658298879862,False
kan,memorization,2,10,5,0.0006689048605039716,0.0005510163609869778,0.0007901047356426716,False
kan,memorization,2,11,5,0.0007478005718439817,0.0004636235535144806,0.001662751310504973,False
kan,memorization,2,12,5,0.0005334398592822254,0.00046825071331113577,0.0007483146036975086,False
kan,memorization,2,13,5,0.000642910716123879,0.00045704550575464964,0.0007348998915404081,False
kan,memorization,2,14,5,0.0007064345991238952,0.0005177395069040358,0.0008857024367898703,False
kan,memorization,2,15,5,0.0005570176290348172,0.00041494297329336405,0.0008391293231397867,False
kan,memorization,3,-15,5,0.0008608544594608247,0.0004061394720338285,0.0014534360961988568,False
kan,memorization,3,-14,5,0.0007740732398815453,0.0005306738312356174,0.001871605752967298,False
kan,memorization,3,-13,5,0.0006585266091860831,0.00035473506432026625,0.0008786871912889183,False
kan,memorization,3,-12,5,0.0007691841456107795,0.0006021450972184539,0.0012985514476895332,False
kan,memorization,3,-11,5,0.0008354856981895864,0.0007732026861049235,0.001239017117768526,False
kan,memorization,3,-10,5,0.0006416199612431228,0.0003308398008812219,0.0009449521894566715,False
kan,memorization,3,-9,5,0.0007592593901790679,0.00040795758832246065,0.0011338776675984263,False
kan,memorization,3,-8,5,0.0007594761555083096,0.0006089745438657701,0.0010215139482170343,False
kan,memorization,3,-7,5,0.0006771035841666162,0.0004733529931399971,0.0009740746463648975,False
kan,memorization,3,-6,5,0.0007597284857183695,0.00030794067424722016,0.0009613701840862632,False
kan,memorization,3,-5,5,0.0007281588041223586,0.00041736531420610845,0.001121059525758028,False
kan,memorization,3,-4,5,0.0006922291941009462,0.0004947157576680183,0.001534567796625197,False
kan,memorization,3,-3,5,0.0007792780525051057,0.00033499827259220183,0.001708434778265655,False
kan,memorization,3,-2,5,0.0007897358736954629,0.0005638871225528419,0.0008452048059552908,False
kan,memorization,3,-1,5,0.0007048834231682122,0.0005170620861463249,0.0010012432467192411,False
kan,memorization,3,0,5,0.0031839211005717516,0.0017640768783167005,0.004561212845146656,False
kan,memorization,3,1,5,0.0006912179524078965,0.00032008925336413085,0.0009225182584486902,False
kan,memorization,3,2,5,0.0008566108299419284,0.0006506030913442373,0.0012445704778656363,False
kan,memorization,3,3,5,0.002527983393520117,0.001097517553716898,0.0409541018307209,True
kan,memorization,3,4,5,0.0007670379127375782,0.0005443185800686479,0.000851644785143435,False
kan,memorization,3,5,5,0.0006981886108405888,0.0004906441899947822,0.001049364567734301,False
kan,memorization,3,6,5,0.0007414902793243527,0.0004906842950731516,0.0019769081845879555,False
kan,memorization,3,7,5,0.0005800566868856549,0.00034073475399054587,0.0008666290668770671,False
kan,memorization,3,8,5,0.0006467420025728643,0.0004792666295543313,0.0010671847267076373,False
kan,memorization,3,9,5,0.0007016506860964,0.0005609070067293942,0.0010773555841296911,False
kan,memorization,3,10,5,0.0005657431320287287,0.0004692614311352372,0.0011313158320263028,False
kan,memorization,3,11,5,0.0007905485690571368,0.00039162705070339143,0.0008043077541515231,False
kan,memorization,3,12,5,0.0007371653919108212,0.0006074229022487998,0.0010385388741269708,False
kan,memorization,3,13,5,0.0006053593242540956,0.00033165892818942666,0.0012730692978948355,False
kan,memorization,3,14,5,0.0007885292870923877,0.0005697435117326677,0.0010293254163116217,False
kan,memorization,3,15,5,0.0006147350068204105,0.00045548012712970376,0.0014747665263712406,False
kan,memorization,4,-15,5,0.0008676126599311829,0.000456416979432106,0.0015972394030541182,False
kan,memorization,4,-14,5,0.000796967709902674,0.0005526213790290058,0.0008923927089199424,False
kan,memorization,4,-13,5,0.0005756108439527452,0.00047253540833480656,0.0008132438524626195,False
kan,memorization,4,-12,5,0.0007217052043415606,0.0003740234824363142,0.0011192066594958305,False
kan,memorization,4,-11,5,0.0006019118591211736,0.0003326686564832926,0.0011530050542205572,False
kan,memorization,4,-10,5,0.0006272562313824892,0.00044452599831856787,0.0007894281879998744,False
kan,memorization,4,-9,5,0.0007382279145531356,0.00027980614686384797,0.001274267677217722,False
kan,memorization,4,-8,5,0.000802916765678674,0.00039401630056090653,0.001321028103120625,False
kan,memorization,4,-7,5,0.0008859311928972602,0.0006007643532939255,0.001430461765266955,False
kan,memorization,4,-6,5,0.0005200274754315615,0.0004957698984071612,0.0005454339552670717,False
kan,memorization,4,-5,5,0.000636901066172868,0.0004573918122332543,0.0009221286745741963,False
kan,memorization,4,-4,5,0.0006280377274379134,0.00036319842911325395,0.001758444937877357,False
kan,memorization,4,-3,5,0.0008611182565800846,0.0002798227360472083,0.0010504736565053463,False
kan,memorization,4,-2,5,0.0007543914252892137,0.0006055457051843405,0.001264552236534655,False
kan,memorization,4,-1,5,0.0006251966115087271,0.00029873402672819793,0.0009213168523274362,False
kan,memorization,4,0,5,0.003030352294445038,0.002805070485919714,0.004186371341347694,False
kan,memorization,4,1,5,0.00041786194196902215,0.0003882133460137993,0.0011652919929474592,False
kan,memorization,4,2,5,0.0007246950408443809,0.000593080825638026,0.0013291657669469714,False
kan,memorization,4,3,5,0.0006831689970567822,0.0003753333876375109,0.001130966586060822,False
kan,memorization,4,4,5,0.0014127455651760101,0.0006120868492871523,0.003946409560739994,True
kan,memorization,4,5,5,0.0006711207679472864,0.0006040154839865863,0.0013237931998446584,False
kan,memorization,4,6,5,0.0005292221321724355,0.00033144489862024784,0.0009514148696325719,False
kan,memorization,4,7,5,0.0006146847736090422,0.00046868136269040406,0.0007066772086545825,False
kan,memorization,4,8,5,0.0006676829652860761,0.0005637272843159735,0.0012351529439911246,False
kan,memorization,4,9,5,0.0006632760050706565,0.0003159686748404056,0.0010245589073747396,False
kan,memorization,4,10,5,0.0005800934159196913,0.0005254025454632938,0.0010812180116772652,False
kan,memorization,4,11,5,0.0008532903739251196,0.0004084669635631144,0.0012133218115195632,False
kan,memorization,4,12,5,0.0006007234915159643,0.00042964081512764096,0.0008443155675195158,False
kan,memorization,4,13,5,0.0006466314662247896,0.00026164023438468575,0.0008019834058359265,False
kan,memorization,4,14,5,0.0007525617838837206,0.0005876157083548605,0.0009732115431688726,False
kan,memorization,4,15,5,0.0005567043554037809,0.0002629384689498693,0.0010245360899716616,False
kan,memorization,5,-15,5,0.0006440334254875779,0.00028255541110411286,0.0009865144966170192,False
kan,memorization,5,-14,5,0.000837538973428309,0.000533980957698077,0.0011721034534275532,False
kan,memorization,5,-13,5,0.0004801372124347836,0.00025551370345056057,0.0008372946758754551,False
kan,memorization,5,-12,5,0.0006086413050070405,0.00044289027573540807,0.000807044212706387,False
kan,memorization,5,-11,5,0.0006858021370135248,0.0005700230249203742,0.0014688052469864488,False
kan,memorization,5,-10,5,0.0007397154113277793,0.00044602932757698,0.0008570186328142881,False
kan,memorization,5,-9,5,0.0006807452300563455,0.0005553605151362717,0.0010939586209133267,False
kan,memorization,5,-8,5,0.0006279750959947705,0.0004545155097730458,0.0011533298529684544,False
kan,memorization,5,-7,5,0.000525886018294841,0.00042683418723754585,0.0013345765182748437,False
kan,memorization,5,-6,5,0.000521254085469991,0.0003135251463390887,0.0012452603550627828,False
kan,memorization,5,-5,5,0.0006459648138843477,0.0003799080732278526,0.000983308651484549,False
kan,memorization,5,-4,5,0.0005970664205960929,0.0004338918370194733,0.0007270365604199469,False
kan,memorization,5,-3,5,0.0008374290191568434,0.0004350618692114949,0.0010168526787310839,False
kan,memorization,5,-2,5,0.0007026414386928082,0.0004769476654473692,0.0008144495077431202,False
kan,memorization,5,-1,5,0.0005934867076575756,0.00044097439968027174,0.0007172086043283343,False
kan,memorization,5,0,5,0.0035393969155848026,0.002059481805190444,0.005765954498201609,False
kan,memorization,5,1,5,0.0006384357693605125,0.0004194756329525262,0.0006760607357136905,False
kan,memorization,5,2,5,0.0006641020881943405,0.0004927130648866296,0.0008907213341444731,False
kan,memorization,5,3,5,0.0006809084443375468,0.0004531937011051923,0.0012721322709694505,False
kan,memorization,5,4,5,0.0006775702931918204,0.0005656554130837321,0.0008378986385650933,False
kan,memorization,5,5,5,0.0022544057574123144,0.0017952458001673222,0.03788883611559868,True
kan,memorization,5,6,5,0.0006483671604655683,0.0003585100348573178,0.000730556552298367,False
kan,memorization,5,7,5,0.0006988170789554715,0.0005692227859981358,0.000879889412317425,False
kan,memorization,5,8,5,0.0006862602313049138,0.0005101094720885158,0.0008342561777681112,False
kan,memorization,5,9,5,0.0006939229206182063,0.0005520776612684131,0.00107254134491086,False
kan,memorization,5,10,5,0.0008185214828699827,0.00037572349538095295,0.001245040213689208,False
kan,memorization,5,11,5,0.0006468432839028537,0.0004686080210376531,0.0010684361914172769,False
kan,memorization,5,12,5,0.0008036597864702344,0.0003785134176723659,0.0009779075626283884,False
kan,memorization,5,13,5,0.0005157240084372461,0.00040834900573827326,0.0006778292008675635,False
kan,memorization,5,14,5,0.0006918968283571303,0.0004269878554623574,0.001149080228060484,False
kan,memorization,5,15,5,0.0006549658719450235,0.00042574264807626605,0.0007775097037665546,False
kan,memorization,6,-15,5,0.0005874705966562033,0.00049990089610219,0.0006928220391273499,False
kan,memorization,6,-14,5,0.000579698069486767,0.0004741569864563644,0.0015562201151624322,False
kan,memorization,6,-13,5,0.0005746226524934173,0.0002372894814470783,0.0007209595059975982,False
kan,memorization,6,-12,5,0.0006255792104639113,0.00042566866613924503,0.0008281638729386032,False
kan,memorization,6,-11,5,0.000668991357088089,0.00046827527694404125,0.0010144830448552966,False
kan,memorization,6,-10,5,0.0006269838777370751,0.00040862784953787923,0.000677319651003927,False
kan,memorization,6,-9,5,0.0005585190956480801,0.0004511366132646799,0.0008242353214882314,False
kan,memorization,6,-8,5,0.0006921767489984632,0.0004968796856701374,0.0009104463970288634,False
kan,memorization,6,-7,5,0.0006543926429003477,0.0004634531505871564,0.0007175292703323066,False
kan,memorization,6,-6,5,0.0009360835538245738,0.00034657513606362045,0.0015806560404598713,False
kan,memorization,6,-5,5,0.0005167302442714572,0.0003339473332744092,0.0008995977113954723,False
kan,memorization,6,-4,5,0.0006883366731926799,0.0005669998354278505,0.0015099457232281566,False
kan,memorization,6,-3,5,0.0005496938829310238,0.0004770617524627596,0.0013154231710359454,False
kan,memorization,6,-2,5,0.0006987462402321398,0.0003842206497211009,0.0010423761559650302,False
kan,memorization,6,-1,5,0.0006323732086457312,0.0005008145235478878,0.000765885051805526,False
kan,memorization,6,0,5,0.004258133936673403,0.00186533119995147,0.0048189787194132805,False
kan,memorization,6,1,5,0.0005166355986148119,0.0003796480013988912,0.0006587413954548538,False
kan,memorization,6,2,5,0.000727890816051513,0.00032460197689943016,0.001046322868205607,False
kan,memorization,6,3,5,0.0005497910897247493,0.00035379634937271476,0.0018719823565334082,False
kan,memorization,6,4,5,0.0006002879817970097,0.00040601150249131024,0.0010811922838911414,False
kan,memorization,6,5,5,0.0007455352460965514,0.000552290934138,0.0009478424326516688,False
kan,memorization,6,6,5,0.0019028044771403074,0.00043458660366013646,0.02515207976102829,True
kan,memorization,6,7,5,0.0006648593698628247,0.00041169574251398444,0.0009872920345515013,False
kan,memorization,6,8,5,0.0006840773276053369,0.00040351046482101083,0.0007586770225316286,False
kan,memorization,6,9,5,0.0006045128684490919,0.0003931022947654128,0.0009581118356436491,False
kan,memorization,6,10,5,0.0005864205886609852,0.0002868829760700464,0.000889328948687762,False
kan,memorization,6,11,5,0.0006847221520729363,0.0005813245079480112,0.0007769369403831661,False
kan,memorization,6,12,5,0.0005580138531513512,0.00046097158337943256,0.0012658921768888831,False
kan,memorization,6,13,5,0.00046823479351587594,0.0003297334478702396,0.0006693277391605079,False
kan,memorization,6,14,5,0.0007482279324904084,0.0004964728141203523,0.0010986862471327186,False
kan,memorization,6,15,5,0.0006270253797993064,0.0004647042660508305,0.0008559742709621787,False
kan,memorization,7,-15,5,0.0007251358474604785,0.0004938102210871875,0.0010153271723538637,False
kan,memorization,7,-14,5,0.0008086863672360778,0.0004567198338918388,0.0015674849273636937,False
kan,memorization,7,-13,5,0.0005860356031917036,0.0004951434093527496,0.0008434657356701791,False
kan,memorization,7,-12,5,0.000777082925196737,0.0005490356707014143,0.0018462612060829997,False
kan,memorization,7,-11,5,0.0009234327590093017,0.0006077929865568876,0.0016766076441854239,False
kan,memorization,7,-10,5,0.0006547675584442914,0.0005002847174182534,0.0006920769810676575,False
kan,memorization,7,-9,5,0.0009229351417161524,0.0005000387318432331,0.0010924380039796233,False
kan,memorization,7,-8,5,0.0008840448572300375,0.0008235553978011012,0.0011673395056277514,False
kan,memorization,7,-7,5,0.0011095816735178232,0.0009062293684110045,0.0018119706073775887,False
kan,memorization,7,-6,5,0.0006210227147676051,0.00047451589489355683,0.0006834906525909901,False
kan,memorization,7,-5,5,0.0007870207773521543,0.000554899568669498,0.0009559663594700396,False
kan,memorization,7,-4,5,0.0008043405832722783,0.0005819559446536005,0.0009151064441539347,False
kan,memorization,7,-3,5,0.0006715903873555362,0.0006054165423847735,0.0012098710285499692,False
kan,memorization,7,-2,5,0.0007766158669255674,0.0005095596425235271,0.0011041200486943126,False
kan,memorization,7,-1,5,0.0007883188663981855,0.000648756162263453,0.0008481524419039488,False
kan,memorization,7,0,5,0.003932511433959007,0.0025216490030288696,0.005591403227299452,False
kan,memorization,7,1,5,0.0006475054542534053,0.00043171487050130963,0.0007677461835555732,False
kan,memorization,7,2,5,0.0008705747313797474,0.0006410863134078681,0.0012468539644032717,False
kan,memorization,7,3,5,0.0006314885104075074,0.0004994637565687299,0.0014715057332068682,False
kan,memorization,7,4,5,0.0006999009056016803,0.0005467050359584391,0.0008738200995139778,False
kan,memorization,7,5,5,0.0007312114466913044,0.0006919755833223462,0.001290811924263835,False
kan,memorization,7,6,5,0.0005480741965584457,0.0005033750785514712,0.0006949470262043178,False
kan,memorization,7,7,5,0.0030109435319900513,0.0015434813685715199,0.004908842500299215,True
kan,memorization,7,8,5,0.001002779114060104,0.0005665298667736351,0.0011101220734417439,False
kan,memorization,7,9,5,0.0008790771244093776,0.00046104047214612365,0.0018948890501633286,False
kan,memorization,7,10,5,0.0006580523331649601,0.0004699688870459795,0.0007725802715867758,False
kan,memorization,7,11,5,0.0007216655067168176,0.0006141383782960474,0.0015883034793660045,False
kan,memorization,7,12,5,0.0006672547897323966,0.0005580451106652617,0.0009056306444108486,False
kan,memorization,7,13,5,0.0007703755982220173,0.0004581862594932318,0.0009577727178111672,False
kan,memorization,7,14,5,0.0008904118440113962,0.0005177055136300623,0.0014851189916953444,False
kan,memorization,7,15,5,0.0009249100694432855,0.0005147388437762856,0.0013194875791668892,False
kan,memorization,8,-15,5,0.0009057450806722045,0.0005246007931418717,0.0013897173339501023,False
kan,memorization,8,-14,5,0.0008953774231486022,0.0007499891798943281,0.0010879322653636336,False
kan,memorization,8,-13,5,0.0005701569025404751,0.00046370099880732596,0.0010179267264902592,False
kan,memorization,8,-12,5,0.0004830373509321362,0.00041651425999589264,0.0009840956190600991,False
kan,memorization,8,-11,5,0.0007244286825880408,0.00047222155262716115,0.0010897028259932995,False
kan,memorization,8,-10,5,0.0005905228317715228,0.00036964958417229354,0.0007951257284730673,False
kan,memorization,8,-9,5,0.0006564843351952732,0.0004392298578750342,0.0007940480136312544,False
kan,memorization,8,-8,5,0.0006769197643734515,0.00046860426664352417,0.0032379517797380686,False
kan,memorization,8,-7,5,0.0005834632320329547,0.0003506595967337489,0.0012356912484392524,False
kan,memorization,8,-6,5,0.0007753812242299318,0.00033907819306477904,0.0009546916699036956,False
kan,memorization,8,-5,5,0.0006209090352058411,0.0004672012000810355,0.0008986945613287389,False
kan,memorization,8,-4,5,0.000697423005476594,0.00038532112375833094,0.0009452677331864834,False
kan,memorization,8,-3,5,0.0008169505163095891,0.00027917453553527594,0.0012079416774213314,False
kan,memorization,8,-2,5,0.0006612176657654345,0.0004902070504613221,0.0011534885270521045,False
kan,memorization,8,-1,5,0.0005297015886753798,0.0003856653056573123,0.0008534887456335127,False
kan,memorization,8,0,5,0.004005709197372198,0.003331100335344672,0.004169960040599108,False
kan,memorization,8,1,5,0.0005390194128267467,0.0003939019807148725,0.0008720087353140116,False
kan,memorization,8,2,5,0.0007176730432547629,0.00047414496657438576,0.0012291311286389828,False
kan,memorization,8,3,5,0.0006562655325978994,0.0002857003710232675,0.0010033913422375917,False
kan,memorization,8,4,5,0.000743769807741046,0.00043351162457838655,0.0016018254682421684,False
kan,memorization,8,5,5,0.0006717756041325629,0.00035255096736364067,0.0010688930051401258,False
kan,memorization,8,6,5,0.0004763694596476853,0.0004339521692600101,0.0006742340628989041,False
kan,memorization,8,7,5,0.0006456783157773316,0.0005666291690431535,0.0007902929792180657,False
kan,memorization,8,8,5,0.001675203675404191,0.0010570369195193052,0.007995955646038055,True
kan,memorization,8,9,5,0.0007266468601301312,0.0005813806783407927,0.0009064310579560697,False
kan,memorization,8,10,5,0.0006163216894492507,0.00038800114998593926,0.000753335072658956,False
kan,memorization,8,11,5,0.0007290162611752748,0.000641787308268249,0.000845651957206428,False
kan,memorization,8,12,5,0.0006735610659234226,0.0004859834734816104,0.0012959711020812392,False
kan,memorization,8,13,5,0.0006502583273686469,0.0004040962376166135,0.0008225758210755885,False
kan,memorization,8,14,5,0.0007429897086694837,0.0005798164056614041,0.0009978438029065728,False
kan,memorization,8,15,5,0.0009801636915653944,0.0004961562226526439,0.0010765193728730083,False
kan,memorization,9,-15,5,0.0006675260956399143,0.00041582511039450765,0.0014786908868700266,False
kan,memorization,9,-14,5,0.0009422484436072409,0.0008925662259571254,0.0014975748490542173,False
kan,memorization,9,-13,5,0.0007886294042691588,0.00031806185143068433,0.0022116138134151697,False
kan,memorization,9,-12,5,0.0006444143946282566,0.00030620323377661407,0.0007178646046668291,False
kan,memorization,9,-11,5,0.0007517290650866926,0.00047668031766079366,0.001289562089368701,False
kan,memorization,9,-10,5,0.0005747804534621537,0.00040373404044657946,0.0009026072220876813,False
kan,memorization,9,-9,5,0.0010493476875126362,0.00042906764429062605,0.002005525166168809,False
kan,memorization,9,-8,5,0.0007103958050720394,0.0005760873900726438,0.0008004362462088466,False
kan,memorization,9,-7,5,0.0006310415337793529,0.00034579087514430285,0.0011850130977109075,False
kan,memorization,9,-6,5,0.0005830203299410641,0.0005088015459477901,0.0009921554010361433,False
kan,memorization,9,-5,5,0.0010017136810347438,0.0003433046513237059,0.0012538846349343657,False
kan,memorization,9,-4,5,0.0007745472248643637,0.00036314933095127344,0.0008795869653113186,False
kan,memorization,9,-3,5,0.000664722581859678,0.0005621060263365507,0.0008854811894707382,False
kan,memorization,9,-2,5,0.0006972028641030192,0.0004383946070447564,0.0009361560805700719,False
kan,memorization,9,-1,5,0.000563140376470983,0.0002519827103242278,0.0009733840124681592,False
kan,memorization,9,0,5,0.003685851115733385,0.0028293279465287924,0.0042611476965248585,False
kan,memorization,9,1,5,0.0005130823701620102,0.0002871016040444374,0.0007409564568661153,False
kan,memorization,9,2,5,0.0007798214792273939,0.00040527895907871425,0.0013546699192374945,False
kan,memorization,9,3,5,0.000730533036403358,0.0003748608287423849,0.0008626900380477309,False
kan,memorization,9,4,5,0.0005598458810709417,0.0004363504995126277,0.001205767854116857,False
kan,memorization,9,5,5,0.0008776657632552087,0.0004937900812365115,0.0010469405679032207,False
kan,memorization,9,6,5,0.0005048789316788316,0.0004471754946280271,0.0009577812161296606,False
kan,memorization,9,7,5,0.0006161447963677347,0.0004446351376827806,0.0008211187669076025,False
kan,memorization,9,8,5,0.0007922162767499685,0.0005352613516151905,0.001023176941089332,False
kan,memorization,9,9,5,0.0033632542472332716,0.0008465956780128181,0.031422898173332214,True
kan,memorization,9,10,5,0.0005431005265563726,0.0003876359842251986,0.0008783797966316342,False
kan,memorization,9,11,5,0.0006526735960505903,0.00048425712157040834,0.0012633579317480326,False
kan,memorization,9,12,5,0.0007534946198575199,0.0005365339457057416,0.0008486857987008989,False
kan,memorization,9,13,5,0.0007186845759861171,0.0003177072503603995,0.0014601746806874871,False
kan,memorization,9,14,5,0.0007096980698406696,0.00045660429168492556,0.0012537491274997592,False
kan,memorization,9,15,5,0.0006547629600390792,0.0005176448030397296,0.001141140004619956,False
kan,memorization,10,-15,5,0.0004354237171355635,0.0002919937251135707,0.0008172481902875006,False
kan,memorization,10,-14,5,0.0007402324699796736,0.00043932272819802165,0.001111235935240984,False
kan,memorization,10,-13,5,0.0005923089338466525,0.00043534336145967245,0.0007707265904173255,False
kan,memorization,10,-12,5,0.0007909584674052894,0.0004453502770047635,0.0009087524376809597,False
kan,memorization,10,-11,5,0.0006429172935895622,0.0004150845925323665,0.001315458444878459,False
kan,memorization,10,-10,5,0.0008268118253909051,0.0004485548415686935,0.0010986827546730638,False
kan,memorization,10,-9,5,0.0006017795531079173,0.0003858217678498477,0.0008455851348116994,False
kan,memorization,10,-8,5,0.000698415853548795,0.0005044133285991848,0.001126962946727872,False
kan,memorization,10,-7,5,0.0005828344146721065,0.0005016981158405542,0.0007351615349762142,False
kan,memorization,10,-6,5,0.0005865746061317623,0.00038727029459550977,0.0008271908736787736,False
kan,memorization,10,-5,5,0.0006961185717955232,0.0003450161311775446,0.001011982443742454,False
kan,memorization,10,-4,5,0.0006687332061119378,0.00042925559682771564,0.001193065196275711,False
kan,memorization,10,-3,5,0.0006440090364776552,0.0005978565895929933,0.0006886646151542664,False
kan,memorization,10,-2,5,0.0006663842359557748,0.00040552698192186654,0.0008518178365193307,False
kan,memorization,10,-1,5,0.0005632769898511469,0.00045319928904064,0.001097364816814661,False
kan,memorization,10,0,5,0.0032034250907599926,0.0026610533241182566,0.004111649468541145,False
kan,memorization,10,1,5,0.0006204898236319423,0.0005194614641368389,0.0008655751007609069,False
kan,memorization,10,2,5,0.000676019408274442,0.0006131336558610201,0.0008637739811092615,False
kan,memorization,10,3,5,0.0005460429238155484,0.00044081697706133127,0.0006935041164979339,False
kan,memorization,10,4,5,0.0006797609967179596,0.0004412761190906167,0.0007874215953052044,False
kan,memorization,10,5,5,0.0008299078326672316,0.0005518022808246315,0.0010960601503029466,False
kan,memorization,10,6,5,0.0004885316593572497,0.0003710731107275933,0.0008907745941542089,False
kan,memorization,10,7,5,0.000621335580945015,0.0005361574585549533,0.000893689866643399,False
kan,memorization,10,8,5,0.0008302261703647673,0.0005659231101162732,0.0008878522785380483,False
kan,memorization,10,9,5,0.0005167507333680987,0.0004569084267131984,0.0008709613466635346,False
kan,memorization,10,10,5,0.0020878450013697147,0.0005825158441439271,0.03725802153348923,True
kan,memorization,10,11,5,0.0006093106931075454,0.00041720905574038625,0.0009188640979118645,False
kan,memorization,10,12,5,0.000598002749029547,0.0004914680030196905,0.000792051141615957,False
kan,memorization,10,13,5,0.0005534305237233639,0.0004152900946792215,0.001006099977530539,False
kan,memorization,10,14,5,0.0006647722329944372,0.0003911678504664451,0.0009343363344669342,False
kan,memorization,10,15,5,0.0006696672644466162,0.00046568442485295236,0.0007733548991382122,False
kan,memorization,11,-15,5,0.0007485415553674102,0.0003560805635061115,0.0009489454096183181,False
kan,memorization,11,-14,5,0.0005790056311525404,0.00047953706234693527,0.0010685801971703768,False
kan,memorization,11,-13,5,0.0006390835042111576,0.0003678970388136804,0.0008236054563894868,False
kan,memorization,11,-12,5,0.0006115969736129045,0.000605476729106158,0.0015503520844504237,False
kan,memorization,11,-11,5,0.0008972239447757602,0.0005309840780682862,0.0011845725821331143,False
kan,memorization,11,-10,5,0.00046104344073683023,0.0002494505315553397,0.001320627168752253,False
kan,memorization,11,-9,5,0.0007670418126508594,0.00046675364137627184,0.0011462210677564144,False
kan,memorization,11,-8,5,0.0008581134025007486,0.0004838722525164485,0.0009866449981927872,False
kan,memorization,11,-7,5,0.0006694926414638758,0.00034806926851160824,0.0008305346127599478,False
kan,memorization,11,-6,5,0.0006762471166439354,0.0004863604553975165,0.0008153241942636669,False
kan,memorization,11,-5,5,0.0007580376695841551,0.0004224662552587688,0.0009135720320045948,False
kan,memorization,11,-4,5,0.0006888919742777944,0.0003839628188870847,0.0012107177171856165,False
kan,memorization,11,-3,5,0.0007791991229169071,0.0004252883663866669,0.00094124412862584,False
kan,memorization,11,-2,5,0.0006787164020352066,0.0006224963581189513,0.0010859293397516012,False
kan,memorization,11,-1,5,0.0005893699126318097,0.000445983576355502,0.0008851176826283336,False
kan,memorization,11,0,5,0.003885673824697733,0.0027295518666505814,0.004180782474577427,False
kan,memorization,11,1,5,0.0005738052423112094,0.0003440355940256268,0.0009698715875856578,False
kan,memorization,11,2,5,0.0010448357788845897,0.0005284349317662418,0.001149929827079177,False
kan,memorization,11,3,5,0.0006710142479278147,0.00045086833415552974,0.0008018243825063109,False
kan,memorization,11,4,5,0.0007604050333611667,0.0005899480311200023,0.000830662960652262,False
kan,memorization,11,5,5,0.0006406807224266231,0.000336777709890157,0.001081841648556292,False
kan,memorization,11,6,5,0.0006321138935163617,0.00046094987192191184,0.0006998813478276134,False
kan,memorization,11,7,5,0.0005322058568708599,0.0002942634455394,0.0008783716475591063,False
kan,memorization,11,8,5,0.0006548775127157569,0.00041300576413050294,0.0008586473413743079,False
kan,memorization,11,9,5,0.000498110253829509,0.00036143502802588046,0.001693626749329269,False
kan,memorization,11,10,5,0.0006353912758640945,0.000266367569565773,0.0012394567020237446,False
kan,memorization,11,11,5,0.002123638056218624,0.0007948140846565366,0.0129086934030056,True
kan,memorization,11,12,5,0.0006222512456588447,0.0004955743788741529,0.0007572995964437723,False
kan,memorization,11,13,5,0.0005241368198767304,0.00038409765693359077,0.0008514174842275679,False
kan,memorization,11,14,5,0.0008221231983043253,0.0004765765042975545,0.0011210902594029903,False
kan,memorization,11,15,5,0.0006387500325217843,0.00034607364796102047,0.0008852594182826579,False
kan,memorization,12,-15,5,0.0005804640240967274,0.0003966285730712116,0.001256606075912714,False
kan,memorization,12,-14,5,0.0006069784285500646,0.0003757712838705629,0.0010420395992696285,False
kan,memorization,12,-13,5,0.0005927308229729533,0.00037605452234856784,0.0009153852006420493,False
kan,memorization,12,-12,5,0.0007474832818843424,0.00044703143066726625,0.00222150981426239,False
kan,memorization,12,-11,5,0.0007182148401625454,0.00028539058985188603,0.0015588417882099748,False
kan,memorization,12,-10,5,0.0005771074211224914,0.00035617168759927154,0.0009398406255058944,False
kan,memorization,12,-9,5,0.0006715591298416257,0.0004155295609962195,0.0008313058642670512,False
kan,memorization,12,-8,5,0.0005134147359058261,0.00043141283094882965,0.0011865012347698212,False
kan,memorization,12,-7,5,0.0008490552427247167,0.0004880099731963128,0.0013881765771657228,False
kan,memorization,12,-6,5,0.0005388062563724816,0.0003339516988489777,0.0009654019959270954,False
kan,memorization,12,-5,5,0.0005941831623204052,0.00041498971404507756,0.0008668969967402518,False
kan,memorization,12,-4,5,0.0005802477244287729,0.0005511008785106242,0.001033577835187316,False
kan,memorization,12,-3,5,0.0004971254384145141,0.00045058957766741514,0.0014476478099822998,False
kan,memorization,12,-2,5,0.0005797444609925151,0.0003990184923168272,0.0008108163019642234,False
kan,memorization,12,-1,5,0.0006129170651547611,0.00030653344583697617,0.0007353959954343736,False
kan,memorization,12,0,5,0.0031074017751961946,0.0019265838200226426,0.0033367895521223545,False
kan,memorization,12,1,5,0.0004787816433236003,0.0002503509458620101,0.0007766004418954253,False
kan,memorization,12,2,5,0.0005464810528792441,0.00039591293898411095,0.000873907352797687,False
kan,memorization,12,3,5,0.0004905304522253573,0.0003642496303655207,0.000853949983138591,False
kan,memorization,12,4,5,0.0005362228257581592,0.0003345180884934962,0.0008110191556625068,False
kan,memorization,12,5,5,0.0007386265206150711,0.000543509959243238,0.0008957411046139896,False
kan,memorization,12,6,5,0.0005750638665631413,0.00041550607420504093,0.0009875581599771976,False
kan,memorization,12,7,5,0.0005938827525824308,0.0005700179608538747,0.0010016337037086487,False
kan,memorization,12,8,5,0.0005855180788785219,0.0004939401405863464,0.0012353536440059543,False
kan,memorization,12,9,5,0.0005346097750589252,0.0004323342291172594,0.0006691788439638913,False
kan,memorization,12,10,5,0.00048247279482893646,0.00032720205490477383,0.0007277692202478647,False
kan,memorization,12,11,5,0.000604718632530421,0.0005318701732903719,0.0006800995324738324,False
kan,memorization,12,12,5,0.0022453111596405506,0.0007180295651778579,0.03085356019437313,True
kan,memorization,12,13,5,0.0005131184007041156,0.0003830349014606327,0.0005720877088606358,False
kan,memorization,12,14,5,0.0007265386520884931,0.0005518253892660141,0.0009041299927048385,False
kan,memorization,12,15,5,0.0006385035812854767,0.0004772806423716247,0.0017713933484628797,False
kan,memorization,13,-15,5,0.0007293677190318704,0.00034100370248779655,0.0008624267065897584,False
kan,memorization,13,-14,5,0.0007104246760718524,0.0005791403818875551,0.0012507477076724172,False
kan,memorization,13,-13,5,0.0006955433054827154,0.00033704034285619855,0.0008742090431042016,False
kan,memorization,13,-12,5,0.0007179254898801446,0.00033523570164106786,0.0008072418277151883,False
kan,memorization,13,-11,5,0.0006366799352690578,0.00027504691388458014,0.0007069315179251134,False
kan,memorization,13,-10,5,0.0005815702024847269,0.00038933506584726274,0.0006924919434823096,False
kan,memorization,13,-9,5,0.0006487207720056176,0.0004007218813057989,0.0014863902470096946,False
kan,memorization,13,-8,5,0.0007195501239039004,0.00036598945735022426,0.0009016688563860953,False
kan,memorization,13,-7,5,0.0005428970325738192,0.00046693364856764674,0.0009675977053120732,False
kan,memorization,13,-6,5,0.0007421333575621247,0.0004688556073233485,0.000960331701207906,False
kan,memorization,13,-5,5,0.000601713196374476,0.0004310135554987937,0.0008153576054610312,False
kan,memorization,13,-4,5,0.0007485719979740679,0.00042418207158334553,0.0008176967967301607,False
kan,memorization,13,-3,5,0.0004877442552242428,0.00031727540772408247,0.0009344058926217258,False
kan,memorization,13,-2,5,0.0006608949042856693,0.000399814045522362,0.0008850705926306546,False
kan,memorization,13,-1,5,0.0005160183645784855,0.0003953551349695772,0.0007430203258991241,False
kan,memorization,13,0,5,0.003455796279013157,0.0025358127895742655,0.003577145282179117,False
kan,memorization,13,1,5,0.00043782038846984506,0.0003089361125603318,0.0005661491886712611,False
kan,memorization,13,2,5,0.0007367297657765448,0.0005566172767430544,0.0012962865876033902,False
kan,memorization,13,3,5,0.0006572034326381981,0.0005455284263007343,0.00113045668695122,False
kan,memorization,13,4,5,0.0006984153878875077,0.0005967960460111499,0.0009309750166721642,False
kan,memorization,13,5,5,0.0006316832732409239,0.00030551350209861994,0.0008743212092667818,False
kan,memorization,13,6,5,0.0006801087292842567,0.000496532826218754,0.0007742590387351811,False
kan,memorization,13,7,5,0.0008290109690278769,0.0005869705346412957,0.0010310052894055843,False
kan,memorization,13,8,5,0.0007931385771371424,0.0004955399199388921,0.0011001001112163067,False
kan,memorization,13,9,5,0.0007409871323034167,0.0003552187408786267,0.0010620965622365475,False
kan,memorization,13,10,5,0.00045664302888326347,0.00035949129960499704,0.0008667263900861144,False
kan,memorization,13,11,5,0.0007457342580892146,0.00031432750984095037,0.000984194572083652,False
kan,memorization,13,12,5,0.0004983306862413883,0.00037197943311184645,0.000863616238348186,False
kan,memorization,13,13,5,0.0017383642261847854,0.0007607667939737439,0.0020865697879344225,True
kan,memorization,13,14,5,0.0005252491100691259,0.0004363002080935985,0.0006477226852439344,False
kan,memorization,13,15,5,0.0006046147900633514,0.000497522996738553,0.001138701569288969,False
kan,memorization,14,-15,5,0.0006146951345726848,0.0004527721321210265,0.0007531115552410483,False
kan,memorization,14,-14,5,0.0010011689737439156,0.0005519155529327691,0.0011466817231848836,False
kan,memorization,14,-13,5,0.0005034049390815198,0.00041118456283584237,0.0007066227844916284,False
kan,memorization,14,-12,5,0.0007052397704683244,0.00046680078958161175,0.001006144448183477,False
kan,memorization,14,-11,5,0.0008075656951405108,0.0005031299660913646,0.0009637565817683935,False
kan,memorization,14,-10,5,0.0006685227854177356,0.00027409670292399824,0.0012203060323372483,False
kan,memorization,14,-9,5,0.0006120737525634468,0.0005284492508508265,0.0014389751013368368,False
kan,memorization,14,-8,5,0.0005956656532362103,0.0005647037760354578,0.0012209052219986916,False
kan,memorization,14,-7,5,0.0009054861729964614,0.0006466488703154027,0.0012075155973434448,False
kan,memorization,14,-6,5,0.000538460211828351,0.0002517315442673862,0.0007971104932948947,False
kan,memorization,14,-5,5,0.0008079131366685033,0.0005061524570919573,0.0009423214360140264,False
kan,memorization,14,-4,5,0.0006227247067727149,0.000571525888517499,0.001033325563184917,False
kan,memorization,14,-3,5,0.0006631732685491443,0.0004506734840106219,0.001380027737468481,False
kan,memorization,14,-2,5,0.000708201143424958,0.0006781202391721308,0.0008473414345644414,False
kan,memorization,14,-1,5,0.0006494938861578703,0.0004366746579762548,0.0011775190941989422,False
kan,memorization,14,0,5,0.003772915108129382,0.0029277177527546883,0.004622017964720726,False
kan,memorization,14,1,5,0.0005714040598832071,0.0003875170659739524,0.00100913573987782,False
kan,memorization,14,2,5,0.0007538549252785742,0.000559877255000174,0.0008129030466079712,False
kan,memorization,14,3,5,0.000807919364888221,0.00042975632823072374,0.0009902031160891056,False
kan,memorization,14,4,5,0.0008363797096535563,0.0004298686399124563,0.0009344156715087593,False
kan,memorization,14,5,5,0.0008839779766276479,0.0005417459760792553,0.0011255638673901558,False
kan,memorization,14,6,5,0.00064961047610268,0.00037270921166054904,0.0009596553863957524,False
kan,memorization,14,7,5,0.0008865887648425996,0.0006620859494432807,0.0010088668204843998,False
kan,memorization,14,8,5,0.0006245035910978913,0.000502441602293402,0.00081050576409325,False
kan,memorization,14,9,5,0.0007664051954634488,0.0004759986186400056,0.0013114564353600144,False
kan,memorization,14,10,5,0.0006511198589578271,0.0003167955146636814,0.0007612876361235976,False
kan,memorization,14,11,5,0.0009088839287869632,0.00046250905143097043,0.001163001637905836,False
kan,memorization,14,12,5,0.0007002436905167997,0.0006393020157702267,0.0010291232028976083,False
kan,memorization,14,13,5,0.0005726540111936629,0.0003966859949287027,0.0008955386001616716,False
kan,memorization,14,14,5,0.00694616325199604,0.0014162377920001745,0.02042599394917488,True
kan,memorization,14,15,5,0.0005871597095392644,0.00038514373591169715,0.001328721409663558,False
kan,memorization,15,-15,5,0.0006574048893526196,0.0004100067599210888,0.0014984740410000086,False
kan,memorization,15,-14,5,0.0006923716282472014,0.0004904834786430001,0.0009270391892641783,False
kan,memorization,15,-13,5,0.0006698723300360143,0.00018898198322858661,0.0012564784847199917,False
kan,memorization,15,-12,5,0.0006571407429873943,0.00044098246144130826,0.0013797346036881208,False
kan,memorization,15,-11,5,0.0005106205935589969,0.00039156549610197544,0.0010412668343633413,False
kan,memorization,15,-10,5,0.000540251552592963,0.0002734395384322852,0.0007431427366100252,False
kan,memorization,15,-9,5,0.0005952162900939584,0.0004164232814218849,0.0013334875693544745,False
kan,memorization,15,-8,5,0.0007492189761251211,0.0003678465145640075,0.0013503751251846552,False
kan,memorization,15,-7,5,0.0004181966942269355,0.00029655167600139976,0.0006432764930650592,False
kan,memorization,15,-6,5,0.0006267016287893057,0.00028423499315977097,0.0010728590423241258,False
kan,memorization,15,-5,5,0.00045971202780492604,0.00029006836120970547,0.0007279640412889421,False
kan,memorization,15,-4,5,0.0004859013424720615,0.0003246510459575802,0.0010198273230344057,False
kan,memorization,15,-3,5,0.0006936569698154926,0.00036295742029324174,0.0009585793013684452,False
kan,memorization,15,-2,5,0.0005243689520284534,0.00039902995922602713,0.0007544294930994511,False
kan,memorization,15,-1,5,0.0007843507337383926,0.00026157646789215505,0.0013158321380615234,False
kan,memorization,15,0,5,0.0035023882519453764,0.0025128198321908712,0.004677549470216036,False
kan,memorization,15,1,5,0.0004761054879054427,0.0002968620683532208,0.0006939865997992456,False
kan,memorization,15,2,5,0.0005912957130931318,0.00043974487925879657,0.0007133287726901472,False
kan,memorization,15,3,5,0.0005653088446706533,0.0004387673980090767,0.0010881575290113688,False
kan,memorization,15,4,5,0.0004631938354577869,0.00029502433608286083,0.0012168751563876867,False
kan,memorization,15,5,5,0.00047299597645178437,0.0003336733498144895,0.0008589540957473218,False
kan,memorization,15,6,5,0.0006475006812252104,0.0003850006323773414,0.000727758975699544,False
kan,memorization,15,7,5,0.0005386000848375261,0.00043762745917774737,0.0008717862074263394,False
kan,memorization,15,8,5,0.0007451485726051033,0.0004389607929624617,0.0013081092620268464,False
kan,memorization,15,9,5,0.0005924576544202864,0.0005061032134108245,0.0012715840712189674,False
kan,memorization,15,10,5,0.0003853325906675309,0.0002873722405638546,0.0008184611797332764,False
kan,memorization,15,11,5,0.0004990961751900613,0.0003107649681624025,0.0007444830844178796,False
kan,memorization,15,12,5,0.0005593790556304157,0.0003340992843732238,0.0011296226875856519,False
kan,memorization,15,13,5,0.00040456841816194355,0.0002954830997623503,0.0007832093397155404,False
kan,memorization,15,14,5,0.0008200130541808903,0.0005229312810115516,0.001056281733326614,False
kan,memorization,15,15,5,0.0008907436858862638,0.000459493778180331,0.028879718855023384,True
mlp,final,-15,-15,5,0.01695951633155346,0.010545170865952969,0.018423333764076233,True
mlp,final,-15,-14,5,0.00048565311590209603,0.00035567759186960757,0.0008143020677380264,False
mlp,final,-15,-13,5,0.0003390491765458137,0.00026507029542699456,0.0005670162499882281,False
mlp,final,-15,-12,5,0.00041583157144486904,0.0003177130129188299,0.0005902822013013065,False
mlp,final,-15,-11,5,0.00042984363972209394,0.00028078866307623684,0.0006722875987179577,False
mlp,final,-15,-10,5,0.0003773737698793411,0.00022038673341739923,0.0005077656824141741,False
mlp,final,-15,-9,5,0.00031598488567397,0.0002880935790017247,0.0004035343590658158,False
mlp,final,-15,-8,5,0.00035475968616083264,0.00026037186034955084,0.00044415908632799983,False
mlp,final,-15,-7,5,0.0004475276218727231,0.00019277838873676956,0.0004933614400215447,False
mlp,final,-15,-6,5,0.000361046870239079,0.0002678939199540764,0.0006691946764476597,False
mlp,final,-15,-5,5,0.0006206950638443232,0.00042893303907476366,0.0010328675853088498,False
mlp,final,-15,-4,5,0.0004700157151091844,0.0003110707039013505,0.0006094953278079629,False
mlp,final,-15,-3,5,0.0004392924311105162,0.00033373115002177656,0.0005090024205856025,False
mlp,final,-15,-2,5,0.0004172448825556785,0.0003131594858132303,0.0006954933051019907,False
mlp,final,-15,-1,5,0.0003776215889956802,0.00023345975205302238,0.0005859581870026886,False
mlp,final,-15,0,5,0.0009078229777514935,0.0006358572281897068,0.0011085639707744122,False
mlp,final,-15,1,5,0.0004456525784917176,0.00036685436498373747,0.00052067288197577,False
mlp,final,-15,2,5,0.00037485655047930777,0.00031903793569654226,0.0006842860020697117,False
mlp,final,-15,3,5,0.0003617833717726171,0.0003076758875977248,0.0006063070031814277,False
mlp,final,-15,4,5,0.00034450332168489695,0.00028935205773450434,0.0006461471784859896,False
mlp,final,-15,5,5,0.0004965215339325368,0.0003276865172665566,0.0008462435216642916,False
mlp,final,-15,6,5,0.0003517109726089984,0.00022839748999103904,0.0005106240860186517,False
mlp,final,-15,7,5,0.0003929829690605402,0.00029976628138683736,0.0005485618603415787,False
mlp,final,-15,8,5,0.0004410950932651758,0.0003564205835573375,0.0005226511275395751,False
mlp,final,-15,9,5,0.00035421032225713134,0.00024524834589101374,0.0005172213423065841,False
mlp,final,-15,10,5,0.0004179574898444116,0.00028993835439905524,0.0008220892632380128,False
mlp,final,-15,11,5,0.0003653700405266136,0.0003146171511616558,0.000659069512039423,False
mlp,final,-15,12,5,0.0004795729473698884,0.0003103318449575454,0.0005237061413936317,False
mlp,final,-15,13,5,0.00043090537656098604,0.0003672938619274646,0.0005753152072429657,False
mlp,final,-15,14,5,0.00046669936273247004,0.00041611018241383135,0.000626317341811955,False
mlp,final,-15,15,5,0.001962387003004551,0.0016295182285830379,0.002530318684875965,False
mlp,final,-14,-15,5,0.0005701023037545383,0.00034387974301353097,0.0006578601896762848,False
mlp,final,-14,-14,5,0.01988481730222702,0.011160194873809814,0.020292766392230988,True
mlp,final,-14,-13,5,0.0003314857603982091,0.0002650870301295072,0.0004486202378757298,False
mlp,final,-14,-12,5,0.000480662623886019,0.00027276083710603416,0.0006121176993474364,False
mlp,final,-14,-11,5,0.0003941661270800978,0.0001885185920400545,0.00094265874940902,False
mlp,final,-14,-10,5,0.0004957160563208163,0.0003282513644080609,0.0006619432242587209,False
mlp,final,-14,-9,5,0.0004683512670453638,0.0002930997288785875,0.000595384743064642,False
mlp,final,-14,-8,5,0.0004710746870841831,0.00039148758514784276,0.000537075218744576,False
mlp,final,-14,-7,5,0.000323104060953483,0.0002936150413006544,0.0006047362694516778,False
mlp,final,-14,-6,5,0.0003738774103112519,0.00026660782168619335,0.0004872529534623027,False
mlp,final,-14,-5,5,0.0003386510070413351,0.00025774806272238493,0.00045781992957927287,False
mlp,final,-14,-4,5,0.00038502816460095346,0.00029265586636029184,0.0004515231412369758,False
mlp,final,-14,-3,5,0.00039434622158296406,0.0002777696936391294,0.0005844904808327556,False
mlp,final,-14,-2,5,0.00040716066723689437,0.0003472687385510653,0.0006731533212587237,False
mlp,final,-14,-1,5,0.0004302745801396668,0.0003329113533254713,0.0004804480413440615,False
mlp,final,-14,0,5,0.0009996606968343258,0.0007263472070917487,0.0010869194520637393,False
mlp,final,-14,1,5,0.0004212506755720824,0.0002139378630090505,0.0005387190612964332,False
mlp,final,-14,2,5,0.00042508283513598144,0.0003499738231766969,0.0004950492875650525,False
mlp,final,-14,3,5,0.00036826194263994694,0.00025548870326019824,0.0006774403736926615,False
mlp,final,-14,4,5,0.00029436228214763105,0.00023872822930570692,0.0004664872831199318,False
mlp,final,-14,5,5,0.0003246291307732463,0.0002923000429291278,0.0004204260476399213,False
mlp,final,-14,6,5,0.00045842936378903687,0.000304064858937636,0.0005603396566584706,False
mlp,final,-14,7,5,0.0004070339782629162,0.00027786503778770566,0.0005275862640701234,False
mlp,final,-14,8,5,0.00040708263986743987,0.00029891086160205305,0.0004888531984761357,False
mlp,final,-14,9,5,0.0004821293114218861,0.00038743193726986647,0.000586269365157932,False
mlp,final,-14,10,5,0.00035278103314340115,0.0002973731025122106,0.0004736707196570933,False
mlp,final,-14,11,5,0.00045341625809669495,0.0003346348530612886,0.0005929806502535939,False
mlp,final,-14,12,5,0.000513192848302424,0.0003499207377899438,0.0009472791571170092,False
mlp,final,-14,13,5,0.0004389850073494017,0.0001787717774277553,0.0005347954574972391,False
mlp,final,-14,14,5,0.002317097969353199,0.0015800097025930882,0.002729214960709214,False
mlp,final,-14,15,5,0.00054613669635728,0.0004239186819177121,0.0006304901326075196,False
mlp,final,-13,-15,5,0.0003350896295160055,0.00027946740738116205,0.0004394270363263786,False
mlp,final,-13,-14,5,0.00038881233194842935,0.00024475064128637314,0.0005215282435528934,False
mlp,final,-13,-13,5,0.020892227068543434,0.015673181042075157,0.02458929643034935,True
mlp,final,-13,-12,5,0.0004025894158985466,0.0003489367663860321,0.0010236415546387434,False
mlp,final,-13,-11,5,0.0004641007981263101,0.00023218941350933164,0.0005801538936793804,False
mlp,final,-13,-10,5,0.00037419309956021607,0.0002740846248343587,0.00040322067798115313,False
mlp,final,-13,-9,5,0.0002593020617496222,0.00019784309552051127,0.00048814041656441987,False
mlp,final,-13,-8,5,0.0004708552733063698,0.0003552728157956153,0.0007369639934040606,False
mlp,final,-13,-7,5,0.00032823311630636454,0.0002839377266354859,0.0006320162792690098,False
mlp,final,-13,-6,5,0.0004966672859154642,0.00030235984013415873,0.0007622368284501135,False
mlp,final,-13,-5,5,0.0003818428667727858,0.00020984445291105658,0.0004628795140888542,False
mlp,final,-13,-4,5,0.00031311067868955433,0.00023560243425890803,0.0004805864882655442,False
mlp,final,-13,-3,5,0.0003376851964276284,0.00018614696455188096,0.0005978976842015982,False
mlp,final,-13,-2,5,0.0003229788853786886,0.0002958123805001378,0.0006053126999177039,False
mlp,final,-13,-1,5,0.0003310345928184688,0.00024327139544766396,0.0005044950521551073,False
mlp,final,-13,0,5,0.0008339363266713917,0.0005526638706214726,0.0009009673958644271,False
mlp,final,-13,1,5,0.00041066561243496835,0.00026609929045662284,0.000583960791118443,False
mlp,final,-13,2,5,0.00038498712820000947,0.0003050902741961181,0.0006902340101078153,False
mlp,final,-13,3,5,0.0003111628466285765,0.00023266412608791143,0.0005235690041445196,False
mlp,final,-13,4,5,0.00041743877227418125,0.0003464187611825764,0.0005469247116707265,False
mlp,final,-13,5,5,0.00034363576560281217,0.0002654784475453198,0.0005640742601826787,False
mlp,final,-13,6,5,0.0005497410893440247,0.00045734961167909205,0.0007512345910072327,False
mlp,final,-13,7,5,0.0004248479090165347,0.0002829610893968493,0.0004940842627547681,False
mlp,final,-13,8,5,0.0005037145456299186,0.0003940906608477235,0.0006611777353100479,False
mlp,final,-13,9,5,0.00038763543125241995,0.00021626953093800694,0.0005372751620598137,False
mlp,final,-13,10,5,0.00040370755596086383,0.0002941057609859854,0.0005319113261066377,False
mlp,final,-13,11,5,0.0003605103411246091,0.0002490420883987099,0.000449027749709785,False
mlp,final,-13,12,5,0.00039978142012842,0.0003174962766934186,0.0005454430938698351,False
mlp,final,-13,13,5,0.0021360982209444046,0.0014238139847293496,0.002898097736760974,False
mlp,final,-13,14,5,0.00045042167766951025,0.000256104685831815,0.000655567564535886,False
mlp,final,-13,15,5,0.0003721445391420275,0.0003111955593340099,0.0004288515483494848,False
mlp,final,-12,-15,5,0.0004855697916354984,0.00024934319662861526,0.0006398691912181675,False
mlp,final,-12,-14,5,0.0004153282498009503,0.00024042716540861875,0.0007308372878469527,False
mlp,final,-12,-13,5,0.00032434059539809823,0.0002718637988436967,0.00043227997957728803,False
mlp,final,-12,-12,5,0.01776111125946045,0.01473191101104021,0.019889147952198982,True
mlp,final,-12,-11,5,0.0003681136586237699,0.00020117423264309764,0.0006593128200620413,False
mlp,final,-12,-10,5,0.0004813131527043879,0.0002520080888643861,0.0006258148932829499,False
mlp,final,-12,-9,5,0.0003629729908425361,0.00026120455004274845,0.00039156299317255616,False
mlp,final,-12,-8,5,0.0004124409460928291,0.0002953327784780413,0.00048343068920075893,False
mlp,final,-12,-7,5,0.0003674008185043931,0.00027700886130332947,0.0006495751440525055,False
mlp,final,-12,-6,5,0.0004032138385809958,0.0002580858126748353,0.0005087394965812564,False
mlp,final,-12,-5,5,0.0003583050274755806,0.00030389020685106516,0.0005304678925313056,False
mlp,final,-12,-4,5,0.0006476888083852828,0.0005290807457640767,0.0009566374938003719,False
mlp,final,-12,-3,5,0.00041977333603426814,0.00031742200371809304,0.0005312178400345147,False
mlp,final,-12,-2,5,0.0003549511020537466,0.0002707870735321194,0.00041979935485869646,False
mlp,final,-12,-1,5,0.00039279196062125266,0.00025673388154245913,0.0007291999063454568,False
mlp,final,-12,0,5,0.0009387533064000309,0.0006986094522289932,0.001012656488455832,False
mlp,final,-12,1,5,0.00032312050461769104,0.00021332404867280275,0.0005945159355178475,False
mlp,final,-12,2,5,0.00036989670479670167,0.0002399449294898659,0.00054000603267923,False
mlp,final,-12,3,5,0.00041008065454661846,0.00023619217972736806,0.0005016226205043495,False
mlp,final,-12,4,5,0.0006869851495139301,0.0002606696216389537,0.0009155325824394822,False
mlp,final,-12,5,5,0.0006671579903922975,0.0004557171487249434,0.0010375655256211758,False
mlp,final,-12,6,5,0.0003946100769098848,0.00024830520851537585,0.0005425388226285577,False
mlp,final,-12,7,5,0.0003815515956375748,0.0002569461357779801,0.0005537669640034437,False
mlp,final,-12,8,5,0.00043090173858217895,0.00030545121990144253,0.0005915785441175103,False
mlp,final,-12,9,5,0.0004819115565624088,0.0003786698216572404,0.0005612486274912953,False
mlp,final,-12,10,5,0.00040021687163971364,0.00018157115846406668,0.0005404012044891715,False
mlp,final,-12,11,5,0.00039231922710314393,0.00023552062339149415,0.0005065191653557122,False
mlp,final,-12,12,5,0.0022860842291265726,0.0015840729465708137,0.002671733032912016,False
mlp,final,-12,13,5,0.00045443043927662075,0.00028330646455287933,0.0005217822035774589,False
mlp,final,-12,14,5,0.0003840732097160071,0.0003311621549073607,0.0005078610265627503,False
mlp,final,-12,15,5,0.00041581070399843156,0.000255123944953084,0.0005004051490686834,False
mlp,final,-11,-15,5,0.00043882717727683485,0.0002580825239419937,0.0005206975620239973,False
mlp,final,-11,-14,5,0.0004676117969211191,0.00044201131095178425,0.0005590365035459399,False
mlp,final,-11,-13,5,0.00044520318624563515,0.00039994242251850665,0.000681819801684469,False
mlp,final,-11,-12,5,0.00048821294330991805,0.00039727857802063227,0.000604786619078368,False
mlp,final,-11,-11,5,0.015597829595208168,0.009509182535111904,0.018039485439658165,True
mlp,final,-11,-10,5,0.0003987388336099684,0.00034335561213083565,0.000547191419173032,False
mlp,final,-11,-9,5,0.00041177761158905923,0.00030360589153133333,0.0005180571461096406,False
mlp,final,-11,-8,5,0.00041377104935236275,0.00029090631869621575,0.0005852118483744562,False
mlp,final,-11,-7,5,0.000362037360901013,0.000299859675578773,0.0005847916472703218,False
mlp,final,-11,-6,5,0.00039173944969661534,0.0002870392636395991,0.0007275230018422008,False
mlp,final,-11,-5,5,0.00040064408676698804,0.0003184787929058075,0.0006006312323734164,False
mlp,final,-11,-4,5,0.00041086931014433503,0.0002488456084392965,0.0006641774671152234,False
mlp,final,-11,-3,5,0.0003785307053476572,0.00029465899569913745,0.0005422718822956085,False
mlp,final,-11,-2,5,0.0005343168159015477,0.00040413258830085397,0.0006864494062028825,False
mlp,final,-11,-1,5,0.0003945666248910129,0.0002670849207788706,0.00045627151848748326,False
mlp,final,-11,0,5,0.0009083467302843928,0.0007206285954453051,0.0010383870685473084,False
mlp,final,-11,1,5,0.000279014406260103,0.00021394886425696313,0.00041092667379416525,False
mlp,final,-11,2,5,0.00041349412640556693,0.0002973856753669679,0.0005660479073412716,False
mlp,final,-11,3,5,0.0004942278610542417,0.00030537243583239615,0.0006103549967519939,False
mlp,final,-11,4,5,0.0005072515341453254,0.0003027674392797053,0.0006884273607283831,False
mlp,final,-11,5,5,0.00046057411236688495,0.0003866150218527764,0.0004923376254737377,False
mlp,final,-11,6,5,0.00036769997677765787,0.0002445023856125772,0.0004782819014508277,False
mlp,final,-11,7,5,0.0003986472438555211,0.0002795902546495199,0.0005849863518960774,False
mlp,final,-11,8,5,0.00043407268822193146,0.00029297397122718394,0.0009546965011395514,False
mlp,final,-11,9,5,0.00037408401840366423,0.0003543774364516139,0.00044657368562184274,False
mlp,final,-11,10,5,0.00042108542402274907,0.0003247226413805038,0.0006581568741239607,False
mlp,final,-11,11,5,0.0024240410421043634,0.0014647719217464328,0.004451628774404526,False
mlp,final,-11,12,5,0.0004642550484277308,0.0003542197518981993,0.00069313874701038,False
mlp,final,-11,13,5,0.0003973896964453161,0.00031845030025579035,0.0005496671656146646,False
mlp,final,-11,14,5,0.00046622988884337246,0.0002463498094584793,0.0007675335509702563,False
mlp,final,-11,15,5,0.0003219586214981973,0.00028294275398366153,0.0004826206713914871,False
mlp,final,-10,-15,5,0.0004805718781426549,0.0003444511676207185,0.0005409639561548829,False
mlp,final,-10,-14,5,0.0003762830747291446,0.00020806265820283443,0.0005356968031264842,False
mlp,final,-10,-13,5,0.00045121184666641057,0.000299393868772313,0.0006248608697205782,False
mlp,final,-10,-12,5,0.0005311190034262836,0.00021799918613396585,0.0006115718861110508,False
mlp,final,-10,-11,5,0.00041214958764612675,0.00024595315335318446,0.00042992248199880123,False
mlp,final,-10,-10,5,0.017077188938856125,0.016985736787319183,0.02265048772096634,True
mlp,final,-10,-9,5,0.00033570604864507914,0.00021382159320637584,0.0006921039312146604,False
mlp,final,-10,-8,5,0.00034005194902420044,0.0002575474209152162,0.00045642160694114864,False
mlp,final,-10,-7,5,0.0006632448639720678,0.0003355346852913499,0.0007610123138874769,False
mlp,final,-10,-6,5,0.00044661707943305373,0.00016556160699110478,0.0005601291195489466,False
mlp,final,-10,-5,5,0.00048096850514411926,0.00032619480043649673,0.0005695042200386524,False
mlp,final,-10,-4,5,0.0003885763289872557,0.0002948777982965112,0.0005087125464342535,False
mlp,final,-10,-3,5,0.0004098379286006093,0.00025052495766431093,0.0007202712004072964,False
mlp,final,-10,-2,5,0.0005833050818182528,0.0002955961390398443,0.0009258641512133181,False
mlp,final,-10,-1,5,0.00044022954534739256,0.0002648431691341102,0.0008901135297492146,False
mlp,final,-10,0,5,0.001071907114237547,0.0006880289874970913,0.001120827510021627,False
mlp,final,-10,1,5,0.0005218026926741004,0.00048491894267499447,0.0005410636658780277,False
mlp,final,-10,2,5,0.0004232472274452448,0.0002600444422569126,0.0005378542700782418,False
mlp,final,-10,3,5,0.00033584938501007855,0.00022072045248933136,0.0005612908280454576,False
mlp,final,-10,4,5,0.0003671715094242245,0.00030367946601472795,0.00047316832933574915,False
mlp,final,-10,5,5,0.0003723597328644246,0.0003258580982219428,0.0006210108404047787,False
mlp,final,-10,6,5,0.00042174270492978394,0.0003663695533759892,0.0006242393283173442,False
mlp,final,-10,7,5,0.00045619747834280133,0.0002572049852460623,0.0009632569854147732,False
mlp,final,-10,8,5,0.00037943042116239667,0.00021129402739461511,0.0005549158668145537,False
mlp,final,-10,9,5,0.00045090896310284734,0.0002178767608711496,0.0008524172008037567,False
mlp,final,-10,10,5,0.00212312419898808,0.001681497204117477,0.0032754004932940006,False
mlp,final,-10,11,5,0.0003707423456944525,0.00015838423860259354,0.0005792272859252989,False
mlp,final,-10,12,5,0.00034412811510264874,0.00029508385341614485,0.00045506900642067194,False
mlp,final,-10,13,5,0.00040227037970907986,0.00025852484395727515,0.0005599564756266773,False
mlp,final,-10,14,5,0.00038139961543492973,0.0003148061514366418,0.00062163220718503,False
mlp,final,-10,15,5,0.000594795448705554,0.00043472088873386383,0.0007949044229462743,False
mlp,final,-9,-15,5,0.0004076985933352262,0.0003089965903200209,0.0006603984511457384,False
mlp,final,-9,-14,5,0.0004059431958012283,0.0001729843788780272,0.0005272418493404984,False
mlp,final,-9,-13,5,0.0003184157540090382,0.00026234754477627575,0.0006982624181546271,False
mlp,final,-9,-12,5,0.0003943799529224634,0.0003104043425992131,0.000461585441371426,False
mlp,final,-9,-11,5,0.0004791166284121573,0.00032656334224157035,0.0005234950222074986,False
mlp,final,-9,-10,5,0.0004366815264802426,0.00024489048519171774,0.0006502436590380967,False
mlp,final,-9,-9,5,0.01286084484308958,0.009934835135936737,0.026111725717782974,True
mlp,final,-9,-8,5,0.0002694795548450202,0.00024478312116116285,0.0005227444926276803,False
mlp,final,-9,-7,5,0.00042222932097502053,0.0002124498860212043,0.00043264662963338196,False
mlp,final,-9,-6,5,0.00039585624472238123,0.00017730036051943898,0.0007866188534535468,False
mlp,final,-9,-5,5,0.0004036460304632783,0.0003007538616657257,0.0004986089188605547,False
mlp,final,-9,-4,5,0.0005120791029185057,0.00039708218537271023,0.0007261676946654916,False
mlp,final,-9,-3,5,0.00062208017334342,0.00035977992229163647,0.0006720410310663283,False
mlp,final,-9,-2,5,0.000383385136956349,0.0003096159198321402,0.0005084676085971296,False
mlp,final,-9,-1,5,0.0004221791750751436,0.0003615448367781937,0.0004958846257068217,False
mlp,final,-9,0,5,0.0008380534709431231,0.0005389103898778558,0.0014320063637569547,False
mlp,final,-9,1,5,0.0003869856591336429,0.0002469249884597957,0.0004908365081064403,False
mlp,final,-9,2,5,0.00035461303195916116,0.0002554050588514656,0.00048621316091157496,False
mlp,final,-9,3,5,0.0005013109766878188,0.000446929014287889,0.0005403954419307411,False
mlp,final,-9,4,5,0.00040617628837935627,0.00037670586607418954,0.00045521737774834037,False
mlp,final,-9,5,5,0.00032250091317109764,0.00031771589419804513,0.0005133943050168455,False
mlp,final,-9,6,5,0.0002852949546650052,0.0002525936288293451,0.000522620277479291,False
mlp,final,-9,7,5,0.00033839623210951686,0.0003011476364918053,0.0005448295851238072,False
mlp,final,-9,8,5,0.00027366445283405483,0.00019177245849277824,0.00037511304253712296,False
mlp,final,-9,9,5,0.0019138390198349953,0.0015556415310129523,0.002487744903191924,False
mlp,final,-9,10,5,0.00032047517015598714,0.0002219654998043552,0.0006072421674616635,False
mlp,final,-9,11,5,0.000501348462421447,0.00030278126359917223,0.000518058892339468,False
mlp,final,-9,12,5,0.000494603649713099,0.0001769657974364236,0.000718155934009701,False
mlp,final,-9,13,5,0.0004494112799875438,0.0003285007842350751,0.0004965206026099622,False
mlp,final,-9,14,5,0.0004553970356937498,0.00035235940595157444,0.000566329516004771,False
mlp,final,-9,15,5,0.0003681028902065009,0.0003190703864675015,0.00045326908002607524,False
mlp,final,-8,-15,5,0.0004756312118843198,0.0003711618192028254,0.0008981571882031858,False
mlp,final,-8,-14,5,0.0004582615219987929,0.0003386417229194194,0.0005057876696810126,False
mlp,final,-8,-13,5,0.00043198815546929836,0.0003569039108697325,0.0006926333880983293,False
mlp,final,-8,-12,5,0.00043110374826937914,0.00022067733516450971,0.0005686079966835678,False
mlp,final,-8,-11,5,0.00037305470323190093,0.0002958995755761862,0.0005975294043309987,False
mlp,final,-8,-10,5,0.0003275721101090312,0.00019707539468072355,0.00038138849777169526,False
mlp,final,-8,-9,5,0.0004187237937003374,0.00026733084814623,0.0006741650868207216,False
mlp,final,-8,-8,5,0.018658822402358055,0.013917663134634495,0.02100519835948944,True
mlp,final,-8,-7,5,0.0007029908592812717,0.0003098560555372387,0.0008412181632593274,False
mlp,final,-8,-6,5,0.000343913707183674,0.00023135318770073354,0.0003943977935705334,False
mlp,final,-8,-5,5,0.0004220144764985889,0.00033807431464083493,0.00045532031799666584,False
mlp,final,-8,-4,5,0.0003820659185294062,0.0002323087101103738,0.0006414463859982789,False
mlp,final,-8,-3,5,0.0003184008237440139,0.00020492463954724371,0.0004497041227295995,False
mlp,final,-8,-2,5,0.00041449718992225826,0.0003400461282581091,0.0005496037774719298,False
mlp,final,-8,-1,5,0.0004285837057977915,0.00023173356021288782,0.0005094459629617631,False
mlp,final,-8,0,5,0.0009871096117421985,0.0007832915289327502,0.0014981834683567286,False
mlp,final,-8,1,5,0.0004514771280810237,0.00024158960150089115,0.0006341506377793849,False
mlp,final,-8,2,5,0.0004156153299845755,0.0002842956455424428,0.0008245441131293774,False
mlp,final,-8,3,5,0.00046590992133133113,0.0002764088858384639,0.0004961368395015597,False
mlp,final,-8,4,5,0.00035581336123868823,0.0001984331029234454,0.0005178069113753736,False
mlp,final,-8,5,5,0.00045368916471488774,0.00027198728639632463,0.0005170456715859473,False
mlp,final,-8,6,5,0.00030931757646612823,0.0001736984559101984,0.0004668928449973464,False
mlp,final,-8,7,5,0.0006396130775101483,0.0005497474339790642,0.0007556680939160287,False
mlp,final,-8,8,5,0.0019875075668096542,0.001920255715958774,0.002461865544319153,False
mlp,final,-8,9,5,0.0004091148148290813,0.00020860352378804237,0.0004419383476488292,False
mlp,final,-8,10,5,0.0003727790608536452,0.00027590279933065176,0.0005467996816150844,False
mlp,final,-8,11,5,0.00036848423769697547,0.00021427677711471915,0.0005146322655491531,False
mlp,final,-8,12,5,0.0006249055149964988,0.0002484660653863102,0.000863877881783992,False
mlp,final,-8,13,5,0.0005303246434777975,0.0002832016034517437,0.0007429989636875689,False
mlp,final,-8,14,5,0.0004385005449876189,0.0003108951495960355,0.000726394122466445,False
mlp,final,-8,15,5,0.00045867636799812317,0.00028976923204027116,0.0006262474926188588,False
mlp,final,-7,-15,5,0.0003579140466172248,0.00019227950542699546,0.0005009612068533897,False
mlp,final,-7,-14,5,0.00043816788820549846,0.0003087274671997875,0.000495281012263149,False
mlp,final,-7,-13,5,0.00047972454922273755,0.0003527022199705243,0.0005045205471105874,False
mlp,final,-7,-12,5,0.00031659379601478577,0.0001979429362108931,0.0004452993453014642,False
mlp,final,-7,-11,5,0.0005235692369751632,0.00021294766338542104,0.0005559339188039303,False
mlp,final,-7,-10,5,0.0007305589970201254,0.0005144743481650949,0.0009400360286235809,False
mlp,final,-7,-9,5,0.0004582502297125757,0.00029052080935798585,0.0005215975106693804,False
mlp,final,-7,-8,5,0.0005135435494594276,0.0004606603761203587,0.0007726834737695754,False
mlp,final,-7,-7,5,0.015440558083355427,0.012767688371241093,0.01929289661347866,True
mlp,final,-7,-6,5,0.00031783501617610455,0.0002683500060811639,0.0007831243565306067,False
mlp,final,-7,-5,5,0.00037410572986118495,0.0003025153710041195,0.0004480699135456234,False
mlp,final,-7,-4,5,0.0004702837613876909,0.000285218091448769,0.0004917379701510072,False
mlp,final,-7,-3,5,0.0004861601919401437,0.0001834594295360148,0.0005896072252653539,False
mlp,final,-7,-2,5,0.00040953836287371814,0.0003559280594345182,0.00046438194112852216,False
mlp,final,-7,-1,5,0.0003655748732853681,0.00026340311160311103,0.0003982003836426884,False
mlp,final,-7,0,5,0.0006592942518182099,0.0005522901774384081,0.0010422711493447423,False
mlp,final,-7,1,5,0.00041185031295754015,0.0003092639963142574,0.00043214851757511497,False
mlp,final,-7,2,5,0.0004602900007739663,0.0002740702184382826,0.0006105090724304318,False
mlp,final,-7,3,5,0.0004653283685911447,0.00024849624605849385,0.0004893693840131164,False
mlp,final,-7,4,5,0.0005466695292852819,0.0003597809700295329,0.0005914719076827168,False
mlp,final,-7,5,5,0.0003380078123882413,0.00027733531896956265,0.0006128788809292018,False
mlp,final,-7,6,5,0.0003449250652920455,0.00019547260308172554,0.0004565150011330843,False
mlp,final,-7,7,5,0.0016097604529932141,0.0013402316253632307,0.0024070965591818094,False
mlp,final,-7,8,5,0.0005067317397333682,0.0004399833851493895,0.00058471888769418,False
mlp,final,-7,9,5,0.00036005867877975106,0.0002698135795071721,0.000458494178019464,False
mlp,final,-7,10,5,0.0005887233419343829,0.0005022801924496889,0.0007588878506794572,False
mlp,final,-7,11,5,0.0004211008781567216,0.0003711788449436426,0.0006217020563781261,False
mlp,final,-7,12,5,0.00046400929568335414,0.00031096304883249104,0.0005165936890989542,False
mlp,final,-7,13,5,0.00043711456237360835,0.0003490018716547638,0.00054593023378402,False
mlp,final,-7,14,5,0.0003859282878693193,0.00031732761999592185,0.0005840344238094985,False
mlp,final,-7,15,5,0.0003155739977955818,0.00028995826141908765,0.00044639830593951046,False
mlp,final,-6,-15,5,0.000399896438466385,0.00016531156143173575,0.0005164077738299966,False
mlp,final,-6,-14,5,0.0003648115380201489,0.00028731487691402435,0.0007478242041543126,False
mlp,final,-6,-13,5,0.0005140019347891212,0.00041676993714645505,0.0006732064648531377,False
mlp,final,-6,-12,5,0.0004223428841214627,0.0002321255742572248,0.0006419882993213832,False
mlp,final,-6,-11,5,0.0004427315143402666,0.0003876081027556211,0.0006558567401953042,False
mlp,final,-6,-10,5,0.00047188610187731683,0.0002947829198092222,0.0006513118278235197,False
mlp,final,-6,-9,5,0.0003790120535995811,0.00031362552545033395,0.000647283683065325,False
mlp,final,-6,-8,5,0.00040358465048484504,0.00024428137112408876,0.0005383730749599636,False
mlp,final,-6,-7,5,0.0004423640784807503,0.0002468672173563391,0.0004683084844145924,False
mlp,final,-6,-6,5,0.01539364643394947,0.014529894106090069,0.020022999495267868,True
mlp,final,-6,-5,5,0.0004531099402811378,0.000291239470243454,0.0005442091496661305,False
mlp,final,-6,-4,5,0.0003755771613214165,0.00030563134350813925,0.0005168718635104597,False
mlp,final,-6,-3,5,0.0003733249322976917,0.00022770681243855506,0.00057405378902331,False
mlp,final,-6,-2,5,0.0004652898060157895,0.00039172303513623774,0.0006202380172908306,False
mlp,final,-6,-1,5,0.00034797986154444516,0.0002452036424074322,0.00039065105374902487,False
mlp,final,-6,0,5,0.0008162220474332571,0.0006559229805134237,0.0010813847184181213,False
mlp,final,-6,1,5,0.0003763948625419289,0.00027657169266603887,0.00040533230639994144,False
mlp,final,-6,2,5,0.00065753044327721,0.00028084366931580007,0.0009955730056390166,False
mlp,final,-6,3,5,0.0003578710020519793,0.00023973664792720228,0.0006407159962691367,False
mlp,final,-6,4,5,0.0003636185429058969,0.0002699278120417148,0.000682495185174048,False
mlp,final,-6,5,5,0.00036168587394058704,0.00029116185032762587,0.0004973841714672744,False
mlp,final,-6,6,5,0.001837375108152628,0.001671528909355402,0.002369899535551667,False
mlp,final,-6,7,5,0.00035529115120880306,0.00024241254141088575,0.0004087777342647314,False
mlp,final,-6,8,5,0.00041286053601652384,0.00020752640557475388,0.00049843784654513,False
mlp,final,-6,9,5,0.0004011685377918184,0.00029910067678429186,0.0005429318407550454,False
mlp,final,-6,10,5,0.0003648851707112044,0.00028474684222601354,0.0006948690861463547,False
mlp,final,-6,11,5,0.0003718603984452784,0.0003175867605023086,0.0006283083348535001,False
mlp,final,-6,12,5,0.0004501128278207034,0.0003014184767380357,0.0005494918441399932,False
mlp,final,-6,13,5,0.0005198811995796859,0.0003462958848103881,0.0008242762414738536,False
mlp,final,-6,14,5,0.00036986119812354445,0.00033140103914774954,0.0006271123420447111,False
mlp,final,-6,15,5,0.0004073211457580328,0.0002756935718934983,0.0004246777971275151,False
mlp,final,-5,-15,5,0.00046404017484746873,0.00043209167779423296,0.0006643843953497708,False
mlp,final,-5,-14,5,0.00039514750824309886,0.000266686751274392,0.0005848837899975479,False
mlp,final,-5,-13,5,0.0003872997185681015,0.0003464752808213234,0.0005612458335235715,False
mlp,final,-5,-12,5,0.0005648861988447607,0.00043720463872887194,0.0006779623217880726,False
mlp,final,-5,-11,5,0.0003889125364366919,0.0002309863775735721,0.0006357007077895105,False
mlp,final,-5,-10,5,0.00037583234370686114,0.000208837358513847,0.0007155137718655169,False
mlp,final,-5,-9,5,0.00043171358993276954,0.0001669624325586483,0.0007845049840398133,False
mlp,final,-5,-8,5,0.00037955143488943577,0.0002697471936699003,0.0005032538902014494,False
mlp,final,-5,-7,5,0.00042153295362368226,0.00025906035443767905,0.0006851862999610603,False
mlp,final,-5,-6,5,0.00046226102858781815,0.00020768250396940857,0.0004951296141371131,False
mlp,final,-5,-5,5,0.015249581076204777,0.012049678713083267,0.02301996387541294,True
mlp,final,-5,-4,5,0.00042763538658618927,0.00027829737518914044,0.0005444801645353436,False
mlp,final,-5,-3,5,0.0003828996850643307,0.0003173218574374914,0.0006754478672519326,False
mlp,final,-5,-2,5,0.00038257151027210057,0.00028906945954076946,0.00048810316366143525,False
mlp,final,-5,-1,5,0.0003115611325483769,0.00030235000303946435,0.00039029272738844156,False
mlp,final,-5,0,5,0.0009606497478671372,0.0008226660429500043,0.00120583048556,False
mlp,final,-5,1,5,0.000396989838918671,0.00024339702213183045,0.0006174718146212399,False
mlp,final,-5,2,5,0.0003603986988309771,0.00023463740944862366,0.00041569769382476807,False
mlp,final,-5,3,5,0.00043107016244903207,0.0003203714732080698,0.001085149240680039,False
mlp,final,-5,4,5,0.0004991688183508813,0.00021210219711065292,0.0005546233733184636,False
mlp,final,-5,5,5,0.0024474835954606533,0.002369516296312213,0.0036858387757092714,False
mlp,final,-5,6,5,0.0004496445180848241,0.0003259000659454614,0.0005337772308848798,False
mlp,final,-5,7,5,0.00040408060885965824,0.000241813700995408,0.0005316960741765797,False
mlp,final,-5,8,5,0.0003705037815961987,0.00026481226086616516,0.0005012545734643936,False
mlp,final,-5,9,5,0.0003683143586385995,0.0002493365609552711,0.0005139422719366848,False
mlp,final,-5,10,5,0.00042003547423519194,0.00020809384295716882,0.0006714233895763755,False
mlp,final,-5,11,5,0.00027589171077124774,0.00020371204300317913,0.0004751919477712363,False
mlp,final,-5,12,5,0.000523597642313689,0.0003626001125667244,0.000537627434823662,False
mlp,final,-5,13,5,0.0003714979684446007,0.00032593964715488255,0.0005244079511612654,False
mlp,final,-5,14,5,0.0004375603166408837,0.0003283551486674696,0.0005690779071301222,False
mlp,final,-5,15,5,0.0007825016509741545,0.000503575662150979,0.0010936822509393096,False
mlp,final,-4,-15,5,0.00038231140933930874,0.00025924071087501943,0.0004625069268513471,False
mlp,final,-4,-14,5,0.0003219934878870845,0.00020253249385859817,0.00046777186798863113,False
mlp,final,-4,-13,5,0.000351317401509732,0.00028661859687417746,0.0004678433761000633,False
mlp,final,-4,-12,5,0.0006895737024024129,0.0005081435083411634,0.0007220401312224567,False
mlp,final,-4,-11,5,0.00039607725921086967,0.00033227173844352365,0.0005459610838443041,False
mlp,final,-4,-10,5,0.0002890762116294354,0.00025346383336000144,0.0004361615574453026,False
mlp,final,-4,-9,5,0.000631795555818826,0.0004986715503036976,0.0007625867729075253,False
mlp,final,-4,-8,5,0.00030456078820861876,0.0002360869402764365,0.0003921687602996826,False
mlp,final,-4,-7,5,0.00038608827162534,0.0003108646778855473,0.0004917469923384488,False
mlp,final,-4,-6,5,0.0003596887399908155,0.0002859833766706288,0.000488774967379868,False
mlp,final,-4,-5,5,0.0003841488796751946,0.0002762970398180187,0.0006207887199707329,False
mlp,final,-4,-4,5,0.018463576212525368,0.014237494207918644,0.02343856915831566,True
mlp,final,-4,-3,5,0.00040194098255597055,0.00021272852609399706,0.0008038236410357058,False
mlp,final,-4,-2,5,0.0003165960661135614,0.00023168217740021646,0.00037116219755262136,False
mlp,final,-4,-1,5,0.0005145069444552064,0.00033862635609693825,0.0006204063538461924,False
mlp,final,-4,0,5,0.0009993689600378275,0.0006714210612699389,0.0013924062950536609,False
mlp,final,-4,1,5,0.0003236009506508708,0.0002742576180025935,0.00041105019045062363,False
mlp,final,-4,2,5,0.00035304497578181326,0.0003173512523062527,0.00045946676982566714,False
mlp,final,-4,3,5,0.00038471375592052937,0.00030063651502132416,0.0006668477435596287,False
mlp,final,-4,4,5,0.0022341436706483364,0.0018379046814516187,0.003007161896675825,False
mlp,final,-4,5,5,0.00036816098145209253,0.00028861273312941194,0.0005226086941547692,False
mlp,final,-4,6,5,0.0004027460818178952,0.0002738751354627311,0.0005570241482928395,False
mlp,final,-4,7,5,0.00043694465421140194,0.00020481042156461626,0.0006058094440959394,False
mlp,final,-4,8,5,0.0003224835090804845,0.000287491682684049,0.0005235931603237987,False
mlp,final,-4,9,5,0.0005362920928746462,0.0004627979069482535,0.0007309293723665178,False
mlp,final,-4,10,5,0.0003521396720316261,0.00022999598877504468,0.0005600114236585796,False
mlp,final,-4,11,5,0.0005050173494964838,0.0003421903238631785,0.0006227592821232975,False
mlp,final,-4,12,5,0.0005331452703103423,0.00041762375622056425,0.0007265273598022759,False
mlp,final,-4,13,5,0.0002907466550823301,0.00024116750864777714,0.00035879574716091156,False
mlp,final,-4,14,5,0.0003147889219690114,0.0002689429384190589,0.00047436129534617066,False
mlp,final,-4,15,5,0.00041580171091482043,0.0003220682847313583,0.0005048812599852681,False
mlp,final,-3,-15,5,0.0003945930802728981,0.000335255463141948,0.0005045286379754543,False
mlp,final,-3,-14,5,0.00047800756874494255,0.0002898976090364158,0.0005183539469726384,False
mlp,final,-3,-13,5,0.0005066599114798009,0.00039880487020127475,0.0006621021893806756,False
mlp,final,-3,-12,5,0.0004260807472746819,0.0002576835686340928,0.0005151324439793825,False
mlp,final,-3,-11,5,0.00046437536366283894,0.0002501028648111969,0.0007019496988505125,False
mlp,final,-3,-10,5,0.0004534306062851101,0.0002707168459892273,0.00047916139010339975,False
mlp,final,-3,-9,5,0.0005436799256131053,0.0004747388302348554,0.0009699645452201366,False
mlp,final,-3,-8,5,0.0003643492527771741,0.0003114219871349633,0.0005498457467183471,False
mlp,final,-3,-7,5,0.00038444221718236804,0.00036242761416360736,0.000516434432938695,False
mlp,final,-3,-6,5,0.0003781594568863511,0.0002658221055753529,0.0005591211374849081,False
mlp,final,-3,-5,5,0.0004923803498968482,0.00027935835532844067,0.0006690087611787021,False
mlp,final,-3,-4,5,0.0004039688501507044,0.0003080081660300493,0.00048605725169181824,False
mlp,final,-3,-3,5,0.017116336151957512,0.016123630106449127,0.02038685791194439,True
mlp,final,-3,-2,5,0.00032313671545125544,0.00020296123693697155,0.000478855479741469,False
mlp,final,-3,-1,5,0.00047705377801321447,0.00035727498470805585,0.0005021145334467292,False
mlp,final,-3,0,5,0.0009640110074542463,0.0008549432968720794,0.001278316369280219,False
mlp,final,-3,1,5,0.0005351745057851076,0.0003996914310846478,0.0006427563494071364,False
mlp,final,-3,2,5,0.000455923262052238,0.000387640786357224,0.0005267970263957977,False
mlp,final,-3,3,5,0.0020231835078448057,0.0016700437990948558,0.0023331712000072002,False
mlp,final,-3,4,5,0.0003999225446023047,0.0003017458657268435,0.0005090932827442884,False
mlp,final,-3,5,5,0.0004374204436317086,0.00031969306292012334,0.0006245740805752575,False
mlp,final,-3,6,5,0.00036953031667508185,0.0003470186493359506,0.0006607862887904048,False
mlp,final,-3,7,5,0.0004426073282957077,0.00019652940682135522,0.0004697848344221711,False
mlp,final,-3,8,5,0.0003313005727250129,0.0002924737345892936,0.000422811193857342,False
mlp,final,-3,9,5,0.0004884791560471058,0.000394466012949124,0.0006523237098008394,False
mlp,final,-3,10,5,0.00036806592834182084,0.00027515110559761524,0.0005609263316728175,False
mlp,final,-3,11,5,0.0004194883513264358,0.0003281407116446644,0.000543573871254921,False
mlp,final,-3,12,5,0.00040840203291736543,0.0002829253498930484,0.00043310175533406436,False
mlp,final,-3,13,5,0.0004747610364574939,0.00029373480356298387,0.0005825631087645888,False
mlp,final,-3,14,5,0.00039868432213552296,0.0003064594930037856,0.0004264887247700244,False
mlp,final,-3,15,5,0.0003540299367159605,0.0002657437289599329,0.00045538973063230515,False
mlp,final,-2,-15,5,0.0004518068744800985,0.0002989411586895585,0.0005177394486963749,False
mlp,final,-2,-14,5,0.0004000085755251348,0.0003307024308014661,0.0006924712797626853,False
mlp,final,-2,-13,5,0.00041373615385964513,0.00023214459361042827,0.000555558770429343,False
mlp,final,-2,-12,5,0.00046619592467322946,0.0004105350817553699,0.0005750568234361708,False
mlp,final,-2,-11,5,0.0004445486993063241,0.0002853079931810498,0.0007737989071756601,False
mlp,final,-2,-10,5,0.0003886473423335701,0.0003292299807071686,0.00045282207429409027,False
mlp,final,-2,-9,5,0.0005093757645227015,0.0003386693715583533,0.0006825998425483704,False
mlp,final,-2,-8,5,0.0003599773335736245,0.0002817856438923627,0.0005342761869542301,False
mlp,final,-2,-7,5,0.0002707197854761034,0.0002397624630248174,0.0008015873027034104,False
mlp,final,-2,-6,5,0.0005018898518756032,0.0004397081211209297,0.0009126488002948463,False
mlp,final,-2,-5,5,0.00042754350579343736,0.0002933549112640321,0.0005356467445380986,False
mlp,final,-2,-4,5,0.00045043157297186553,0.00034458356094546616,0.000583030516281724,False
mlp,final,-2,-3,5,0.00044396266457624733,0.00038332375697791576,0.0007847045199014246,False
mlp,final,-2,-2,5,0.015399313531816006,0.011926412582397461,0.019224055111408234,True
mlp,final,-2,-1,5,0.00047424566582776606,0.00024069515347946435,0.0005241203471086919,False
mlp,final,-2,0,5,0.0008913947967812419,0.0007353689288720489,0.0009945114143192768,False
mlp,final,-2,1,5,0.00048001433606259525,0.00022582260135095567,0.0006656027399003506,False
mlp,final,-2,2,5,0.002013311255723238,0.0016195341013371944,0.002578136743977666,False
mlp,final,-2,3,5,0.0003920210583601147,0.0002259204484289512,0.00046290847240015864,False
mlp,final,-2,4,5,0.00044637147220782936,0.0003211740404367447,0.0006269756122492254,False
mlp,final,-2,5,5,0.0005143944872543216,0.00026410879218019545,0.0006393059738911688,False
mlp,final,-2,6,5,0.0006769332685507834,0.0004377818258944899,0.000967756612226367,False
mlp,final,-2,7,5,0.00035866021062247455,0.00029208234627731144,0.000532421050593257,False
mlp,final,-2,8,5,0.00040010939119383693,0.00031913010752759874,0.0005870912573300302,False
mlp,final,-2,9,5,0.00040548271499574184,0.00032124260906130075,0.0004997653304599226,False
mlp,final,-2,10,5,0.0005859484081156552,0.00026554675423540175,0.0006472788518294692,False
mlp,final,-2,11,5,0.0005275479634292424,0.00036550514050759375,0.0006409597699530423,False
mlp,final,-2,12,5,0.0004003934154752642,0.0001910616410896182,0.0005554974195547402,False
mlp,final,-2,13,5,0.00040805747266858816,0.00023413271992467344,0.0005325794918462634,False
mlp,final,-2,14,5,0.0003864050086122006,0.00032683389144949615,0.0005904633435420692,False
mlp,final,-2,15,5,0.0005620236042886972,0.00036537490086629987,0.000655527925118804,False
mlp,final,-1,-15,5,0.00037039455492049456,0.000279412284726277,0.00044407177483662963,False
mlp,final,-1,-14,5,0.00035243327147327363,0.0002553574158810079,0.00036456037196330726,False
mlp,final,-1,-13,5,0.0003506831417325884,0.00022786340559832752,0.00044664458255283535,False
mlp,final,-1,-12,5,0.00036036508390679955,0.00026043219259008765,0.0005349595448933542,False
mlp,final,-1,-11,5,0.0003555243310984224,0.0002728259132709354,0.0004476595495361835,False
mlp,final,-1,-10,5,0.0006199759081937373,0.0004613256314769387,0.0007945445249788463,False
mlp,final,-1,-9,5,0.0003976371372118592,0.00021848597680218518,0.00046584222582168877,False
mlp,final,-1,-8,5,0.0004156747891101986,0.0003544232458807528,0.0008175952243618667,False
mlp,final,-1,-7,5,0.00035819297772832215,0.0003074750129599124,0.00041556020732969046,False
mlp,final,-1,-6,5,0.0003997360763605684,0.0002103505830746144,0.0004482028307393193,False
mlp,final,-1,-5,5,0.0003781372797675431,0.00024601229233667254,0.000646458298433572,False
mlp,final,-1,-4,5,0.0004001567722298205,0.0003788610047195107,0.0005047900485806167,False
mlp,final,-1,-3,5,0.0005768875125795603,0.0003267256252001971,0.0007133678300306201,False
mlp,final,-1,-2,5,0.0003471020027063787,0.0002762015210464597,0.0004406602820381522,False
mlp,final,-1,-1,5,0.017740018665790558,0.013255969621241093,0.022847816348075867,True
mlp,final,-1,0,5,0.000899694743566215,0.0007648631581105292,0.0010606783907860518,False
mlp,final,-1,1,5,0.0025072661228477955,0.001737107872031629,0.0028170859441161156,False
mlp,final,-1,2,5,0.00034538094769231975,0.00023753820278216153,0.00048391695600003004,False
mlp,final,-1,3,5,0.0004776809655595571,0.00039138030842877924,0.0007732888916507363,False
mlp,final,-1,4,5,0.00037743168650195,0.00026167058967985213,0.000459000701084733,False
mlp,final,-1,5,5,0.0005065871519036591,0.00027485465398058295,0.0006815933156758547,False
mlp,final,-1,6,5,0.0005020894459448755,0.00021530933736357838,0.0007910896674729884,False
mlp,final,-1,7,5,0.00039228706737048924,0.0003061167662963271,0.00043605040991678834,False
mlp,final,-1,8,5,0.0004645053413696587,0.0002752552682068199,0.0008474819478578866,False
mlp,final,-1,9,5,0.00043195701437070966,0.00024412301718257368,0.0005630524246953428,False
mlp,final,-1,10,5,0.0004981887759640813,0.0003224590327590704,0.0007322028395719826,False
mlp,final,-1,11,5,0.00035090476740151644,0.00020235545525792986,0.0004850174009334296,False
mlp,final,-1,12,5,0.00037956549203954637,0.0002495658991392702,0.0004109260335098952,False
mlp,final,-1,13,5,0.00037197492201812565,0.0003366518358234316,0.000427814171416685,False
mlp,final,-1,14,5,0.00032215125975199044,0.00020972824131604284,0.0003460585721768439,False
mlp,final,-1,15,5,0.00033986050402745605,0.0003247451677452773,0.0004913836601190269,False
mlp,final,0,-15,5,0.0009137753513641655,0.000714438792783767,0.001105074305087328,False
mlp,final,0,-14,5,0.0009042233577929437,0.0007506874389946461,0.0012404295848682523,False
mlp,final,0,-13,5,0.0008158554555848241,0.0006891669472679496,0.0009393177460879087,False
mlp,final,0,-12,5,0.0009782067500054836,0.0007343568140640855,0.0011954116635024548,False
mlp,final,0,-11,5,0.0009312063921242952,0.0006844183662906289,0.0011426977580413222,False
mlp,final,0,-10,5,0.0009191514691337943,0.0006474500405602157,0.0010327643249183893,False
mlp,final,0,-9,5,0.0008985846070572734,0.000753595435526222,0.001089060097001493,False
mlp,final,0,-8,5,0.000814400555100292,0.0005790137802250683,0.0014353683218359947,False
mlp,final,0,-7,5,0.0010171576868742704,0.0007642924902029335,0.0011376339243724942,False
mlp,final,0,-6,5,0.0011351737193763256,0.000814213533885777,0.0014220348093658686,False
mlp,final,0,-5,5,0.0008803675882518291,0.0007067674887366593,0.0010930751450359821,False
mlp,final,0,-4,5,0.0009788840543478727,0.0008023970876820385,0.0012640608474612236,False
mlp,final,0,-3,5,0.0009148413664661348,0.0007623939891345799,0.0012988660018891096,False
mlp,final,0,-2,5,0.0010377399157732725,0.0009309511515311897,0.0010954926256090403,False
mlp,final,0,-1,5,0.0008889485034160316,0.0007425608928315341,0.0014943581772968173,False
mlp,final,0,0,5,4.732588540315734e-16,2.6805281411170433e-16,6.541769918125338e-16,False
mlp,final,0,1,5,0.0008889485034160316,0.0007425608928315341,0.0014943581772968173,False
mlp,final,0,2,5,0.0010377399157732725,0.0009309511515311897,0.0010954926256090403,False
mlp,final,0,3,5,0.0009148413664661348,0.0007623939891345799,0.0012988660018891096,False
mlp,final,0,4,5,0.0009788840543478727,0.0008023970876820385,0.0012640608474612236,False
mlp,final,0,5,5,0.0008803675882518291,0.0007067674887366593,0.0010930751450359821,False
mlp,final,0,6,5,0.0011351737193763256,0.000814213533885777,0.0014220348093658686,False
mlp,final,0,7,5,0.0010171576868742704,0.0007642924902029335,0.0011376339243724942,False
mlp,final,0,8,5,0.000814400555100292,0.0005790137802250683,0.0014353683218359947,False
mlp,final,0,9,5,0.0008985846070572734,0.000753595435526222,0.001089060097001493,False
mlp,final,0,10,5,0.0009191514691337943,0.0006474500405602157,0.0010327643249183893,False
mlp,final,0,11,5,0.0009312063921242952,0.0006844183662906289,0.0011426977580413222,False
mlp,final,0,12,5,0.0009782067500054836,0.0007343568140640855,0.0011954116635024548,False
mlp,final,0,13,5,0.0008158554555848241,0.0006891669472679496,0.0009393177460879087,False
mlp,final,0,14,5,0.0009042233577929437,0.0007506874389946461,0.0012404295848682523,False
mlp,final,0,15,5,0.0009137753513641655,0.000714438792783767,0.001105074305087328,False
mlp,final,1,-15,5,0.00033986050402745605,0.0003247451677452773,0.0004913836601190269,False
mlp,final,1,-14,5,0.00032215125975199044,0.00020972824131604284,0.0003460585721768439,False
mlp,final,1,-13,5,0.00037197492201812565,0.0003366518358234316,0.000427814171416685,False
mlp,final,1,-12,5,0.00037956549203954637,0.0002495658991392702,0.0004109260335098952,False
mlp,final,1,-11,5,0.00035090476740151644,0.00020235545525792986,0.0004850174009334296,False
mlp,final,1,-10,5,0.0004981887759640813,0.0003224590327590704,0.0007322028395719826,False
mlp,final,1,-9,5,0.00043195701437070966,0.00024412301718257368,0.0005630524246953428,False
mlp,final,1,-8,5,0.0004645053413696587,0.0002752552682068199,0.0008474819478578866,False
mlp,final,1,-7,5,0.00039228706737048924,0.0003061167662963271,0.00043605040991678834,False
mlp,final,1,-6,5,0.0005020894459448755,0.00021530933736357838,0.0007910896674729884,False
mlp,final,1,-5,5,0.0005065871519036591,0.00027485465398058295,0.0006815933156758547,False
mlp,final,1,-4,5,0.00037743168650195,0.00026167058967985213,0.000459000701084733,False
mlp,final,1,-3,5,0.0004776809655595571,0.00039138030842877924,0.0007732888916507363,False
mlp,final,1,-2,5,0.00034538094769231975,0.00023753820278216153,0.00048391695600003004,False
mlp,final,1,-1,5,0.0025072661228477955,0.001737107872031629,0.0028170859441161156,False
mlp,final,1,0,5,0.000899694743566215,0.0007648631581105292,0.0010606783907860518,False
mlp,final,1,1,5,0.017740018665790558,0.013255970552563667,0.022847814485430717,True
mlp,final,1,2,5,0.0003471020027063787,0.0002762015210464597,0.0004406602820381522,False
mlp,final,1,3,5,0.0005768875125795603,0.0003267256252001971,0.0007133678300306201,False
mlp,final,1,4,5,0.0004001567722298205,0.0003788610047195107,0.0005047900485806167,False
mlp,final,1,5,5,0.0003781372797675431,0.00024601229233667254,0.000646458298433572,False
mlp,final,1,6,5,0.0003997360763605684,0.0002103505830746144,0.0004482028307393193,False
mlp,final,1,7,5,0.00035819297772832215,0.0003074750129599124,0.00041556020732969046,False
mlp,final,1,8,5,0.0004156747891101986,0.0003544232458807528,0.0008175952243618667,False
mlp,final,1,9,5,0.0003976371372118592,0.00021848597680218518,0.00046584222582168877,False
mlp,final,1,10,5,0.0006199759081937373,0.0004613256314769387,0.0007945445249788463,False
mlp,final,1,11,5,0.0003555243310984224,0.0002728259132709354,0.0004476595495361835,False
mlp,final,1,12,5,0.00036036508390679955,0.00026043219259008765,0.0005349595448933542,False
mlp,final,1,13,5,0.0003506831417325884,0.00022786340559832752,0.00044664458255283535,False
mlp,final,1,14,5,0.00035243327147327363,0.0002553574158810079,0.00036456037196330726,False
mlp,final,1,15,5,0.00037039455492049456,0.000279412284726277,0.00044407177483662963,False
mlp,final,2,-15,5,0.0005620236042886972,0.00036537490086629987,0.000655527925118804,False
mlp,final,2,-14,5,0.0003864050086122006,0.00032683389144949615,0.0005904633435420692,False
mlp,final,2,-13,5,0.00040805747266858816,0.00023413271992467344,0.0005325794918462634,False
mlp,final,2,-12,5,0.0004003934154752642,0.0001910616410896182,0.0005554974195547402,False
mlp,final,2,-11,5,0.0005275479634292424,0.00036550514050759375,0.0006409597699530423,False
mlp,final,2,-10,5,0.0005859484081156552,0.00026554675423540175,0.0006472788518294692,False
mlp,final,2,-9,5,0.00040548271499574184,0.00032124260906130075,0.0004997653304599226,False
mlp,final,2,-8,5,0.00040010939119383693,0.00031913010752759874,0.0005870912573300302,False
mlp,final,2,-7,5,0.00035866021062247455,0.00029208234627731144,0.000532421050593257,False
mlp,final,2,-6,5,0.0006769332685507834,0.0004377818258944899,0.000967756612226367,False
mlp,final,2,-5,5,0.0005143944872543216,0.00026410879218019545,0.0006393059738911688,False
mlp,final,2,-4,5,0.00044637147220782936,0.0003211740404367447,0.0006269756122492254,False
mlp,final,2,-3,5,0.0003920210583601147,0.0002259204484289512,0.00046290847240015864,False
mlp,final,2,-2,5,0.002013311255723238,0.0016195341013371944,0.002578136743977666,False
mlp,final,2,-1,5,0.00048001433606259525,0.00022582260135095567,0.0006656027399003506,False
mlp,final,2,0,5,0.0008913947967812419,0.0007353689288720489,0.0009945114143192768,False
mlp,final,2,1,5,0.00047424566582776606,0.00024069515347946435,0.0005241203471086919,False
mlp,final,2,2,5,0.015399313531816006,0.011926412582397461,0.019224055111408234,True
mlp,final,2,3,5,0.00044396266457624733,0.00038332375697791576,0.0007847045199014246,False
mlp,final,2,4,5,0.00045043157297186553,0.00034458356094546616,0.000583030516281724,False
mlp,final,2,5,5,0.00042754350579343736,0.0002933549112640321,0.0005356467445380986,False
mlp,final,2,6,5,0.0005018898518756032,0.0004397081211209297,0.0009126488002948463,False
mlp,final,2,7,5,0.0002707197854761034,0.0002397624630248174,0.0008015873027034104,False
mlp,final,2,8,5,0.0003599773335736245,0.0002817856438923627,0.0005342761869542301,False
mlp,final,2,9,5,0.0005093757645227015,0.0003386693715583533,0.0006825998425483704,False
mlp,final,2,10,5,0.0003886473423335701,0.0003292299807071686,0.00045282207429409027,False
mlp,final,2,11,5,0.0004445486993063241,0.0002853079931810498,0.0007737989071756601,False
mlp,final,2,12,5,0.00046619592467322946,0.0004105350817553699,0.0005750568234361708,False
mlp,final,2,13,5,0.00041373615385964513,0.00023214459361042827,0.000555558770429343,False
mlp,final,2,14,5,0.0004000085755251348,0.0003307024308014661,0.0006924712797626853,False
mlp,final,2,15,5,0.0004518068744800985,0.0002989411586895585,0.0005177394486963749,False
mlp,final,3,-15,5,0.0003540299367159605,0.0002657437289599329,0.00045538973063230515,False
mlp,final,3,-14,5,0.00039868432213552296,0.0003064594930037856,0.0004264887247700244,False
mlp,final,3,-13,5,0.0004747610364574939,0.00029373480356298387,0.0005825631087645888,False
mlp,final,3,-12,5,0.00040840203291736543,0.0002829253498930484,0.00043310175533406436,False
mlp,final,3,-11,5,0.0004194883513264358,0.0003281407116446644,0.000543573871254921,False
mlp,final,3,-10,5,0.00036806592834182084,0.00027515110559761524,0.0005609263316728175,False
mlp,final,3,-9,5,0.0004884791560471058,0.000394466012949124,0.0006523237098008394,False
mlp,final,3,-8,5,0.0003313005727250129,0.0002924737345892936,0.000422811193857342,False
mlp,final,3,-7,5,0.0004426073282957077,0.00019652940682135522,0.0004697848344221711,False
mlp,final,3,-6,5,0.00036953031667508185,0.0003470186493359506,0.0006607862887904048,False
mlp,final,3,-5,5,0.0004374204436317086,0.00031969306292012334,0.0006245740805752575,False
mlp,final,3,-4,5,0.0003999225446023047,0.0003017458657268435,0.0005090932827442884,False
mlp,final,3,-3,5,0.0020231835078448057,0.0016700437990948558,0.0023331712000072002,False
mlp,final,3,-2,5,0.000455923262052238,0.000387640786357224,0.0005267970263957977,False
mlp,final,3,-1,5,0.0005351745057851076,0.0003996914310846478,0.0006427563494071364,False
mlp,final,3,0,5,0.0009640110074542463,0.0008549432968720794,0.001278316369280219,False
mlp,final,3,1,5,0.00047705377801321447,0.00035727498470805585,0.0005021145334467292,False
mlp,final,3,2,5,0.00032313671545125544,0.00020296123693697155,0.000478855479741469,False
mlp,final,3,3,5,0.017116336151957512,0.016123630106449127,0.02038685791194439,True
mlp,final,3,4,5,0.0004039688501507044,0.0003080081660300493,0.00048605725169181824,False
mlp,final,3,5,5,0.0004923803498968482,0.00027935835532844067,0.0006690087611787021,False
mlp,final,3,6,5,0.0003781594568863511,0.0002658221055753529,0.0005591211374849081,False
mlp,final,3,7,5,0.00038444221718236804,0.00036242761416360736,0.000516434432938695,False
mlp,final,3,8,5,0.0003643492527771741,0.0003114219871349633,0.0005498457467183471,False
mlp,final,3,9,5,0.0005436799256131053,0.0004747388302348554,0.0009699645452201366,False
mlp,final,3,10,5,0.0004534306062851101,0.0002707168459892273,0.00047916139010339975,False
mlp,final,3,11,5,0.00046437536366283894,0.0002501028648111969,0.0007019496988505125,False
mlp,final,3,12,5,0.0004260807472746819,0.0002576835686340928,0.0005151324439793825,False
mlp,final,3,13,5,0.0005066599114798009,0.00039880487020127475,0.0006621021893806756,False
mlp,final,3,14,5,0.00047800756874494255,0.0002898976090364158,0.0005183539469726384,False
mlp,final,3,15,5,0.0003945930802728981,0.000335255463141948,0.0005045286379754543,False
mlp,final,4,-15,5,0.00041580171091482043,0.0003220682847313583,0.0005048812599852681,False
mlp,final,4,-14,5,0.0003147889219690114,0.0002689429384190589,0.00047436129534617066,False
mlp,final,4,-13,5,0.0002907466550823301,0.00024116750864777714,0.00035879574716091156,False
mlp,final,4,-12,5,0.0005331452703103423,0.00041762375622056425,0.0007265273598022759,False
mlp,final,4,-11,5,0.0005050173494964838,0.0003421903238631785,0.0006227592821232975,False
mlp,final,4,-10,5,0.0003521396720316261,0.00022999598877504468,0.0005600114236585796,False
mlp,final,4,-9,5,0.0005362920928746462,0.0004627979069482535,0.0007309293723665178,False
mlp,final,4,-8,5,0.0003224835090804845,0.000287491682684049,0.0005235931603237987,False
mlp,final,4,-7,5,0.00043694465421140194,0.00020481042156461626,0.0006058094440959394,False
mlp,final,4,-6,5,0.0004027460818178952,0.0002738751354627311,0.0005570241482928395,False
mlp,final,4,-5,5,0.00036816098145209253,0.00028861273312941194,0.0005226086941547692,False
mlp,final,4,-4,5,0.0022341436706483364,0.0018379046814516187,0.003007161896675825,False
mlp,final,4,-3,5,0.00038471375592052937,0.00030063651502132416,0.0006668477435596287,False
mlp,final,4,-2,5,0.00035304497578181326,0.0003173512523062527,0.00045946676982566714,False
mlp,final,4,-1,5,0.0003236009506508708,0.0002742576180025935,0.00041105019045062363,False
mlp,final,4,0,5,0.0009993689600378275,0.0006714210612699389,0.0013924062950536609,False
mlp,final,4,1,5,0.0005145069444552064,0.00033862635609693825,0.0006204063538461924,False
mlp,final,4,2,5,0.0003165960661135614,0.00023168217740021646,0.00037116219755262136,False
mlp,final,4,3,5,0.00040194098255597055,0.00021272852609399706,0.0008038236410357058,False
mlp,final,4,4,5,0.018463576212525368,0.014237494207918644,0.02343856915831566,True
mlp,final,4,5,5,0.0003841488796751946,0.0002762970398180187,0.0006207887199707329,False
mlp,final,4,6,5,0.0003596887399908155,0.0002859833766706288,0.000488774967379868,False
mlp,final,4,7,5,0.00038608827162534,0.0003108646778855473,0.0004917469923384488,False
mlp,final,4,8,5,0.00030456078820861876,0.0002360869402764365,0.0003921687602996826,False
mlp,final,4,9,5,0.000631795555818826,0.0004986715503036976,0.0007625867729075253,False
mlp,final,4,10,5,0.0002890762116294354,0.00025346383336000144,0.0004361615574453026,False
mlp,final,4,11,5,0.00039607725921086967,0.00033227173844352365,0.0005459610838443041,False
mlp,final,4,12,5,0.0006895737024024129,0.0005081435083411634,0.0007220401312224567,False
mlp,final,4,13,5,0.000351317401509732,0.00028661859687417746,0.0004678433761000633,False
mlp,final,4,14,5,0.0003219934878870845,0.00020253249385859817,0.00046777186798863113,False
mlp,final,4,15,5,0.00038231140933930874,0.00025924071087501943,0.0004625069268513471,False
mlp,final,5,-15,5,0.0007825016509741545,0.000503575662150979,0.0010936822509393096,False
mlp,final,5,-14,5,0.0004375603166408837,0.0003283551486674696,0.0005690779071301222,False
mlp,final,5,-13,5,0.0003714979684446007,0.00032593964715488255,0.0005244079511612654,False
mlp,final,5,-12,5,0.000523597642313689,0.0003626001125667244,0.000537627434823662,False
mlp,final,5,-11,5,0.00027589171077124774,0.00020371204300317913,0.0004751919477712363,False
mlp,final,5,-10,5,0.00042003547423519194,0.00020809384295716882,0.0006714233895763755,False
mlp,final,5,-9,5,0.0003683143586385995,0.0002493365609552711,0.0005139422719366848,False
mlp,final,5,-8,5,0.0003705037815961987,0.00026481226086616516,0.0005012545734643936,False
mlp,final,5,-7,5,0.00040408060885965824,0.000241813700995408,0.0005316960741765797,False
mlp,final,5,-6,5,0.0004496445180848241,0.0003259000659454614,0.0005337772308848798,False
mlp,final,5,-5,5,0.0024474835954606533,0.002369516296312213,0.0036858387757092714,False
mlp,final,5,-4,5,0.0004991688183508813,0.00021210219711065292,0.0005546233733184636,False
mlp,final,5,-3,5,0.00043107016244903207,0.0003203714732080698,0.001085149240680039,False
mlp,final,5,-2,5,0.0003603986988309771,0.00023463740944862366,0.00041569769382476807,False
mlp,final,5,-1,5,0.000396989838918671,0.00024339702213183045,0.0006174718146212399,False
mlp,final,5,0,5,0.0009606497478671372,0.0008226660429500043,0.00120583048556,False
mlp,final,5,1,5,0.0003115611325483769,0.00030235000303946435,0.00039029272738844156,False
mlp,final,5,2,5,0.00038257151027210057,0.00028906945954076946,0.00048810316366143525,False
mlp,final,5,3,5,0.0003828996850643307,0.0003173218574374914,0.0006754478672519326,False
mlp,final,5,4,5,0.00042763538658618927,0.00027829737518914044,0.0005444801645353436,False
mlp,final,5,5,5,0.015249581076204777,0.012049678713083267,0.02301996387541294,True
mlp,final,5,6,5,0.00046226102858781815,0.00020768250396940857,0.0004951296141371131,False
mlp,final,5,7,5,0.00042153295362368226,0.00025906035443767905,0.0006851862999610603,False
mlp,final,5,8,5,0.00037955143488943577,0.0002697471936699003,0.0005032538902014494,False
mlp,final,5,9,5,0.00043171358993276954,0.0001669624325586483,0.0007845049840398133,False
mlp,final,5,10,5,0.00037583234370686114,0.000208837358513847,0.0007155137718655169,False
mlp,final,5,11,5,0.0003889125364366919,0.0002309863775735721,0.0006357007077895105,False
mlp,final,5,12,5,0.0005648861988447607,0.00043720463872887194,0.0006779623217880726,False
mlp,final,5,13,5,0.0003872997185681015,0.0003464752808213234,0.0005612458335235715,False
mlp,final,5,14,5,0.00039514750824309886,0.000266686751274392,0.0005848837899975479,False
mlp,final,5,15,5,0.00046404017484746873,0.00043209167779423296,0.0006643843953497708,False
mlp,final,6,-15,5,0.0004073211457580328,0.0002756935718934983,0.0004246777971275151,False
mlp,final,6,-14,5,0.00036986119812354445,0.00033140103914774954,0.0006271123420447111,False
mlp,final,6,-13,5,0.0005198811995796859,0.0003462958848103881,0.0008242762414738536,False
mlp,final,6,-12,5,0.0004501128278207034,0.0003014184767380357,0.0005494918441399932,False
mlp,final,6,-11,5,0.0003718603984452784,0.0003175867605023086,0.0006283083348535001,False
mlp,final,6,-10,5,0.0003648851707112044,0.00028474684222601354,0.0006948690861463547,False
mlp,final,6,-9,5,0.0004011685377918184,0.00029910067678429186,0.0005429318407550454,False
mlp,final,6,-8,5,0.00041286053601652384,0.00020752640557475388,0.00049843784654513,False
mlp,final,6,-7,5,0.00035529115120880306,0.00024241254141088575,0.0004087777342647314,False
mlp,final,6,-6,5,0.001837375108152628,0.001671528909355402,0.002369899535551667,False
mlp,final,6,-5,5,0.00036168587394058704,0.00029116185032762587,0.0004973841714672744,False
mlp,final,6,-4,5,0.0003636185429058969,0.0002699278120417148,0.000682495185174048,False
mlp,final,6,-3,5,0.0003578710020519793,0.00023973664792720228,0.0006407159962691367,False
mlp,final,6,-2,5,0.00065753044327721,0.00028084366931580007,0.0009955730056390166,False
mlp,final,6,-1,5,0.0003763948625419289,0.00027657169266603887,0.00040533230639994144,False
mlp,final,6,0,5,0.0008162220474332571,0.0006559229805134237,0.0010813847184181213,False
mlp,final,6,1,5,0.00034797986154444516,0.0002452036424074322,0.00039065105374902487,False
mlp,final,6,2,5,0.0004652898060157895,0.00039172303513623774,0.0006202380172908306,False
mlp,final,6,3,5,0.0003733249322976917,0.00022770681243855506,0.00057405378902331,False
mlp,final,6,4,5,0.0003755771613214165,0.00030563134350813925,0.0005168718635104597,False
mlp,final,6,5,5,0.0004531099402811378,0.000291239470243454,0.0005442091496661305,False
mlp,final,6,6,5,0.01539364643394947,0.014529894106090069,0.020022999495267868,True
mlp,final,6,7,5,0.0004423640784807503,0.0002468672173563391,0.0004683084844145924,False
mlp,final,6,8,5,0.00040358465048484504,0.00024428137112408876,0.0005383730749599636,False
mlp,final,6,9,5,0.0003790120535995811,0.00031362552545033395,0.000647283683065325,False
mlp,final,6,10,5,0.00047188610187731683,0.0002947829198092222,0.0006513118278235197,False
mlp,final,6,11,5,0.0004427315143402666,0.0003876081027556211,0.0006558567401953042,False
mlp,final,6,12,5,0.0004223428841214627,0.0002321255742572248,0.0006419882993213832,False
mlp,final,6,13,5,0.0005140019347891212,0.00041676993714645505,0.0006732064648531377,False
mlp,final,6,14,5,0.0003648115380201489,0.00028731487691402435,0.0007478242041543126,False
mlp,final,6,15,5,0.000399896438466385,0.00016531156143173575,0.0005164077738299966,False
mlp,final,7,-15,5,0.0003155739977955818,0.00028995826141908765,0.00044639830593951046,False
mlp,final,7,-14,5,0.0003859282878693193,0.00031732761999592185,0.0005840344238094985,False
mlp,final,7,-13,5,0.00043711456237360835,0.0003490018716547638,0.00054593023378402,False
mlp,final,7,-12,5,0.00046400929568335414,0.00031096304883249104,0.0005165936890989542,False
mlp,final,7,-11,5,0.0004211008781567216,0.0003711788449436426,0.0006217020563781261,False
mlp,final,7,-10,5,0.0005887233419343829,0.0005022801924496889,0.0007588878506794572,False
mlp,final,7,-9,5,0.00036005867877975106,0.0002698135795071721,0.000458494178019464,False
mlp,final,7,-8,5,0.0005067317397333682,0.0004399833851493895,0.00058471888769418,False
mlp,final,7,-7,5,0.0016097604529932141,0.0013402316253632307,0.0024070965591818094,False
mlp,final,7,-6,5,0.0003449250652920455,0.00019547260308172554,0.0004565150011330843,False
mlp,final,7,-5,5,0.0003380078123882413,0.00027733531896956265,0.0006128788809292018,False
mlp,final,7,-4,5,0.0005466695292852819,0.0003597809700295329,0.0005914719076827168,False
mlp,final,7,-3,5,0.0004653283685911447,0.00024849624605849385,0.0004893693840131164,False
mlp,final,7,-2,5,0.0004602900007739663,0.0002740702184382826,0.0006105090724304318,False
mlp,final,7,-1,5,0.00041185031295754015,0.0003092639963142574,0.00043214851757511497,False
mlp,final,7,0,5,0.0006592942518182099,0.0005522901774384081,0.0010422711493447423,False
mlp,final,7,1,5,0.0003655748732853681,0.00026340311160311103,0.0003982003836426884,False
mlp,final,7,2,5,0.00040953836287371814,0.0003559280594345182,0.00046438194112852216,False
mlp,final,7,3,5,0.0004861601919401437,0.0001834594295360148,0.0005896072252653539,False
mlp,final,7,4,5,0.0004702837613876909,0.000285218091448769,0.0004917379701510072,False
mlp,final,7,5,5,0.00037410572986118495,0.0003025153710041195,0.0004480699135456234,False
mlp,final,7,6,5,0.00031783501617610455,0.0002683500060811639,0.0007831243565306067,False
mlp,final,7,7,5,0.015440558083355427,0.012767688371241093,0.01929289661347866,True
mlp,final,7,8,5,0.0005135435494594276,0.0004606603761203587,0.0007726834737695754,False
mlp,final,7,9,5,0.0004582502297125757,0.00029052080935798585,0.0005215975106693804,False
mlp,final,7,10,5,0.0007305589970201254,0.0005144743481650949,0.0009400360286235809,False
mlp,final,7,11,5,0.0005235692369751632,0.00021294766338542104,0.0005559339188039303,False
mlp,final,7,12,5,0.00031659379601478577,0.0001979429362108931,0.0004452993453014642,False
mlp,final,7,13,5,0.00047972454922273755,0.0003527022199705243,0.0005045205471105874,False
mlp,final,7,14,5,0.00043816788820549846,0.0003087274671997875,0.000495281012263149,False
mlp,final,7,15,5,0.0003579140466172248,0.00019227950542699546,0.0005009612068533897,False
mlp,final,8,-15,5,0.00045867636799812317,0.00028976923204027116,0.0006262474926188588,False
mlp,final,8,-14,5,0.0004385005449876189,0.0003108951495960355,0.000726394122466445,False
mlp,final,8,-13,5,0.0005303246434777975,0.0002832016034517437,0.0007429989636875689,False
mlp,final,8,-12,5,0.0006249055149964988,0.0002484660653863102,0.000863877881783992,False
mlp,final,8,-11,5,0.00036848423769697547,0.00021427677711471915,0.0005146322655491531,False
mlp,final,8,-10,5,0.0003727790608536452,0.00027590279933065176,0.0005467996816150844,False
mlp,final,8,-9,5,0.0004091148148290813,0.00020860352378804237,0.0004419383476488292,False
mlp,final,8,-8,5,0.0019875075668096542,0.001920255715958774,0.002461865544319153,False
mlp,final,8,-7,5,0.0006396130775101483,0.0005497474339790642,0.0007556680939160287,False
mlp,final,8,-6,5,0.00030931757646612823,0.0001736984559101984,0.0004668928449973464,False
mlp,final,8,-5,5,0.00045368916471488774,0.00027198728639632463,0.0005170456715859473,False
mlp,final,8,-4,5,0.00035581336123868823,0.0001984331029234454,0.0005178069113753736,False
mlp,final,8,-3,5,0.00046590992133133113,0.0002764088858384639,0.0004961368395015597,False
mlp,final,8,-2,5,0.0004156153299845755,0.0002842956455424428,0.0008245441131293774,False
mlp,final,8,-1,5,0.0004514771280810237,0.00024158960150089115,0.0006341506377793849,False
mlp,final,8,0,5,0.0009871096117421985,0.0007832915289327502,0.0014981834683567286,False
mlp,final,8,1,5,0.0004285837057977915,0.00023173356021288782,0.0005094459629617631,False
mlp,final,8,2,5,0.00041449718992225826,0.0003400461282581091,0.0005496037774719298,False
mlp,final,8,3,5,0.0003184008237440139,0.00020492463954724371,0.0004497041227295995,False
mlp,final,8,4,5,0.0003820659185294062,0.0002323087101103738,0.0006414463859982789,False
mlp,final,8,5,5,0.0004220144764985889,0.00033807431464083493,0.00045532031799666584,False
mlp,final,8,6,5,0.000343913707183674,0.00023135318770073354,0.0003943977935705334,False
mlp,final,8,7,5,0.0007029908592812717,0.0003098560555372387,0.0008412181632593274,False
mlp,final,8,8,5,0.018658822402358055,0.013917663134634495,0.02100519835948944,True
mlp,final,8,9,5,0.0004187237937003374,0.00026733084814623,0.0006741650868207216,False
mlp,final,8,10,5,0.0003275721101090312,0.00019707539468072355,0.00038138849777169526,False
mlp,final,8,11,5,0.00037305470323190093,0.0002958995755761862,0.0005975294043309987,False
mlp,final,8,12,5,0.00043110374826937914,0.00022067733516450971,0.0005686079966835678,False
mlp,final,8,13,5,0.00043198815546929836,0.0003569039108697325,0.0006926333880983293,False
mlp,final,8,14,5,0.0004582615219987929,0.0003386417229194194,0.0005057876696810126,False
mlp,final,8,15,5,0.0004756312118843198,0.0003711618192028254,0.0008981571882031858,False
mlp,final,9,-15,5,0.0003681028902065009,0.0003190703864675015,0.00045326908002607524,False
mlp,final,9,-14,5,0.0004553970356937498,0.00035235940595157444,0.000566329516004771,False
mlp,final,9,-13,5,0.0004494112799875438,0.0003285007842350751,0.0004965206026099622,False
mlp,final,9,-12,5,0.000494603649713099,0.0001769657974364236,0.000718155934009701,False
mlp,final,9,-11,5,0.000501348462421447,0.00030278126359917223,0.000518058892339468,False
mlp,final,9,-10,5,0.00032047517015598714,0.0002219654998043552,0.0006072421674616635,False
mlp,final,9,-9,5,0.0019138390198349953,0.0015556415310129523,0.002487744903191924,False
mlp,final,9,-8,5,0.00027366445283405483,0.00019177245849277824,0.00037511304253712296,False
mlp,final,9,-7,5,0.00033839623210951686,0.0003011476364918053,0.0005448295851238072,False
mlp,final,9,-6,5,0.0002852949546650052,0.0002525936288293451,0.000522620277479291,False
mlp,final,9,-5,5,0.00032250091317109764,0.00031771589419804513,0.0005133943050168455,False
mlp,final,9,-4,5,0.00040617628837935627,0.00037670586607418954,0.00045521737774834037,False
mlp,final,9,-3,5,0.0005013109766878188,0.000446929014287889,0.0005403954419307411,False
mlp,final,9,-2,5,0.00035461303195916116,0.0002554050588514656,0.00048621316091157496,False
mlp,final,9,-1,5,0.0003869856591336429,0.0002469249884597957,0.0004908365081064403,False
mlp,final,9,0,5,0.0008380534709431231,0.0005389103898778558,0.0014320063637569547,False
mlp,final,9,1,5,0.0004221791750751436,0.0003615448367781937,0.0004958846257068217,False
mlp,final,9,2,5,0.000383385136956349,0.0003096159198321402,0.0005084676085971296,False
mlp,final,9,3,5,0.00062208017334342,0.00035977992229163647,0.0006720410310663283,False
mlp,final,9,4,5,0.0005120791029185057,0.00039708218537271023,0.0007261676946654916,False
mlp,final,9,5,5,0.0004036460304632783,0.0003007538616657257,0.0004986089188605547,False
mlp,final,9,6,5,0.00039585624472238123,0.00017730036051943898,0.0007866188534535468,False
mlp,final,9,7,5,0.00042222932097502053,0.0002124498860212043,0.00043264662963338196,False
mlp,final,9,8,5,0.0002694795548450202,0.00024478312116116285,0.0005227444926276803,False
mlp,final,9,9,5,0.01286084484308958,0.009934835135936737,0.026111725717782974,True
mlp,final,9,10,5,0.0004366815264802426,0.00024489048519171774,0.0006502436590380967,False
mlp,final,9,11,5,0.0004791166284121573,0.00032656334224157035,0.0005234950222074986,False
mlp,final,9,12,5,0.0003943799529224634,0.0003104043425992131,0.000461585441371426,False
mlp,final,9,13,5,0.0003184157540090382,0.00026234754477627575,0.0006982624181546271,False
mlp,final,9,14,5,0.0004059431958012283,0.0001729843788780272,0.0005272418493404984,False
mlp,final,9,15,5,0.0004076985933352262,0.0003089965903200209,0.0006603984511457384,False
mlp,final,10,-15,5,0.000594795448705554,0.00043472088873386383,0.0007949044229462743,False
mlp,final,10,-14,5,0.00038139961543492973,0.0003148061514366418,0.00062163220718503,False
mlp,final,10,-13,5,0.00040227037970907986,0.00025852484395727515,0.0005599564756266773,False
mlp,final,10,-12,5,0.00034412811510264874,0.00029508385341614485,0.00045506900642067194,False
mlp,final,10,-11,5,0.0003707423456944525,0.00015838423860259354,0.0005792272859252989,False
mlp,final,10,-10,5,0.00212312419898808,0.001681497204117477,0.0032754004932940006,False
mlp,final,10,-9,5,0.00045090896310284734,0.0002178767608711496,0.0008524172008037567,False
mlp,final,10,-8,5,0.00037943042116239667,0.00021129402739461511,0.0005549158668145537,False
mlp,final,10,-7,5,0.00045619747834280133,0.0002572049852460623,0.0009632569854147732,False
mlp,final,10,-6,5,0.00042174270492978394,0.0003663695533759892,0.0006242393283173442,False
mlp,final,10,-5,5,0.0003723597328644246,0.0003258580982219428,0.0006210108404047787,False
mlp,final,10,-4,5,0.0003671715094242245,0.00030367946601472795,0.00047316832933574915,False
mlp,final,10,-3,5,0.00033584938501007855,0.00022072045248933136,0.0005612908280454576,False
mlp,final,10,-2,5,0.0004232472274452448,0.0002600444422569126,0.0005378542700782418,False
mlp,final,10,-1,5,0.0005218026926741004,0.00048491894267499447,0.0005410636658780277,False
mlp,final,10,0,5,0.001071907114237547,0.0006880289874970913,0.001120827510021627,False
mlp,final,10,1,5,0.00044022954534739256,0.0002648431691341102,0.0008901135297492146,False
mlp,final,10,2,5,0.0005833050818182528,0.0002955961390398443,0.0009258641512133181,False
mlp,final,10,3,5,0.0004098379286006093,0.00025052495766431093,0.0007202712004072964,False
mlp,final,10,4,5,0.0003885763289872557,0.0002948777982965112,0.0005087125464342535,False
mlp,final,10,5,5,0.00048096850514411926,0.00032619480043649673,0.0005695042200386524,False
mlp,final,10,6,5,0.00044661707943305373,0.00016556160699110478,0.0005601291195489466,False
mlp,final,10,7,5,0.0006632448639720678,0.0003355346852913499,0.0007610123138874769,False
mlp,final,10,8,5,0.00034005194902420044,0.0002575474209152162,0.00045642160694114864,False
mlp,final,10,9,5,0.00033570604864507914,0.00021382159320637584,0.0006921039312146604,False
mlp,final,10,10,5,0.017077188938856125,0.016985736787319183,0.02265048772096634,True
mlp,final,10,11,5,0.00041214958764612675,0.00024595315335318446,0.00042992248199880123,False
mlp,final,10,12,5,0.0005311190034262836,0.00021799918613396585,0.0006115718861110508,False
mlp,final,10,13,5,0.00045121184666641057,0.000299393868772313,0.0006248608697205782,False
mlp,final,10,14,5,0.0003762830747291446,0.00020806265820283443,0.0005356968031264842,False
mlp,final,10,15,5,0.0004805718781426549,0.0003444511676207185,0.0005409639561548829,False
mlp,final,11,-15,5,0.0003219586214981973,0.00028294275398366153,0.0004826206713914871,False
mlp,final,11,-14,5,0.00046622988884337246,0.0002463498094584793,0.0007675335509702563,False
mlp,final,11,-13,5,0.0003973896964453161,0.00031845030025579035,0.0005496671656146646,False
mlp,final,11,-12,5,0.0004642550484277308,0.0003542197518981993,0.00069313874701038,False
mlp,final,11,-11,5,0.0024240410421043634,0.0014647719217464328,0.004451628774404526,False
mlp,final,11,-10,5,0.00042108542402274907,0.0003247226413805038,0.0006581568741239607,False
mlp,final,11,-9,5,0.00037408401840366423,0.0003543774364516139,0.00044657368562184274,False
mlp,final,11,-8,5,0.00043407268822193146,0.00029297397122718394,0.0009546965011395514,False
mlp,final,11,-7,5,0.0003986472438555211,0.0002795902546495199,0.0005849863518960774,False
mlp,final,11,-6,5,0.00036769997677765787,0.0002445023856125772,0.0004782819014508277,False
mlp,final,11,-5,5,0.00046057411236688495,0.0003866150218527764,0.0004923376254737377,False
mlp,final,11,-4,5,0.0005072515341453254,0.0003027674392797053,0.0006884273607283831,False
mlp,final,11,-3,5,0.0004942278610542417,0.00030537243583239615,0.0006103549967519939,False
mlp,final,11,-2,5,0.00041349412640556693,0.0002973856753669679,0.0005660479073412716,False
mlp,final,11,-1,5,0.000279014406260103,0.00021394886425696313,0.00041092667379416525,False
mlp,final,11,0,5,0.0009083467302843928,0.0007206285954453051,0.0010383870685473084,False
mlp,final,11,1,5,0.0003945666248910129,0.0002670849207788706,0.00045627151848748326,False
mlp,final,11,2,5,0.0005343168159015477,0.00040413258830085397,0.0006864494062028825,False
mlp,final,11,3,5,0.0003785307053476572,0.00029465899569913745,0.0005422718822956085,False
mlp,final,11,4,5,0.00041086931014433503,0.0002488456084392965,0.0006641774671152234,False
mlp,final,11,5,5,0.00040064408676698804,0.0003184787929058075,0.0006006312323734164,False
mlp,final,11,6,5,0.00039173944969661534,0.0002870392636395991,0.0007275230018422008,False
mlp,final,11,7,5,0.000362037360901013,0.000299859675578773,0.0005847916472703218,False
mlp,final,11,8,5,0.00041377104935236275,0.00029090631869621575,0.0005852118483744562,False
mlp,final,11,9,5,0.00041177761158905923,0.00030360589153133333,0.0005180571461096406,False
mlp,final,11,10,5,0.0003987388336099684,0.00034335561213083565,0.000547191419173032,False
mlp,final,11,11,5,0.015597829595208168,0.009509182535111904,0.018039485439658165,True
mlp,final,11,12,5,0.00048821294330991805,0.00039727857802063227,0.000604786619078368,False
mlp,final,11,13,5,0.00044520318624563515,0.00039994242251850665,0.000681819801684469,False
mlp,final,11,14,5,0.0004676117969211191,0.00044201131095178425,0.0005590365035459399,False
mlp,final,11,15,5,0.00043882717727683485,0.0002580825239419937,0.0005206975620239973,False
mlp,final,12,-15,5,0.00041581070399843156,0.000255123944953084,0.0005004051490686834,False
mlp,final,12,-14,5,0.0003840732097160071,0.0003311621549073607,0.0005078610265627503,False
mlp,final,12,-13,5,0.00045443043927662075,0.00028330646455287933,0.0005217822035774589,False
mlp,final,12,-12,5,0.0022860842291265726,0.0015840729465708137,0.002671733032912016,False
mlp,final,12,-11,5,0.00039231922710314393,0.00023552062339149415,0.0005065191653557122,False
mlp,final,12,-10,5,0.00040021687163971364,0.00018157115846406668,0.0005404012044891715,False
mlp,final,12,-9,5,0.0004819115565624088,0.0003786698216572404,0.0005612486274912953,False
mlp,final,12,-8,5,0.00043090173858217895,0.00030545121990144253,0.0005915785441175103,False
mlp,final,12,-7,5,0.0003815515956375748,0.0002569461357779801,0.0005537669640034437,False
mlp,final,12,-6,5,0.0003946100769098848,0.00024830520851537585,0.0005425388226285577,False
mlp,final,12,-5,5,0.0006671579903922975,0.0004557171487249434,0.0010375655256211758,False
mlp,final,12,-4,5,0.0006869851495139301,0.0002606696216389537,0.0009155325824394822,False
mlp,final,12,-3,5,0.00041008065454661846,0.00023619217972736806,0.0005016226205043495,False
mlp,final,12,-2,5,0.00036989670479670167,0.0002399449294898659,0.00054000603267923,False
mlp,final,12,-1,5,0.00032312050461769104,0.00021332404867280275,0.0005945159355178475,False
mlp,final,12,0,5,0.0009387533064000309,0.0006986094522289932,0.001012656488455832,False
mlp,final,12,1,5,0.00039279196062125266,0.00025673388154245913,0.0007291999063454568,False
mlp,final,12,2,5,0.0003549511020537466,0.0002707870735321194,0.00041979935485869646,False
mlp,final,12,3,5,0.00041977333603426814,0.00031742200371809304,0.0005312178400345147,False
mlp,final,12,4,5,0.0006476888083852828,0.0005290807457640767,0.0009566374938003719,False
mlp,final,12,5,5,0.0003583050274755806,0.00030389020685106516,0.0005304678925313056,False
mlp,final,12,6,5,0.0004032138385809958,0.0002580858126748353,0.0005087394965812564,False
mlp,final,12,7,5,0.0003674008185043931,0.00027700886130332947,0.0006495751440525055,False
mlp,final,12,8,5,0.0004124409460928291,0.0002953327784780413,0.00048343068920075893,False
mlp,final,12,9,5,0.0003629729908425361,0.00026120455004274845,0.00039156299317255616,False
mlp,final,12,10,5,0.0004813131527043879,0.0002520080888643861,0.0006258148932829499,False
mlp,final,12,11,5,0.0003681136586237699,0.00020117423264309764,0.0006593128200620413,False
mlp,final,12,12,5,0.01776111125946045,0.01473191101104021,0.019889147952198982,True
mlp,final,12,13,5,0.00032434059539809823,0.0002718637988436967,0.00043227997957728803,False
mlp,final,12,14,5,0.0004153282498009503,0.00024042716540861875,0.0007308372878469527,False
mlp,final,12,15,5,0.0004855697916354984,0.00024934319662861526,0.0006398691912181675,False
mlp,final,13,-15,5,0.0003721445391420275,0.0003111955593340099,0.0004288515483494848,False
mlp,final,13,-14,5,0.00045042167766951025,0.000256104685831815,0.000655567564535886,False
mlp,final,13,-13,5,0.0021360982209444046,0.0014238139847293496,0.002898097736760974,False
mlp,final,13,-12,5,0.00039978142012842,0.0003174962766934186,0.0005454430938698351,False
mlp,final,13,-11,5,0.0003605103411246091,0.0002490420883987099,0.000449027749709785,False
mlp,final,13,-10,5,0.00040370755596086383,0.0002941057609859854,0.0005319113261066377,False
mlp,final,13,-9,5,0.00038763543125241995,0.00021626953093800694,0.0005372751620598137,False
mlp,final,13,-8,5,0.0005037145456299186,0.0003940906608477235,0.0006611777353100479,False
mlp,final,13,-7,5,0.0004248479090165347,0.0002829610893968493,0.0004940842627547681,False
mlp,final,13,-6,5,0.0005497410893440247,0.00045734961167909205,0.0007512345910072327,False
mlp,final,13,-5,5,0.00034363576560281217,0.0002654784475453198,0.0005640742601826787,False
mlp,final,13,-4,5,0.00041743877227418125,0.0003464187611825764,0.0005469247116707265,False
mlp,final,13,-3,5,0.0003111628466285765,0.00023266412608791143,0.0005235690041445196,False
mlp,final,13,-2,5,0.00038498712820000947,0.0003050902741961181,0.0006902340101078153,False
mlp,final,13,-1,5,0.00041066561243496835,0.00026609929045662284,0.000583960791118443,False
mlp,final,13,0,5,0.0008339363266713917,0.0005526638706214726,0.0009009673958644271,False
mlp,final,13,1,5,0.0003310345928184688,0.00024327139544766396,0.0005044950521551073,False
mlp,final,13,2,5,0.0003229788853786886,0.0002958123805001378,0.0006053126999177039,False
mlp,final,13,3,5,0.0003376851964276284,0.00018614696455188096,0.0005978976842015982,False
mlp,final,13,4,5,0.00031311067868955433,0.00023560243425890803,0.0004805864882655442,False
mlp,final,13,5,5,0.0003818428667727858,0.00020984445291105658,0.0004628795140888542,False
mlp,final,13,6,5,0.0004966672859154642,0.00030235984013415873,0.0007622368284501135,False
mlp,final,13,7,5,0.00032823311630636454,0.0002839377266354859,0.0006320162792690098,False
mlp,final,13,8,5,0.0004708552733063698,0.0003552728157956153,0.0007369639934040606,False
mlp,final,13,9,5,0.0002593020617496222,0.00019784309552051127,0.00048814041656441987,False
mlp,final,13,10,5,0.00037419309956021607,0.0002740846248343587,0.00040322067798115313,False
mlp,final,13,11,5,0.0004641007981263101,0.00023218941350933164,0.0005801538936793804,False
mlp,final,13,12,5,0.0004025894158985466,0.0003489367663860321,0.0010236415546387434,False
mlp,final,13,13,5,0.020892227068543434,0.015673181042075157,0.02458929643034935,True
mlp,final,13,14,5,0.00038881233194842935,0.00024475064128637314,0.0005215282435528934,False
mlp,final,13,15,5,0.0003350896295160055,0.00027946740738116205,0.0004394270363263786,False
mlp,final,14,-15,5,0.00054613669635728,0.0004239186819177121,0.0006304901326075196,False
mlp,final,14,-14,5,0.002317097969353199,0.0015800097025930882,0.002729214960709214,False
mlp,final,14,-13,5,0.0004389850073494017,0.0001787717774277553,0.0005347954574972391,False
mlp,final,14,-12,5,0.000513192848302424,0.0003499207377899438,0.0009472791571170092,False
mlp,final,14,-11,5,0.00045341625809669495,0.0003346348530612886,0.0005929806502535939,False
mlp,final,14,-10,5,0.00035278103314340115,0.0002973731025122106,0.0004736707196570933,False
mlp,final,14,-9,5,0.0004821293114218861,0.00038743193726986647,0.000586269365157932,False
mlp,final,14,-8,5,0.00040708263986743987,0.00029891086160205305,0.0004888531984761357,False
mlp,final,14,-7,5,0.0004070339782629162,0.00027786503778770566,0.0005275862640701234,False
mlp,final,14,-6,5,0.00045842936378903687,0.000304064858937636,0.0005603396566584706,False
mlp,final,14,-5,5,0.0003246291307732463,0.0002923000429291278,0.0004204260476399213,False
mlp,final,14,-4,5,0.00029436228214763105,0.00023872822930570692,0.0004664872831199318,False
mlp,final,14,-3,5,0.00036826194263994694,0.00025548870326019824,0.0006774403736926615,False
mlp,final,14,-2,5,0.00042508283513598144,0.0003499738231766969,0.0004950492875650525,False
mlp,final,14,-1,5,0.0004212506755720824,0.0002139378630090505,0.0005387190612964332,False
mlp,final,14,0,5,0.0009996606968343258,0.0007263472070917487,0.0010869194520637393,False
mlp,final,14,1,5,0.0004302745801396668,0.0003329113533254713,0.0004804480413440615,False
mlp,final,14,2,5,0.00040716066723689437,0.0003472687385510653,0.0006731533212587237,False
mlp,final,14,3,5,0.00039434622158296406,0.0002777696936391294,0.0005844904808327556,False
mlp,final,14,4,5,0.00038502816460095346,0.00029265586636029184,0.0004515231412369758,False
mlp,final,14,5,5,0.0003386510070413351,0.00025774806272238493,0.00045781992957927287,False
mlp,final,14,6,5,0.0003738774103112519,0.00026660782168619335,0.0004872529534623027,False
mlp,final,14,7,5,0.000323104060953483,0.0002936150413006544,0.0006047362694516778,False
mlp,final,14,8,5,0.0004710746870841831,0.00039148758514784276,0.000537075218744576,False
mlp,final,14,9,5,0.0004683512670453638,0.0002930997288785875,0.000595384743064642,False
mlp,final,14,10,5,0.0004957160563208163,0.0003282513644080609,0.0006619432242587209,False
mlp,final,14,11,5,0.0003941661270800978,0.0001885185920400545,0.00094265874940902,False
mlp,final,14,12,5,0.000480662623886019,0.00027276083710603416,0.0006121176993474364,False
mlp,final,14,13,5,0.0003314857603982091,0.0002650870301295072,0.0004486202378757298,False
mlp,final,14,14,5,0.01988481730222702,0.011160194873809814,0.020292766392230988,True
mlp,final,14,15,5,0.0005701023037545383,0.00034387974301353097,0.0006578601896762848,False
mlp,final,15,-15,5,0.001962387003004551,0.0016295182285830379,0.002530318684875965,False
mlp,final,15,-14,5,0.00046669936273247004,0.00041611018241383135,0.000626317341811955,False
mlp,final,15,-13,5,0.00043090537656098604,0.0003672938619274646,0.0005753152072429657,False
mlp,final,15,-12,5,0.0004795729473698884,0.0003103318449575454,0.0005237061413936317,False
mlp,final,15,-11,5,0.0003653700405266136,0.0003146171511616558,0.000659069512039423,False
mlp,final,15,-10,5,0.0004179574898444116,0.00028993835439905524,0.0008220892632380128,False
mlp,final,15,-9,5,0.00035421032225713134,0.00024524834589101374,0.0005172213423065841,False
mlp,final,15,-8,5,0.0004410950932651758,0.0003564205835573375,0.0005226511275395751,False
mlp,final,15,-7,5,0.0003929829690605402,0.00029976628138683736,0.0005485618603415787,False
mlp,final,15,-6,5,0.0003517109726089984,0.00022839748999103904,0.0005106240860186517,False
mlp,final,15,-5,5,0.0004965215339325368,0.0003276865172665566,0.0008462435216642916,False
mlp,final,15,-4,5,0.00034450332168489695,0.00028935205773450434,0.0006461471784859896,False
mlp,final,15,-3,5,0.0003617833717726171,0.0003076758875977248,0.0006063070031814277,False
mlp,final,15,-2,5,0.00037485655047930777,0.00031903793569654226,0.0006842860020697117,False
mlp,final,15,-1,5,0.0004456525784917176,0.00036685436498373747,0.00052067288197577,False
mlp,final,15,0,5,0.0009078229777514935,0.0006358572281897068,0.0011085639707744122,False
mlp,final,15,1,5,0.0003776215889956802,0.00023345975205302238,0.0005859581870026886,False
mlp,final,15,2,5,0.0004172448825556785,0.0003131594858132303,0.0006954933051019907,False
mlp,final,15,3,5,0.0004392924311105162,0.00033373115002177656,0.0005090024205856025,False
mlp,final,15,4,5,0.0004700157151091844,0.0003110707039013505,0.0006094953278079629,False
mlp,final,15,5,5,0.0006206950638443232,0.00042893303907476366,0.0010328675853088498,False
mlp,final,15,6,5,0.000361046870239079,0.0002678939199540764,0.0006691946764476597,False
mlp,final,15,7,5,0.0004475276218727231,0.00019277838873676956,0.0004933614400215447,False
mlp,final,15,8,5,0.00035475968616083264,0.00026037186034955084,0.00044415908632799983,False
mlp,final,15,9,5,0.00031598488567397,0.0002880935790017247,0.0004035343590658158,False
mlp,final,15,10,5,0.0003773737698793411,0.00022038673341739923,0.0005077656824141741,False
mlp,final,15,11,5,0.00042984363972209394,0.00028078866307623684,0.0006722875987179577,False
mlp,final,15,12,5,0.00041583157144486904,0.0003177130129188299,0.0005902822013013065,False
mlp,final,15,13,5,0.0003390491765458137,0.00026507029542699456,0.0005670162499882281,False
mlp,final,15,14,5,0.00048565311590209603,0.00035567759186960757,0.0008143020677380264,False
mlp,final,15,15,5,0.01695951633155346,0.010545170865952969,0.018423333764076233,True
mlp,memorization,-15,-15,5,0.0026297804433852434,0.0017109239706769586,0.0032636134419590235,True
mlp,memorization,-15,-14,5,0.0006313037592917681,0.0003821663558483124,0.0009615623275749385,False
mlp,memorization,-15,-13,5,0.0007353682885877788,0.0005672316765412688,0.0010007924865931273,False
mlp,memorization,-15,-12,5,0.000814841769170016,0.0005921589909121394,0.001095082494430244,False
mlp,memorization,-15,-11,5,0.0005051694461144507,0.00040216196794062853,0.0007358653820119798,False
mlp,memorization,-15,-10,5,0.0007309054490178823,0.00046470810775645077,0.0007631980115547776,False
mlp,memorization,-15,-9,5,0.0005761900101788342,0.000493541534524411,0.001070722471922636,False
mlp,memorization,-15,-8,5,0.0007007422973401845,0.0006344738067127764,0.0007699568523094058,False
mlp,memorization,-15,-7,5,0.0006781648262403905,0.0006153687136247754,0.0011735089356079698,False
mlp,memorization,-15,-6,5,0.0006643972592428327,0.0005755596212111413,0.0008604779723100364,False
mlp,memorization,-15,-5,5,0.0007111211307346821,0.0005220046150498092,0.0010020629270002246,False
mlp,memorization,-15,-4,5,0.000639239908196032,0.0005622985190711915,0.0008408537833020091,False
mlp,memorization,-15,-3,5,0.0006841942667961121,0.0005058239912614226,0.0007222887361422181,False
mlp,memorization,-15,-2,5,0.0006390568451024592,0.0004118659417144954,0.0008133541559800506,False
mlp,memorization,-15,-1,5,0.0005025378777645528,0.0004502057854551822,0.0007060904754325747,False
mlp,memorization,-15,0,5,0.005749082658439875,0.004430832341313362,0.007934489287436008,False
mlp,memorization,-15,1,5,0.00054183229804039,0.0005377035704441369,0.0005889040767215192,False
mlp,memorization,-15,2,5,0.0007164616254158318,0.0005410516168922186,0.0010667998576536775,False
mlp,memorization,-15,3,5,0.0006691234302707016,0.0005004571285098791,0.0009143644711002707,False
mlp,memorization,-15,4,5,0.0006096774013713002,0.000528598262462765,0.0007732957601547241,False
mlp,memorization,-15,5,5,0.0005953861982561648,0.0004886674578301609,0.0008458059164695442,False
mlp,memorization,-15,6,5,0.0006401984137482941,0.0004211405757814646,0.0008833295432850718,False
mlp,memorization,-15,7,5,0.00054090068442747,0.0003750825417228043,0.0009255482582375407,False
mlp,memorization,-15,8,5,0.0006331779295578599,0.0003647093253675848,0.0009558178135193884,False
mlp,memorization,-15,9,5,0.0005975178210064769,0.000509975419845432,0.0006986184162087739,False
mlp,memorization,-15,10,5,0.0006542087066918612,0.0005538410623557866,0.0007978364010341465,False
mlp,memorization,-15,11,5,0.0006357270176522434,0.000575197977013886,0.0006665748660452664,False
mlp,memorization,-15,12,5,0.0007787669892422855,0.0005686056101694703,0.0011063062120229006,False
mlp,memorization,-15,13,5,0.0007568043656647205,0.0006148264510557055,0.0011841601226478815,False
mlp,memorization,-15,14,5,0.0005616708076559007,0.00042310572462156415,0.0007006766390986741,False
mlp,memorization,-15,15,5,0.0009444414172321558,0.0006909897783771157,0.0013954296009615064,False
mlp,memorization,-14,-15,5,0.0006496268906630576,0.0006350601906888187,0.0008528545149601996,False
mlp,memorization,-14,-14,5,0.0028040760662406683,0.0018753964686766267,0.004071369301527739,True
mlp,memorization,-14,-13,5,0.0006404351443052292,0.0005806088447570801,0.0007592900074087083,False
mlp,memorization,-14,-12,5,0.0006556781590916216,0.00037505218642763793,0.0009405395248904824,False
mlp,memorization,-14,-11,5,0.000699687865562737,0.000560586922802031,0.0008891276665963233,False
mlp,memorization,-14,-10,5,0.0006688510184176266,0.0004129553271923214,0.0007184249698184431,False
mlp,memorization,-14,-9,5,0.0008099483675323427,0.0005185175687074661,0.0008824080578051507,False
mlp,memorization,-14,-8,5,0.0008230817620642483,0.0005234452546574175,0.0008616881677880883,False
mlp,memorization,-14,-7,5,0.0006397654651664197,0.0005235820426605642,0.0010167337022721767,False
mlp,memorization,-14,-6,5,0.0006289695156738162,0.0005032787448726594,0.0011791589204221964,False
mlp,memorization,-14,-5,5,0.0008119613048620522,0.0007206092122942209,0.0011952586937695742,False
mlp,memorization,-14,-4,5,0.0006761477561667562,0.00048451515613123775,0.0010741348378360271,False
mlp,memorization,-14,-3,5,0.0006974877906031907,0.0006026054616086185,0.0008209315128624439,False
mlp,memorization,-14,-2,5,0.0007638715906068683,0.0005535559612326324,0.0008478465024381876,False
mlp,memorization,-14,-1,5,0.0006433594389818609,0.0005066771991550922,0.0008164393366314471,False
mlp,memorization,-14,0,5,0.006042549852281809,0.0026643769815564156,0.007925983518362045,False
mlp,memorization,-14,1,5,0.0006291668396443129,0.0004876421589870006,0.0006709668668918312,False
mlp,memorization,-14,2,5,0.000726303260307759,0.0006182887009344995,0.0007579411030746996,False
mlp,memorization,-14,3,5,0.0007161445100791752,0.0005940378177911043,0.0008828731370158494,False
mlp,memorization,-14,4,5,0.0007127822609618306,0.00047602676204405725,0.0007587907603010535,False
mlp,memorization,-14,5,5,0.000757165253162384,0.0005808664718642831,0.0009227455011568964,False
mlp,memorization,-14,6,5,0.0006983066559769213,0.00039913124055601656,0.0009686931152828038,False
mlp,memorization,-14,7,5,0.0006460565491579473,0.0005760032800026238,0.0007917931652627885,False
mlp,memorization,-14,8,5,0.0007493905141018331,0.0006546279764734209,0.000823451264295727,False
mlp,memorization,-14,9,5,0.0008553987718187273,0.0005417410284280777,0.0010709171183407307,False
mlp,memorization,-14,10,5,0.0005703147617168725,0.0004445789090823382,0.000740840274374932,False
mlp,memorization,-14,11,5,0.0006795850931666791,0.0005868023145012558,0.000898928614333272,False
mlp,memorization,-14,12,5,0.0007849190733395517,0.0006496736314147711,0.00108040077611804,False
mlp,memorization,-14,13,5,0.0007061985670588911,0.0006523638148792088,0.0007970050792209804,False
mlp,memorization,-14,14,5,0.0011875111376866698,0.0007207177113741636,0.0016194988274946809,False
mlp,memorization,-14,15,5,0.0006125998334027827,0.0003469287767075002,0.0008694392745383084,False
mlp,memorization,-13,-15,5,0.0006896863342262805,0.0005988608463667333,0.0007745062466710806,False
mlp,memorization,-13,-14,5,0.0005412715254351497,0.0003579792974051088,0.0007552340975962579,False
mlp,memorization,-13,-13,5,0.002375916577875614,0.0016490863636136055,0.0032337303273379803,True
mlp,memorization,-13,-12,5,0.0007877698517404497,0.0006671379087492824,0.0008207474020309746,False
mlp,memorization,-13,-11,5,0.0006272459868341684,0.0005790610448457301,0.001027802936732769,False
mlp,memorization,-13,-10,5,0.0007381600444205105,0.0005538805853575468,0.0009856445249170065,False
mlp,memorization,-13,-9,5,0.0006641154759563506,0.0004659963306039572,0.0009113760897889733,False
mlp,memorization,-13,-8,5,0.0007862627971917391,0.0005066374433226883,0.0009810825577005744,False
mlp,memorization,-13,-7,5,0.0007364319753833115,0.0005228203372098505,0.0007793253171257675,False
mlp,memorization,-13,-6,5,0.0006360194529406726,0.00047447317047044635,0.000783334078732878,False
mlp,memorization,-13,-5,5,0.0005557563272304833,0.0005155371618457139,0.0006761234835721552,False
mlp,memorization,-13,-4,5,0.0006970547256059945,0.0003599845222197473,0.0010097582126036286,False
mlp,memorization,-13,-3,5,0.0007611283799633384,0.0006017275154590607,0.0008077526581473649,False
mlp,memorization,-13,-2,5,0.000722709228284657,0.000610336079262197,0.0008359723724424839,False
mlp,memorization,-13,-1,5,0.0005624542245641351,0.0005217899451963603,0.0009497725986875594,False
mlp,memorization,-13,0,5,0.005046123638749123,0.00415130564942956,0.005548262037336826,False
mlp,memorization,-13,1,5,0.000666096166241914,0.0005114490049891174,0.000725945399608463,False
mlp,memorization,-13,2,5,0.0006772414199076593,0.0006061012391000986,0.0009194915182888508,False
mlp,memorization,-13,3,5,0.000606439309194684,0.0005198486614972353,0.0010442397324368358,False
mlp,memorization,-13,4,5,0.0007044939557090402,0.0005825045518577099,0.0009987549856305122,False
mlp,memorization,-13,5,5,0.0006407665205188096,0.00045088271144777536,0.0006997939781285822,False
mlp,memorization,-13,6,5,0.0005814015166833997,0.0003923485928680748,0.0008139482815749943,False
mlp,memorization,-13,7,5,0.0006118621095083654,0.0003775901277549565,0.0009336264920420945,False
mlp,memorization,-13,8,5,0.0006427288171835244,0.0004982408136129379,0.0008262490737251937,False
mlp,memorization,-13,9,5,0.000692902656737715,0.0005734855076298118,0.0007106260163709521,False
mlp,memorization,-13,10,5,0.0007315814145840704,0.0005622720927931368,0.0009733531042002141,False
mlp,memorization,-13,11,5,0.0006288538570515811,0.0005572832305915654,0.0008010885794647038,False
mlp,memorization,-13,12,5,0.0006326995207928121,0.00045562299783341587,0.0008671291288919747,False
mlp,memorization,-13,13,5,0.000988537329249084,0.0005648526712320745,0.001252003014087677,False
mlp,memorization,-13,14,5,0.0006377139361575246,0.00048121289000846446,0.0010205599246546626,False
mlp,memorization,-13,15,5,0.0006891403463669121,0.0004831313854083419,0.0010715643875300884,False
mlp,memorization,-12,-15,5,0.0006264810217544436,0.0005706425872631371,0.0009924789192155004,False
mlp,memorization,-12,-14,5,0.0007841050974093378,0.0004720119759440422,0.0008692867122590542,False
mlp,memorization,-12,-13,5,0.0007610508473590016,0.0005524588050320745,0.0008701149490661919,False
mlp,memorization,-12,-12,5,0.0022595033515244722,0.002096709329634905,0.0037914470303803682,True
mlp,memorization,-12,-11,5,0.0007883289363235235,0.0006622351356782019,0.0008679162128828466,False
mlp,memorization,-12,-10,5,0.0005958834080956876,0.0003951956459786743,0.0009475202532485127,False
mlp,memorization,-12,-9,5,0.000678116106428206,0.0005304866353981197,0.0009177825995720923,False
mlp,memorization,-12,-8,5,0.0007719819550402462,0.0005395838525146246,0.0009559193858876824,False
mlp,memorization,-12,-7,5,0.0006460198783315718,0.00045301957288756967,0.0009046742925420403,False
mlp,memorization,-12,-6,5,0.0006541257607750595,0.00039586288039572537,0.0010396996513009071,False
mlp,memorization,-12,-5,5,0.0007529318099841475,0.000639297824818641,0.001297350157983601,False
mlp,memorization,-12,-4,5,0.0005324326921254396,0.0005183543544262648,0.0009003198938444257,False
mlp,memorization,-12,-3,5,0.0006560538895428181,0.00048761320067569613,0.0007162294932641089,False
mlp,memorization,-12,-2,5,0.0005735550075769424,0.00043193218880333006,0.0011316423770040274,False
mlp,memorization,-12,-1,5,0.0006491168169304729,0.00036742500378750265,0.0009488280629739165,False
mlp,memorization,-12,0,5,0.005335706751793623,0.004267336335033178,0.007102259900420904,False
mlp,memorization,-12,1,5,0.0005235056160017848,0.00040657687350176275,0.0007732347585260868,False
mlp,memorization,-12,2,5,0.0006487194914370775,0.0004038962069898844,0.0008210057276301086,False
mlp,memorization,-12,3,5,0.0005390149890445173,0.0004760553711093962,0.0008319159387610853,False
mlp,memorization,-12,4,5,0.0006461734883487225,0.0005622922908514738,0.000881530693732202,False
mlp,memorization,-12,5,5,0.0007792084943503141,0.0004630381881725043,0.0009854334639385343,False
mlp,memorization,-12,6,5,0.0006058771978132427,0.0005645463825203478,0.0008309475379064679,False
mlp,memorization,-12,7,5,0.0006689339643344283,0.0005353594315238297,0.0006970224785618484,False
mlp,memorization,-12,8,5,0.0009062493918463588,0.00047665851889178157,0.001044715754687786,False
mlp,memorization,-12,9,5,0.0007063289522193372,0.0004695859970524907,0.0009012717055156827,False
mlp,memorization,-12,10,5,0.0005123069859109819,0.00026690642698667943,0.0008687875815667212,False
mlp,memorization,-12,11,5,0.0006343480781652033,0.00037585728568956256,0.0008952362695708871,False
mlp,memorization,-12,12,5,0.0012238265480846167,0.0007455611485056579,0.0015002572908997536,False
mlp,memorization,-12,13,5,0.0007333621615543962,0.0005952354986220598,0.0008123519364744425,False
mlp,memorization,-12,14,5,0.0006805386510677636,0.0005663865013048053,0.0008388255373574793,False
mlp,memorization,-12,15,5,0.0007423344068229198,0.0005141966976225376,0.0007747861091047525,False
mlp,memorization,-11,-15,5,0.0006428788765333593,0.0006018175627104938,0.0009680174989625812,False
mlp,memorization,-11,-14,5,0.0007621352560818195,0.0005176641861908138,0.0008638190920464694,False
mlp,memorization,-11,-13,5,0.0006006659241393209,0.0005034517962485552,0.0006270487792789936,False
mlp,memorization,-11,-12,5,0.0007819643942639232,0.0004759436706081033,0.0008031204924918711,False
mlp,memorization,-11,-11,5,0.0019148249411955476,0.0011971985222771764,0.0036072477232664824,True
mlp,memorization,-11,-10,5,0.0005011733737774193,0.00033486183383502066,0.000841128989122808,False
mlp,memorization,-11,-9,5,0.0005819622310809791,0.000540252192877233,0.0006643385859206319,False
mlp,memorization,-11,-8,5,0.0006065095076337457,0.00042930516065098345,0.0007248803740367293,False
mlp,memorization,-11,-7,5,0.000588001508731395,0.00041865065577439964,0.0009442645823583007,False
mlp,memorization,-11,-6,5,0.0006442870362661779,0.0003240348887629807,0.0007435873849317431,False
mlp,memorization,-11,-5,5,0.000786024087574333,0.00033937132684513927,0.0008485207799822092,False
mlp,memorization,-11,-4,5,0.000527604075614363,0.0003620553179644048,0.0006975888973101974,False
mlp,memorization,-11,-3,5,0.0005774539895355701,0.0004683749284595251,0.0009493242832832038,False
mlp,memorization,-11,-2,5,0.0007389538805000484,0.0005221414030529559,0.00097367336275056,False
mlp,memorization,-11,-1,5,0.0005027618608437479,0.0004547409771475941,0.0006987645756453276,False
mlp,memorization,-11,0,5,0.004459538962692022,0.004053153563290834,0.005503490101546049,False
mlp,memorization,-11,1,5,0.0004854417347814888,0.0003959685273002833,0.0007931671570986509,False
mlp,memorization,-11,2,5,0.0006849397323094308,0.0005852169124409556,0.0007502475054934621,False
mlp,memorization,-11,3,5,0.0006020925939083099,0.0005273885908536613,0.0008428823784925044,False
mlp,memorization,-11,4,5,0.0005122729344293475,0.000504460942465812,0.0007750096265226603,False
mlp,memorization,-11,5,5,0.0007865676307119429,0.0005050631589256227,0.0010889186523854733,False
mlp,memorization,-11,6,5,0.0006335425423458219,0.0004779269511345774,0.000779978814534843,False
mlp,memorization,-11,7,5,0.0005194781115278602,0.00036388702574186027,0.0009586625965312123,False
mlp,memorization,-11,8,5,0.0005901650292798877,0.00046808135812170804,0.0009136738372035325,False
mlp,memorization,-11,9,5,0.0005949031328782439,0.0003631229919847101,0.0007227339665405452,False
mlp,memorization,-11,10,5,0.0005847883876413107,0.00036222487688064575,0.0007417204324156046,False
mlp,memorization,-11,11,5,0.00083784235175699,0.0005802176310680807,0.0012214691378176212,False
mlp,memorization,-11,12,5,0.0007382072508335114,0.0005869516753591597,0.0009202822693623602,False
mlp,memorization,-11,13,5,0.0005456461221911013,0.00039131761877797544,0.0006728354492224753,False
mlp,memorization,-11,14,5,0.0006241704686544836,0.0005512865609489381,0.0008689264650456607,False
mlp,memorization,-11,15,5,0.0005763453664258122,0.0005152079975232482,0.0012403962900862098,False
mlp,memorization,-10,-15,5,0.0006555244326591492,0.0005170903750695288,0.0007411498809233308,False
mlp,memorization,-10,-14,5,0.0005702425842173398,0.0004720954748336226,0.0007320098229683936,False
mlp,memorization,-10,-13,5,0.0007039321353659034,0.0005982465227134526,0.0009560579783283174,False
mlp,memorization,-10,-12,5,0.0007767740753479302,0.0005653147236444056,0.0008179106516763568,False
mlp,memorization,-10,-11,5,0.0007862825877964497,0.0005752717261202633,0.0010644211433827877,False
mlp,memorization,-10,-10,5,0.002766246674582362,0.0014642402529716492,0.003788108704611659,True
mlp,memorization,-10,-9,5,0.0006135280127637088,0.0004984081606380641,0.0007488890551030636,False
mlp,memorization,-10,-8,5,0.0008174445247277617,0.0005802782834507525,0.0012220513308420777,False
mlp,memorization,-10,-7,5,0.0007114860927686095,0.00044509582221508026,0.0007706781034357846,False
mlp,memorization,-10,-6,5,0.0006918477010913193,0.0004471978754736483,0.0011498063104227185,False
mlp,memorization,-10,-5,5,0.0007023784564808011,0.000517092295922339,0.0007996142376214266,False
mlp,memorization,-10,-4,5,0.0006014422397129238,0.00043071896652691066,0.0007412336417473853,False
mlp,memorization,-10,-3,5,0.0007369167287833989,0.0004016388556919992,0.0008213172550313175,False
mlp,memorization,-10,-2,5,0.0006961761391721666,0.00048723473446443677,0.0009881150908768177,False
mlp,memorization,-10,-1,5,0.0007626362494193017,0.0003731188189703971,0.0010714789386838675,False
mlp,memorization,-10,0,5,0.0051231347024440765,0.0037462355103343725,0.0058814287185668945,False
mlp,memorization,-10,1,5,0.0007820294704288244,0.0005594988469965756,0.0008099270053207874,False
mlp,memorization,-10,2,5,0.0005117561668157578,0.00044098737998865545,0.0005948742036707699,False
mlp,memorization,-10,3,5,0.0007022927165962756,0.0006049603689461946,0.0007566859130747616,False
mlp,memorization,-10,4,5,0.0006937462603673339,0.000553042278625071,0.0009857511613518,False
mlp,memorization,-10,5,5,0.0007370692328549922,0.0005089024780318141,0.0009140612091869116,False
mlp,memorization,-10,6,5,0.0006776304799132049,0.000496838241815567,0.0008999367710202932,False
mlp,memorization,-10,7,5,0.0006185611127875745,0.00043321383418515325,0.0008889135788194835,False
mlp,memorization,-10,8,5,0.0007109710713848472,0.0006018251879140735,0.0011726579396054149,False
mlp,memorization,-10,9,5,0.0007111578597687185,0.0005878292722627521,0.0008588124183006585,False
mlp,memorization,-10,10,5,0.0012394131626933813,0.0007662338321097195,0.001650061341933906,False
mlp,memorization,-10,11,5,0.000689377193339169,0.0006700618541799486,0.0007785861380398273,False
mlp,memorization,-10,12,5,0.0008385855471715331,0.0006483663455583155,0.0009905099868774414,False
mlp,memorization,-10,13,5,0.000685051316395402,0.0006150815170258284,0.0010048163821920753,False
mlp,memorization,-10,14,5,0.0006660057697445154,0.0004948718124069273,0.0007807512884028256,False
mlp,memorization,-10,15,5,0.0007357829017564654,0.0004660907725337893,0.0009062219760380685,False
mlp,memorization,-9,-15,5,0.0006677203346043825,0.000513173290528357,0.0008663855842314661,False
mlp,memorization,-9,-14,5,0.0005881044780835509,0.0003767193993553519,0.0010099761420860887,False
mlp,memorization,-9,-13,5,0.0008382337400689721,0.00045063014840707183,0.0009468513890169561,False
mlp,memorization,-9,-12,5,0.0006359730032272637,0.0005485825822688639,0.000837851082906127,False
mlp,memorization,-9,-11,5,0.0005730483680963516,0.0004442156932782382,0.0009984257631003857,False
mlp,memorization,-9,-10,5,0.000627861765678972,0.0004660841077566147,0.0008730169502086937,False
mlp,memorization,-9,-9,5,0.0018237452022731304,0.0012837446993216872,0.0033386494033038616,True
mlp,memorization,-9,-8,5,0.0005232689436525106,0.00039924055454321206,0.0006377812824212015,False
mlp,memorization,-9,-7,5,0.0005411417805589736,0.00037952844286337495,0.0006318950327113271,False
mlp,memorization,-9,-6,5,0.0005465930444188416,0.0004974986077286303,0.0007294539245776832,False
mlp,memorization,-9,-5,5,0.0007082467782311141,0.0006584128132089972,0.0009670030558481812,False
mlp,memorization,-9,-4,5,0.000578030536416918,0.0004595607169903815,0.0006602507783100009,False
mlp,memorization,-9,-3,5,0.0007033386500552297,0.0005540823331102729,0.0008785987156443298,False
mlp,memorization,-9,-2,5,0.0006170527194626629,0.0005167273338884115,0.0007573694456368685,False
mlp,memorization,-9,-1,5,0.0006916841375641525,0.0004167210718151182,0.0008021746180020273,False
mlp,memorization,-9,0,5,0.00601910101249814,0.003785794135183096,0.006558684632182121,False
mlp,memorization,-9,1,5,0.0005014649941585958,0.00038996885996311903,0.0010780441807582974,False
mlp,memorization,-9,2,5,0.0005838253418914974,0.0004383905907161534,0.0007781877648085356,False
mlp,memorization,-9,3,5,0.0007093382882885635,0.000513991282787174,0.0011008970905095339,False
mlp,memorization,-9,4,5,0.0005583007587119937,0.0003963260678574443,0.0007316843257285655,False
mlp,memorization,-9,5,5,0.0007566730491816998,0.0005545002059079707,0.0009675325127318501,False
mlp,memorization,-9,6,5,0.0006098846788518131,0.0005013939808122814,0.00071926653617993,False
mlp,memorization,-9,7,5,0.0005660923779942095,0.0004659084661398083,0.0006499026203528047,False
mlp,memorization,-9,8,5,0.0005648607038892806,0.00032460197689943016,0.0008179306169040501,False
mlp,memorization,-9,9,5,0.0006928178481757641,0.0005651056417264044,0.0013401589822024107,False
mlp,memorization,-9,10,5,0.0005707783275283873,0.000374182709492743,0.0008560118149034679,False
mlp,memorization,-9,11,5,0.0005959967966191471,0.0005773490993306041,0.0007516860496252775,False
mlp,memorization,-9,12,5,0.0007671521743759513,0.0005999507266096771,0.0008239821763709188,False
mlp,memorization,-9,13,5,0.0006790549377910793,0.0006043394096195698,0.0007823319756425917,False
mlp,memorization,-9,14,5,0.0006770084728486836,0.0002635888522490859,0.0007335177506320179,False
mlp,memorization,-9,15,5,0.0006772997439838946,0.0006428072811104357,0.0007428078097291291,False
mlp,memorization,-8,-15,5,0.00069549644831568,0.0005294269067235291,0.0009523261105641723,False
mlp,memorization,-8,-14,5,0.0006021336885169148,0.0004447982064448297,0.0007043605437502265,False
mlp,memorization,-8,-13,5,0.0007194244535639882,0.0007160046952776611,0.0011019466910511255,False
mlp,memorization,-8,-12,5,0.0006568933022208512,0.0006188370753079653,0.0008600641740486026,False
mlp,memorization,-8,-11,5,0.0005988405318930745,0.0005044054123573005,0.000889887916855514,False
mlp,memorization,-8,-10,5,0.0005708610988222063,0.00044708242057822645,0.0011056445073336363,False
mlp,memorization,-8,-9,5,0.0006048757350072265,0.0004783213371410966,0.0007758404826745391,False
mlp,memorization,-8,-8,5,0.002760476665571332,0.002245604060590267,0.004010349046438932,True
mlp,memorization,-8,-7,5,0.000596883415710181,0.0005398208741098642,0.0007839860045351088,False
mlp,memorization,-8,-6,5,0.0007327155908569694,0.0005433725309558213,0.0014082645066082478,False
mlp,memorization,-8,-5,5,0.0007678078836761415,0.0004122904210817069,0.0009123730123974383,False
mlp,memorization,-8,-4,5,0.0006875689141452312,0.0005438111256808043,0.0009474637918174267,False
mlp,memorization,-8,-3,5,0.0008239177404902875,0.0005773398443125188,0.0009294376359321177,False
mlp,memorization,-8,-2,5,0.0006943835178390145,0.00045640478492714465,0.0008827042765915394,False
mlp,memorization,-8,-1,5,0.000713525980245322,0.0005563486483879387,0.0008241260657086968,False
mlp,memorization,-8,0,5,0.0054124766029417515,0.004186464473605156,0.00893561914563179,False
mlp,memorization,-8,1,5,0.0006478760042227805,0.00048109437921084464,0.0008678588783368468,False
mlp,memorization,-8,2,5,0.0006272161845117807,0.0005328097613528371,0.0007281409343704581,False
mlp,memorization,-8,3,5,0.0006893947720527649,0.0005658412119373679,0.0009706730488687754,False
mlp,memorization,-8,4,5,0.0006512380787171423,0.0004350320086814463,0.0008350522839464247,False
mlp,memorization,-8,5,5,0.00045950288767926395,0.0004312977544032037,0.0006548710516653955,False
mlp,memorization,-8,6,5,0.0006883511086925864,0.00048667355440557003,0.0009365435689687729,False
mlp,memorization,-8,7,5,0.000682707701344043,0.00047484299284406006,0.0010626616422086954,False
mlp,memorization,-8,8,5,0.001247668988071382,0.0008629421354271472,0.0019677116069942713,False
mlp,memorization,-8,9,5,0.0006696979980915785,0.00043299977551214397,0.0009123390191234648,False
mlp,memorization,-8,10,5,0.000654771865811199,0.0004638834507204592,0.0007354356348514557,False
mlp,memorization,-8,11,5,0.0006658440688624978,0.0006032378296367824,0.0008941070409491658,False
mlp,memorization,-8,12,5,0.0005601327866315842,0.0005271902191452682,0.001000946736894548,False
mlp,memorization,-8,13,5,0.0006530898972414434,0.0005280424375087023,0.0007504127570427954,False
mlp,memorization,-8,14,5,0.0006799133261665702,0.0005167898489162326,0.0008570219506509602,False
mlp,memorization,-8,15,5,0.0007820395985618234,0.0003771063929889351,0.0009507033391855657,False
mlp,memorization,-7,-15,5,0.0006909336661919951,0.00023649557260796428,0.000944012776017189,False
mlp,memorization,-7,-14,5,0.0006913330871611834,0.0006180254276841879,0.0009681833325885236,False
mlp,memorization,-7,-13,5,0.0007863822393119335,0.0004950508591718972,0.0008393797907046974,False
mlp,memorization,-7,-12,5,0.0008247722871601582,0.0005470296600833535,0.001031753490678966,False
mlp,memorization,-7,-11,5,0.000822622561827302,0.0005623885663226247,0.000996336224488914,False
mlp,memorization,-7,-10,5,0.0006947601796127856,0.000472200132207945,0.0008895434439182281,False
mlp,memorization,-7,-9,5,0.0005967426113784313,0.0005795719916932285,0.0009451672085560858,False
mlp,memorization,-7,-8,5,0.0007542336825281382,0.0005729470285587013,0.0010613740887492895,False
mlp,memorization,-7,-7,5,0.0022127381525933743,0.0018287721322849393,0.0038262936286628246,True
mlp,memorization,-7,-6,5,0.0006631925934925675,0.0004020936612505466,0.0010147144785150886,False
mlp,memorization,-7,-5,5,0.0008182186866179109,0.0006175185553729534,0.0010085654212161899,False
mlp,memorization,-7,-4,5,0.0008849356090649962,0.0005211586249060929,0.0012129448587074876,False
mlp,memorization,-7,-3,5,0.0007833536947146058,0.0004626341979019344,0.00115068512968719,False
mlp,memorization,-7,-2,5,0.0007444539805874228,0.00037929651443846524,0.0008395648910664022,False
mlp,memorization,-7,-1,5,0.0006611600983887911,0.00044148313463665545,0.000915299984626472,False
mlp,memorization,-7,0,5,0.005000157747417688,0.00440210709348321,0.006391448900103569,False
mlp,memorization,-7,1,5,0.000589751813095063,0.00046872542588971555,0.0010147792054340243,False
mlp,memorization,-7,2,5,0.0008347486145794392,0.0006529598613269627,0.0009328922023996711,False
mlp,memorization,-7,3,5,0.0007826552609913051,0.0005958144320175052,0.000992973567917943,False
mlp,memorization,-7,4,5,0.0006546247168444097,0.0005238408339209855,0.0009752095211297274,False
mlp,memorization,-7,5,5,0.0009088660008274019,0.0005052643828094006,0.000915145908948034,False
mlp,memorization,-7,6,5,0.0005688999081030488,0.0003478977014310658,0.0008446447900496423,False
mlp,memorization,-7,7,5,0.0010661383857950568,0.0009637269540689886,0.0016132507007569075,False
mlp,memorization,-7,8,5,0.0007731114164926112,0.0005497235688380897,0.001311870408244431,False
mlp,memorization,-7,9,5,0.0005840734811499715,0.0004180872056167573,0.0008918640087358654,False
mlp,memorization,-7,10,5,0.0005897023365832865,0.0004528390127234161,0.0009401910356245935,False
mlp,memorization,-7,11,5,0.0008619453874416649,0.0007313260575756431,0.0010121370432898402,False
mlp,memorization,-7,12,5,0.000665352214127779,0.0006570812547579408,0.0009394807857461274,False
mlp,memorization,-7,13,5,0.000709156331140548,0.0005202842294238508,0.00108894775621593,False
mlp,memorization,-7,14,5,0.0007145983399823308,0.0005874347989447415,0.0008355585159733891,False
mlp,memorization,-7,15,5,0.0007641606498509645,0.0006292547914199531,0.0012694565812125802,False
mlp,memorization,-6,-15,5,0.00061192293651402,0.0004917686455883086,0.0008424329571425915,False
mlp,memorization,-6,-14,5,0.0005476157530210912,0.0003510831156745553,0.0006928470102138817,False
mlp,memorization,-6,-13,5,0.0006187238031998277,0.0005168859497644007,0.0006643697852268815,False
mlp,memorization,-6,-12,5,0.0007651641499251127,0.0004160562821198255,0.0008148823981173337,False
mlp,memorization,-6,-11,5,0.0006654984899796546,0.00042422933620400727,0.0007390871178358793,False
mlp,memorization,-6,-10,5,0.000541665474884212,0.0003832324000541121,0.0006660851649940014,False
mlp,memorization,-6,-9,5,0.0006072316900826991,0.00043167552212253213,0.0007283563609234989,False
mlp,memorization,-6,-8,5,0.0006427781190723181,0.0005525624146685004,0.0007516381447203457,False
mlp,memorization,-6,-7,5,0.0005572806112468243,0.0005144979222677648,0.0008769801934249699,False
mlp,memorization,-6,-6,5,0.001994731370359659,0.0015334581257775426,0.002277623163536191,True
mlp,memorization,-6,-5,5,0.0006026427145116031,0.0004795356362592429,0.0009670827421359718,False
mlp,memorization,-6,-4,5,0.0005386838456615806,0.0004052160948049277,0.0005587947089225054,False
mlp,memorization,-6,-3,5,0.0007083794334903359,0.00045574127580039203,0.0008912007324397564,False
mlp,memorization,-6,-2,5,0.0005408839206211269,0.0003810522612184286,0.0008731455309316516,False
mlp,memorization,-6,-1,5,0.0005939161637797952,0.0003206048859283328,0.000745824130717665,False
mlp,memorization,-6,0,5,0.0063322074711322784,0.004284391645342112,0.006633601617068052,False
mlp,memorization,-6,1,5,0.000609738111961633,0.0004971617017872632,0.000734412285964936,False
mlp,memorization,-6,2,5,0.0005872268811799586,0.00047310948139056563,0.0007247560424730182,False
mlp,memorization,-6,3,5,0.0007472665747627616,0.0004873704456258565,0.0009922486497089267,False
mlp,memorization,-6,4,5,0.00047530283336527646,0.00041879090713337064,0.0006006990442983806,False
mlp,memorization,-6,5,5,0.0006176189053803682,0.0005638506263494492,0.000978335039690137,False
mlp,memorization,-6,6,5,0.0009469357319176197,0.0007852292037568986,0.0014206849737092853,False
mlp,memorization,-6,7,5,0.0006325296708382666,0.00042994675459340215,0.0007113641477189958,False
mlp,memorization,-6,8,5,0.000600542698521167,0.00048609188525006175,0.0007359142764471471,False
mlp,memorization,-6,9,5,0.0006475881091319025,0.0006176752503961325,0.0006783606950193644,False
mlp,memorization,-6,10,5,0.0005223062471486628,0.0004117574717383832,0.0006181854987516999,False
mlp,memorization,-6,11,5,0.0007246598834171891,0.0005400102818384767,0.0007417713641189039,False
mlp,memorization,-6,12,5,0.0007073021261021495,0.0005403740215115249,0.0008673743577674031,False
mlp,memorization,-6,13,5,0.000581535859964788,0.0004497249028645456,0.0009236916084773839,False
mlp,memorization,-6,14,5,0.000573767174500972,0.0005480072577483952,0.0007959841168485582,False
mlp,memorization,-6,15,5,0.000500048859976232,0.00037067526136524975,0.001062435214407742,False
mlp,memorization,-5,-15,5,0.0006728612934239209,0.0006156913586892188,0.0007005668012425303,False
mlp,memorization,-5,-14,5,0.0007093975436873734,0.00046715946518816054,0.0009195585735142231,False
mlp,memorization,-5,-13,5,0.0007084401440806687,0.0005053005297668278,0.0007709069759584963,False
mlp,memorization,-5,-12,5,0.0006802454590797424,0.00047223581350408494,0.0009711763705126941,False
mlp,memorization,-5,-11,5,0.0007328977226279676,0.0006074327393434942,0.0009236134355887771,False
mlp,memorization,-5,-10,5,0.0006161126657389104,0.0005215964047238231,0.0007434986182488501,False
mlp,memorization,-5,-9,5,0.000687741267029196,0.0004599584499374032,0.0008125022286549211,False
mlp,memorization,-5,-8,5,0.0007819242891855538,0.0006090578972361982,0.000927755783777684,False
mlp,memorization,-5,-7,5,0.0006527863442897797,0.0004157551738899201,0.0007144282571971416,False
mlp,memorization,-5,-6,5,0.0006687204004265368,0.000582841516006738,0.0010155403288081288,False
mlp,memorization,-5,-5,5,0.0024621745105832815,0.0017713861307129264,0.0038669502828270197,True
mlp,memorization,-5,-4,5,0.0006450643995776772,0.0006030846270732582,0.0007939486531540751,False
mlp,memorization,-5,-3,5,0.0007466771057806909,0.00043868549983017147,0.00085784075781703,False
mlp,memorization,-5,-2,5,0.0007507041445933282,0.000513646227773279,0.0009665930410847068,False
mlp,memorization,-5,-1,5,0.0006120993057265878,0.0005499913822859526,0.0009269019938074052,False
mlp,memorization,-5,0,5,0.005735337268561125,0.004325673449784517,0.006592170801013708,False
mlp,memorization,-5,1,5,0.000588133349083364,0.0005397062050178647,0.0007618955569341779,False
mlp,memorization,-5,2,5,0.0005650731618516147,0.0005099117406643927,0.0007754588150419295,False
mlp,memorization,-5,3,5,0.0006880373111926019,0.0005458052619360387,0.0009758863016031682,False
mlp,memorization,-5,4,5,0.000651295471470803,0.0005070155020803213,0.000774217362049967,False
mlp,memorization,-5,5,5,0.0010875849984586239,0.0006320395041257143,0.0018075137631967664,False
mlp,memorization,-5,6,5,0.0006717587821185589,0.0006143547943793237,0.0009675509063526988,False
mlp,memorization,-5,7,5,0.0005331426509656012,0.0003880682052113116,0.0006472535897046328,False
mlp,memorization,-5,8,5,0.0007279584533534944,0.0005356131587177515,0.0008576259715482593,False
mlp,memorization,-5,9,5,0.0006819799891673028,0.0005527462344616652,0.0007832395494915545,False
mlp,memorization,-5,10,5,0.0006341871921904385,0.0004216365341562778,0.0007191422046162188,False
mlp,memorization,-5,11,5,0.000674593960866332,0.0005454669590108097,0.0008540574344806373,False
mlp,memorization,-5,12,5,0.0007453970029018819,0.0004705720057245344,0.0010552435414865613,False
mlp,memorization,-5,13,5,0.000603248190600425,0.0005653484840877354,0.0007655170047655702,False
mlp,memorization,-5,14,5,0.000689416250679642,0.0006321246037259698,0.001057964051142335,False
mlp,memorization,-5,15,5,0.000725150341168046,0.0006030232179909945,0.0008643293404020369,False
mlp,memorization,-4,-15,5,0.000574605306610465,0.00049910310190171,0.0008335498860105872,False
mlp,memorization,-4,-14,5,0.0005799526115879416,0.0004424606158863753,0.0010778916766867042,False
mlp,memorization,-4,-13,5,0.0006108015077188611,0.0005510777118615806,0.0007576901698485017,False
mlp,memorization,-4,-12,5,0.0007037739269435406,0.0005775518366135657,0.0009745975839905441,False
mlp,memorization,-4,-11,5,0.0005737155443057418,0.0003850693756248802,0.0009411450009793043,False
mlp,memorization,-4,-10,5,0.000571497599594295,0.0005238234880380332,0.0007220243569463491,False
mlp,memorization,-4,-9,5,0.0005848698783665895,0.00047702889423817396,0.0008145783212967217,False
mlp,memorization,-4,-8,5,0.0006835524109192193,0.0004913770244456828,0.0008054366917349398,False
mlp,memorization,-4,-7,5,0.0005867306026630104,0.0005193105898797512,0.0008335403399541974,False
mlp,memorization,-4,-6,5,0.000485851225676015,0.0004346142814029008,0.0007057563634589314,False
mlp,memorization,-4,-5,5,0.0008391577866859734,0.0006517349393106997,0.0009647861588746309,False
mlp,memorization,-4,-4,5,0.0018862492870539427,0.0011577948462218046,0.0028806892223656178,True
mlp,memorization,-4,-3,5,0.000602013140451163,0.0005296653835102916,0.0006583849899470806,False
mlp,memorization,-4,-2,5,0.0007621976546943188,0.0004375601129140705,0.0007826157379895449,False
mlp,memorization,-4,-1,5,0.0006271267775446177,0.00047417316818609834,0.0006633829325437546,False
mlp,memorization,-4,0,5,0.005811236333101988,0.004460557363927364,0.007419702131301165,False
mlp,memorization,-4,1,5,0.0006635757745243609,0.0005477649974636734,0.0009113776031881571,False
mlp,memorization,-4,2,5,0.0006811472121626139,0.00048594846157357097,0.0010497752809897065,False
mlp,memorization,-4,3,5,0.0005417563952505589,0.0004959882353432477,0.0007472626166418195,False
mlp,memorization,-4,4,5,0.0008842787938192487,0.0006034744437783957,0.0012873216765001416,False
mlp,memorization,-4,5,5,0.0007548955036327243,0.00053669378394261,0.0008169490611180663,False
mlp,memorization,-4,6,5,0.0005827846471220255,0.00044555391650646925,0.0007977031636983156,False
mlp,memorization,-4,7,5,0.000637873774394393,0.000515008985530585,0.0007354632834903896,False
mlp,memorization,-4,8,5,0.0005843721446581185,0.0005156130064278841,0.0006605575326830149,False
mlp,memorization,-4,9,5,0.0004985278937965631,0.0004273675149306655,0.0006510695675387979,False
mlp,memorization,-4,10,5,0.0004900174681097269,0.00047581378021277487,0.0005298743490129709,False
mlp,memorization,-4,11,5,0.0006458551506511867,0.0005841279053129256,0.0008003644761629403,False
mlp,memorization,-4,12,5,0.0005748735857196152,0.00039574396214447916,0.0008352770819328725,False
mlp,memorization,-4,13,5,0.0006048772484064102,0.0005281370249576867,0.0007272659568116069,False
mlp,memorization,-4,14,5,0.00048102691653184593,0.00040838588029146194,0.0009087183279916644,False
mlp,memorization,-4,15,5,0.0005094067309983075,0.0004510258149821311,0.0006605812814086676,False
mlp,memorization,-3,-15,5,0.0005726384115405381,0.0005164567264728248,0.0009025003528222442,False
mlp,memorization,-3,-14,5,0.0006727135041728616,0.00039430742617696524,0.0006766582373529673,False
mlp,memorization,-3,-13,5,0.0006576155428774655,0.0005060644471086562,0.0007460195338353515,False
mlp,memorization,-3,-12,5,0.000751303625293076,0.0005734847509302199,0.0012064522597938776,False
mlp,memorization,-3,-11,5,0.000508034834638238,0.00047864459338597953,0.0006676104967482388,False
mlp,memorization,-3,-10,5,0.0006333253113552928,0.000516776810400188,0.0008744245278649032,False
mlp,memorization,-3,-9,5,0.0005221113678999245,0.0004757593560498208,0.000710121588781476,False
mlp,memorization,-3,-8,5,0.0007047237595543265,0.0004821681068278849,0.0010100851068273187,False
mlp,memorization,-3,-7,5,0.000635876611340791,0.0005478207604028285,0.0006576714804396033,False
mlp,memorization,-3,-6,5,0.0007605082937516272,0.0005578818381763995,0.0008930519688874483,False
mlp,memorization,-3,-5,5,0.0006645260727964342,0.0006187946419231594,0.00085558055434376,False
mlp,memorization,-3,-4,5,0.0005961705464869738,0.00047149937017820776,0.0007321531302295625,False
mlp,memorization,-3,-3,5,0.0021403946448117495,0.0017614774405956268,0.003425648668780923,True
mlp,memorization,-3,-2,5,0.000621381972450763,0.000563443114515394,0.0009638188639655709,False
mlp,memorization,-3,-1,5,0.0006742539699189365,0.0005014705238863826,0.0008123886655084789,False
mlp,memorization,-3,0,5,0.005560162477195263,0.004117470234632492,0.007681174669414759,False
mlp,memorization,-3,1,5,0.0006370293558575213,0.0005444228299893439,0.0007929995772428811,False
mlp,memorization,-3,2,5,0.000539977103471756,0.0005115067469887435,0.0006771378102712333,False
mlp,memorization,-3,3,5,0.0009823944419622421,0.0007356220739893615,0.0016702031716704369,False
mlp,memorization,-3,4,5,0.0005745759699493647,0.0004015756130684167,0.001014127628877759,False
mlp,memorization,-3,5,5,0.000669108412694186,0.0005012582405470312,0.0007041344069875777,False
mlp,memorization,-3,6,5,0.0006516786525025964,0.00040708077722229064,0.0009055363480001688,False
mlp,memorization,-3,7,5,0.0006214405293576419,0.0005452491459436715,0.0010689550545066595,False
mlp,memorization,-3,8,5,0.0007480919011868536,0.0006884867907501757,0.0013353403192013502,False
mlp,memorization,-3,9,5,0.0006624140660278499,0.0004747566708829254,0.000895321078132838,False
mlp,memorization,-3,10,5,0.0005166749469935894,0.00036863514105789363,0.0007518992642872036,False
mlp,memorization,-3,11,5,0.0006643563974648714,0.0005228552618063986,0.0006767863524146378,False
mlp,memorization,-3,12,5,0.0006944878841750324,0.0004866580420639366,0.001044407021254301,False
mlp,memorization,-3,13,5,0.0007221749401651323,0.0004692407383117825,0.0007969200378283858,False
mlp,memorization,-3,14,5,0.0006449318607337773,0.0004448717227205634,0.0007604840211570263,False
mlp,memorization,-3,15,5,0.0006351076881401241,0.0005264680949039757,0.0008073565550148487,False
mlp,memorization,-2,-15,5,0.0007089879945851862,0.0004087355628143996,0.0008473164634779096,False
mlp,memorization,-2,-14,5,0.0006143413484096527,0.0005347970291040838,0.0008062022388912737,False
mlp,memorization,-2,-13,5,0.0007666100864298642,0.0005082546267658472,0.0007906355895102024,False
mlp,memorization,-2,-12,5,0.0006658074562437832,0.0005068859900347888,0.0007868431857787073,False
mlp,memorization,-2,-11,5,0.0007288067718036473,0.0004773061373271048,0.0010228047613054514,False
mlp,memorization,-2,-10,5,0.0006655471515841782,0.0004855831793975085,0.0007992407190613449,False
mlp,memorization,-2,-9,5,0.0005874951602891088,0.0005421566311269999,0.0008242055191658437,False
mlp,memorization,-2,-8,5,0.0006103330524638295,0.0003283350670244545,0.000893321237526834,False
mlp,memorization,-2,-7,5,0.0005762366927228868,0.0004571104364003986,0.0007676768000237644,False
mlp,memorization,-2,-6,5,0.0006280927918851376,0.0005393008468672633,0.0008225771598517895,False
mlp,memorization,-2,-5,5,0.0007131629390642047,0.0003802795836236328,0.0008286649826914072,False
mlp,memorization,-2,-4,5,0.0007219762774184346,0.0004886395181529224,0.0009251503506675363,False
mlp,memorization,-2,-3,5,0.0007263570441864431,0.0005549160414375365,0.0009653083980083466,False
mlp,memorization,-2,-2,5,0.0023751086555421352,0.0014803576050326228,0.004129788372665644,True
mlp,memorization,-2,-1,5,0.0006516011781059206,0.00041467329720035195,0.0008254157146438956,False
mlp,memorization,-2,0,5,0.005646413192152977,0.004807307384908199,0.007045197766274214,False
mlp,memorization,-2,1,5,0.0006128975073806942,0.000331181101500988,0.0007864181534387171,False
mlp,memorization,-2,2,5,0.0011716164881363511,0.00097651407122612,0.0012856392422690988,False
mlp,memorization,-2,3,5,0.0006245996919460595,0.0005204601329751313,0.0008716945885680616,False
mlp,memorization,-2,4,5,0.0006543300696648657,0.0004675818490795791,0.0006699818768538535,False
mlp,memorization,-2,5,5,0.0006401094142347574,0.0005440397071652114,0.001135950325988233,False
mlp,memorization,-2,6,5,0.0007379506714642048,0.00037164223613217473,0.0009004896273836493,False
mlp,memorization,-2,7,5,0.000506765500176698,0.0004784025368280709,0.0008460229146294296,False
mlp,memorization,-2,8,5,0.0005445841234177351,0.0004153084009885788,0.0007056602626107633,False
mlp,memorization,-2,9,5,0.0005801516235806048,0.0004956836928613484,0.0008632336976006627,False
mlp,memorization,-2,10,5,0.000673507631290704,0.0006212748121470213,0.0008305984665639699,False
mlp,memorization,-2,11,5,0.0005498024402186275,0.0004720039141830057,0.0009001334547065198,False
mlp,memorization,-2,12,5,0.0007093788008205593,0.0006668637506663799,0.0008818135829642415,False
mlp,memorization,-2,13,5,0.0006828856421634555,0.0004883185029029846,0.0007580433739349246,False
mlp,memorization,-2,14,5,0.0008091286290436983,0.0004423681821208447,0.0009221898508258164,False
mlp,memorization,-2,15,5,0.0007440482149831951,0.0006016043480485678,0.0010095160687342286,False
mlp,memorization,-1,-15,5,0.0007079137722030282,0.0005558918346650898,0.0009077885770238936,False
mlp,memorization,-1,-14,5,0.0005476808291859925,0.0004683247534558177,0.0009125740034505725,False
mlp,memorization,-1,-13,5,0.0006085551576688886,0.0005232820403762162,0.0007191785844042897,False
mlp,memorization,-1,-12,5,0.0006944734486751258,0.0006816766690462828,0.001301532262004912,False
mlp,memorization,-1,-11,5,0.000717323157005012,0.0005705830408260226,0.0008911219192668796,False
mlp,memorization,-1,-10,5,0.0005904148565605283,0.0004208216560073197,0.0007843568455427885,False
mlp,memorization,-1,-9,5,0.0006526769138872623,0.0004199034010525793,0.0010747495107352734,False
mlp,memorization,-1,-8,5,0.0007980118389241397,0.0003502030158415437,0.0009472341043874621,False
mlp,memorization,-1,-7,5,0.00046998111065477133,0.0003562550700735301,0.0005872800829820335,False
mlp,memorization,-1,-6,5,0.0006069645751267672,0.0005409505101852119,0.0008600433357059956,False
mlp,memorization,-1,-5,5,0.0006265717092901468,0.000546191178727895,0.0007348575163632631,False
mlp,memorization,-1,-4,5,0.0007230526534840465,0.0004578468797262758,0.0008762791403569281,False
mlp,memorization,-1,-3,5,0.0006149724940769374,0.00047062995145097375,0.0009852922521531582,False
mlp,memorization,-1,-2,5,0.0006498724105767906,0.0005432298639789224,0.0010167999425902963,False
mlp,memorization,-1,-1,5,0.0026336440350860357,0.0018103301990777254,0.003414908656850457,True
mlp,memorization,-1,0,5,0.005321307573467493,0.0035463226959109306,0.007079648785293102,False
mlp,memorization,-1,1,5,0.001279205083847046,0.0009974619606509805,0.001513622235506773,False
mlp,memorization,-1,2,5,0.0006602837820537388,0.0004480797506403178,0.0009346336591988802,False
mlp,memorization,-1,3,5,0.0005792517331428826,0.0004285872564651072,0.0009395544766448438,False
mlp,memorization,-1,4,5,0.0007118231733329594,0.0005133029189892113,0.0007781903259456158,False
mlp,memorization,-1,5,5,0.000778356974478811,0.000518806918989867,0.0010788383660838008,False
mlp,memorization,-1,6,5,0.0007360940217040479,0.0005942652351222932,0.0009452786180190742,False
mlp,memorization,-1,7,5,0.0005764862289652228,0.00032330051180906594,0.000737714406568557,False
mlp,memorization,-1,8,5,0.0008280370966531336,0.0007176565122790635,0.0009662751108407974,False
mlp,memorization,-1,9,5,0.000578197359573096,0.00043597607873380184,0.0008625240297988057,False
mlp,memorization,-1,10,5,0.00045913062058389187,0.0003413708182051778,0.0007967293495312333,False
mlp,memorization,-1,11,5,0.00076042435830459,0.0004071131406817585,0.0007994648185558617,False
mlp,memorization,-1,12,5,0.0007368093938566744,0.0006921333260834217,0.0010792464017868042,False
mlp,memorization,-1,13,5,0.0006062477477826178,0.0005630042287521064,0.0008140424033626914,False
mlp,memorization,-1,14,5,0.0006337661179713905,0.0005347653059288859,0.0007930758874863386,False
mlp,memorization,-1,15,5,0.0007062559016048908,0.0004961100639775395,0.0008343466324731708,False
mlp,memorization,0,-15,5,0.005600621458142996,0.004604630637913942,0.006801598705351353,False
mlp,memorization,0,-14,5,0.004924341570585966,0.0038566780276596546,0.005821450147777796,False
mlp,memorization,0,-13,5,0.004706403240561485,0.003051595762372017,0.0051812296733260155,False
mlp,memorization,0,-12,5,0.004899634514003992,0.003515128744766116,0.006059450563043356,False
mlp,memorization,0,-11,5,0.0057208240032196045,0.0043479809537529945,0.0072638229466974735,False
mlp,memorization,0,-10,5,0.005838033743202686,0.003186696907505393,0.006190917454659939,False
mlp,memorization,0,-9,5,0.005899938754737377,0.00409108679741621,0.00674044294282794,False
mlp,memorization,0,-8,5,0.006441024132072926,0.004725300241261721,0.00776229752227664,False
mlp,memorization,0,-7,5,0.005940408445894718,0.004791757557541132,0.007402005139738321,False
mlp,memorization,0,-6,5,0.0054686414077878,0.0037040431052446365,0.00592593802139163,False
mlp,memorization,0,-5,5,0.004989463370293379,0.004302606452256441,0.009062374010682106,False
mlp,memorization,0,-4,5,0.005978901404887438,0.004362506326287985,0.008968275971710682,False
mlp,memorization,0,-3,5,0.005004069302231073,0.004065621644258499,0.00660314504057169,False
mlp,memorization,0,-2,5,0.00621503870934248,0.004483711440116167,0.006925495341420174,False
mlp,memorization,0,-1,5,0.005258049815893173,0.003670799545943737,0.0059912665747106075,False
mlp,memorization,0,0,5,1.1105103382008652e-14,6.290966638816892e-15,1.9415657029711077e-14,False
mlp,memorization,0,1,5,0.005258049815893173,0.003670799545943737,0.0059912665747106075,False
mlp,memorization,0,2,5,0.00621503870934248,0.004483711440116167,0.006925495341420174,False
mlp,memorization,0,3,5,0.005004069302231073,0.004065621644258499,0.00660314504057169,False
mlp,memorization,0,4,5,0.005978901404887438,0.004362506326287985,0.008968275971710682,False
mlp,memorization,0,5,5,0.004989463370293379,0.004302606452256441,0.009062374010682106,False
mlp,memorization,0,6,5,0.0054686414077878,0.0037040431052446365,0.00592593802139163,False
mlp,memorization,0,7,5,0.005940408445894718,0.004791757557541132,0.007402005139738321,False
mlp,memorization,0,8,5,0.006441024132072926,0.004725300241261721,0.00776229752227664,False
mlp,memorization,0,9,5,0.005899938754737377,0.00409108679741621,0.00674044294282794,False
mlp,memorization,0,10,5,0.005838033743202686,0.003186696907505393,0.006190917454659939,False
mlp,memorization,0,11,5,0.0057208240032196045,0.0043479809537529945,0.0072638229466974735,False
mlp,memorization,0,12,5,0.004899634514003992,0.003515128744766116,0.006059450563043356,False
mlp,memorization,0,13,5,0.004706403240561485,0.003051595762372017,0.0051812296733260155,False
mlp,memorization,0,14,5,0.004924341570585966,0.0038566780276596546,0.005821450147777796,False
mlp,memorization,0,15,5,0.005600621458142996,0.004604630637913942,0.006801598705351353,False
mlp,memorization,1,-15,5,0.0007062559016048908,0.0004961100639775395,0.0008343466324731708,False
mlp,memorization,1,-14,5,0.0006337661179713905,0.0005347653059288859,0.0007930758874863386,False
mlp,memorization,1,-13,5,0.0006062477477826178,0.0005630042287521064,0.0008140424033626914,False
mlp,memorization,1,-12,5,0.0007368093938566744,0.0006921333260834217,0.0010792464017868042,False
mlp,memorization,1,-11,5,0.00076042435830459,0.0004071131406817585,0.0007994648185558617,False
mlp,memorization,1,-10,5,0.00045913062058389187,0.0003413708182051778,0.0007967293495312333,False
mlp,memorization,1,-9,5,0.000578197359573096,0.00043597607873380184,0.0008625240297988057,False
mlp,memorization,1,-8,5,0.0008280370966531336,0.0007176565122790635,0.0009662751108407974,False
mlp,memorization,1,-7,5,0.0005764862289652228,0.00032330051180906594,0.000737714406568557,False
mlp,memorization,1,-6,5,0.0007360940217040479,0.0005942652351222932,0.0009452786180190742,False
mlp,memorization,1,-5,5,0.000778356974478811,0.000518806918989867,0.0010788383660838008,False
mlp,memorization,1,-4,5,0.0007118231733329594,0.0005133029189892113,0.0007781903259456158,False
mlp,memorization,1,-3,5,0.0005792517331428826,0.0004285872564651072,0.0009395544766448438,False
mlp,memorization,1,-2,5,0.0006602837820537388,0.0004480797506403178,0.0009346336591988802,False
mlp,memorization,1,-1,5,0.001279205083847046,0.0009974619606509805,0.001513622235506773,False
mlp,memorization,1,0,5,0.005321307573467493,0.0035463226959109306,0.007079648785293102,False
mlp,memorization,1,1,5,0.0026336440350860357,0.0018103303154930472,0.003414908656850457,True
mlp,memorization,1,2,5,0.0006498724105767906,0.0005432298639789224,0.0010167999425902963,False
mlp,memorization,1,3,5,0.0006149724940769374,0.00047062995145097375,0.0009852922521531582,False
mlp,memorization,1,4,5,0.0007230526534840465,0.0004578468797262758,0.0008762791403569281,False
mlp,memorization,1,5,5,0.0006265717092901468,0.000546191178727895,0.0007348575163632631,False
mlp,memorization,1,6,5,0.0006069645751267672,0.0005409505101852119,0.0008600433357059956,False
mlp,memorization,1,7,5,0.00046998111065477133,0.0003562550700735301,0.0005872800829820335,False
mlp,memorization,1,8,5,0.0007980118389241397,0.0003502030158415437,0.0009472341043874621,False
mlp,memorization,1,9,5,0.0006526769138872623,0.0004199034010525793,0.0010747495107352734,False
mlp,memorization,1,10,5,0.0005904148565605283,0.0004208216560073197,0.0007843568455427885,False
mlp,memorization,1,11,5,0.000717323157005012,0.0005705830408260226,0.0008911219192668796,False
mlp,memorization,1,12,5,0.0006944734486751258,0.0006816766690462828,0.001301532262004912,False
mlp,memorization,1,13,5,0.0006085551576688886,0.0005232820403762162,0.0007191785844042897,False
mlp,memorization,1,14,5,0.0005476808291859925,0.0004683247534558177,0.0009125740034505725,False
mlp,memorization,1,15,5,0.0007079137722030282,0.0005558918346650898,0.0009077885770238936,False
mlp,memorization,2,-15,5,0.0007440482149831951,0.0006016043480485678,0.0010095160687342286,False
mlp,memorization,2,-14,5,0.0008091286290436983,0.0004423681821208447,0.0009221898508258164,False
mlp,memorization,2,-13,5,0.0006828856421634555,0.0004883185029029846,0.0007580433739349246,False
mlp,memorization,2,-12,5,0.0007093788008205593,0.0006668637506663799,0.0008818135829642415,False
mlp,memorization,2,-11,5,0.0005498024402186275,0.0004720039141830057,0.0009001334547065198,False
mlp,memorization,2,-10,5,0.000673507631290704,0.0006212748121470213,0.0008305984665639699,False
mlp,memorization,2,-9,5,0.0005801516235806048,0.0004956836928613484,0.0008632336976006627,False
mlp,memorization,2,-8,5,0.0005445841234177351,0.0004153084009885788,0.0007056602626107633,False
mlp,memorization,2,-7,5,0.000506765500176698,0.0004784025368280709,0.0008460229146294296,False
mlp,memorization,2,-6,5,0.0007379506714642048,0.00037164223613217473,0.0009004896273836493,False
mlp,memorization,2,-5,5,0.0006401094142347574,0.0005440397071652114,0.001135950325988233,False
mlp,memorization,2,-4,5,0.0006543300696648657,0.0004675818490795791,0.0006699818768538535,False
mlp,memorization,2,-3,5,0.0006245996919460595,0.0005204601329751313,0.0008716945885680616,False
mlp,memorization,2,-2,5,0.0011716164881363511,0.00097651407122612,0.0012856392422690988,False
mlp,memorization,2,-1,5,0.0006128975073806942,0.000331181101500988,0.0007864181534387171,False
mlp,memorization,2,0,5,0.005646413192152977,0.004807307384908199,0.007045197766274214,False
mlp,memorization,2,1,5,0.0006516011781059206,0.00041467329720035195,0.0008254157146438956,False
mlp,memorization,2,2,5,0.0023751086555421352,0.0014803576050326228,0.004129788372665644,True
mlp,memorization,2,3,5,0.0007263570441864431,0.0005549160414375365,0.0009653083980083466,False
mlp,memorization,2,4,5,0.0007219762774184346,0.0004886395181529224,0.0009251503506675363,False
mlp,memorization,2,5,5,0.0007131629390642047,0.0003802795836236328,0.0008286649826914072,False
mlp,memorization,2,6,5,0.0006280927918851376,0.0005393008468672633,0.0008225771598517895,False
mlp,memorization,2,7,5,0.0005762366927228868,0.0004571104364003986,0.0007676768000237644,False
mlp,memorization,2,8,5,0.0006103330524638295,0.0003283350670244545,0.000893321237526834,False
mlp,memorization,2,9,5,0.0005874951602891088,0.0005421566311269999,0.0008242055191658437,False
mlp,memorization,2,10,5,0.0006655471515841782,0.0004855831793975085,0.0007992407190613449,False
mlp,memorization,2,11,5,0.0007288067718036473,0.0004773061373271048,0.0010228047613054514,False
mlp,memorization,2,12,5,0.0006658074562437832,0.0005068859900347888,0.0007868431857787073,False
mlp,memorization,2,13,5,0.0007666100864298642,0.0005082546267658472,0.0007906355895102024,False
mlp,memorization,2,14,5,0.0006143413484096527,0.0005347970291040838,0.0008062022388912737,False
mlp,memorization,2,15,5,0.0007089879945851862,0.0004087355628143996,0.0008473164634779096,False
mlp,memorization,3,-15,5,0.0006351076881401241,0.0005264680949039757,0.0008073565550148487,False
mlp,memorization,3,-14,5,0.0006449318607337773,0.0004448717227205634,0.0007604840211570263,False
mlp,memorization,3,-13,5,0.0007221749401651323,0.0004692407383117825,0.0007969200378283858,False
mlp,memorization,3,-12,5,0.0006944878841750324,0.0004866580420639366,0.001044407021254301,False
mlp,memorization,3,-11,5,0.0006643563974648714,0.0005228552618063986,0.0006767863524146378,False
mlp,memorization,3,-10,5,0.0005166749469935894,0.00036863514105789363,0.0007518992642872036,False
mlp,memorization,3,-9,5,0.0006624140660278499,0.0004747566708829254,0.000895321078132838,False
mlp,memorization,3,-8,5,0.0007480919011868536,0.0006884867907501757,0.0013353403192013502,False
mlp,memorization,3,-7,5,0.0006214405293576419,0.0005452491459436715,0.0010689550545066595,False
mlp,memorization,3,-6,5,0.0006516786525025964,0.00040708077722229064,0.0009055363480001688,False
mlp,memorization,3,-5,5,0.000669108412694186,0.0005012582405470312,0.0007041344069875777,False
mlp,memorization,3,-4,5,0.0005745759699493647,0.0004015756130684167,0.001014127628877759,False
mlp,memorization,3,-3,5,0.0009823944419622421,0.0007356220739893615,0.0016702031716704369,False
mlp,memorization,3,-2,5,0.000539977103471756,0.0005115067469887435,0.0006771378102712333,False
mlp,memorization,3,-1,5,0.0006370293558575213,0.0005444228299893439,0.0007929995772428811,False
mlp,memorization,3,0,5,0.005560162477195263,0.004117470234632492,0.007681174669414759,False
mlp,memorization,3,1,5,0.0006742539699189365,0.0005014705238863826,0.0008123886655084789,False
mlp,memorization,3,2,5,0.000621381972450763,0.000563443114515394,0.0009638188639655709,False
mlp,memorization,3,3,5,0.0021403946448117495,0.0017614774405956268,0.003425648668780923,True
mlp,memorization,3,4,5,0.0005961705464869738,0.00047149937017820776,0.0007321531302295625,False
mlp,memorization,3,5,5,0.0006645260727964342,0.0006187946419231594,0.00085558055434376,False
mlp,memorization,3,6,5,0.0007605082937516272,0.0005578818381763995,0.0008930519688874483,False
mlp,memorization,3,7,5,0.000635876611340791,0.0005478207604028285,0.0006576714804396033,False
mlp,memorization,3,8,5,0.0007047237595543265,0.0004821681068278849,0.0010100851068273187,False
mlp,memorization,3,9,5,0.0005221113678999245,0.0004757593560498208,0.000710121588781476,False
mlp,memorization,3,10,5,0.0006333253113552928,0.000516776810400188,0.0008744245278649032,False
mlp,memorization,3,11,5,0.000508034834638238,0.00047864459338597953,0.0006676104967482388,False
mlp,memorization,3,12,5,0.000751303625293076,0.0005734847509302199,0.0012064522597938776,False
mlp,memorization,3,13,5,0.0006576155428774655,0.0005060644471086562,0.0007460195338353515,False
mlp,memorization,3,14,5,0.0006727135041728616,0.00039430742617696524,0.0006766582373529673,False
mlp,memorization,3,15,5,0.0005726384115405381,0.0005164567264728248,0.0009025003528222442,False
mlp,memorization,4,-15,5,0.0005094067309983075,0.0004510258149821311,0.0006605812814086676,False
mlp,memorization,4,-14,5,0.00048102691653184593,0.00040838588029146194,0.0009087183279916644,False
mlp,memorization,4,-13,5,0.0006048772484064102,0.0005281370249576867,0.0007272659568116069,False
mlp,memorization,4,-12,5,0.0005748735857196152,0.00039574396214447916,0.0008352770819328725,False
mlp,memorization,4,-11,5,0.0006458551506511867,0.0005841279053129256,0.0008003644761629403,False
mlp,memorization,4,-10,5,0.0004900174681097269,0.00047581378021277487,0.0005298743490129709,False
mlp,memorization,4,-9,5,0.0004985278937965631,0.0004273675149306655,0.0006510695675387979,False
mlp,memorization,4,-8,5,0.0005843721446581185,0.0005156130064278841,0.0006605575326830149,False
mlp,memorization,4,-7,5,0.000637873774394393,0.000515008985530585,0.0007354632834903896,False
mlp,memorization,4,-6,5,0.0005827846471220255,0.00044555391650646925,0.0007977031636983156,False
mlp,memorization,4,-5,5,0.0007548955036327243,0.00053669378394261,0.0008169490611180663,False
mlp,memorization,4,-4,5,0.0008842787938192487,0.0006034744437783957,0.0012873216765001416,False
mlp,memorization,4,-3,5,0.0005417563952505589,0.0004959882353432477,0.0007472626166418195,False
mlp,memorization,4,-2,5,0.0006811472121626139,0.00048594846157357097,0.0010497752809897065,False
mlp,memorization,4,-1,5,0.0006635757745243609,0.0005477649974636734,0.0009113776031881571,False
mlp,memorization,4,0,5,0.005811236333101988,0.004460557363927364,0.007419702131301165,False
mlp,memorization,4,1,5,0.0006271267775446177,0.00047417316818609834,0.0006633829325437546,False
mlp,memorization,4,2,5,0.0007621976546943188,0.0004375601129140705,0.0007826157379895449,False
mlp,memorization,4,3,5,0.000602013140451163,0.0005296653835102916,0.0006583849899470806,False
mlp,memorization,4,4,5,0.0018862492870539427,0.0011577948462218046,0.0028806892223656178,True
mlp,memorization,4,5,5,0.0008391577866859734,0.0006517349393106997,0.0009647861588746309,False
mlp,memorization,4,6,5,0.000485851225676015,0.0004346142814029008,0.0007057563634589314,False
mlp,memorization,4,7,5,0.0005867306026630104,0.0005193105898797512,0.0008335403399541974,False
mlp,memorization,4,8,5,0.0006835524109192193,0.0004913770244456828,0.0008054366917349398,False
mlp,memorization,4,9,5,0.0005848698783665895,0.00047702889423817396,0.0008145783212967217,False
mlp,memorization,4,10,5,0.000571497599594295,0.0005238234880380332,0.0007220243569463491,False
mlp,memorization,4,11,5,0.0005737155443057418,0.0003850693756248802,0.0009411450009793043,False
mlp,memorization,4,12,5,0.0007037739269435406,0.0005775518366135657,0.0009745975839905441,False
mlp,memorization,4,13,5,0.0006108015077188611,0.0005510777118615806,0.0007576901698485017,False
mlp,memorization,4,14,5,0.0005799526115879416,0.0004424606158863753,0.0010778916766867042,False
mlp,memorization,4,15,5,0.000574605306610465,0.00049910310190171,0.0008335498860105872,False
mlp,memorization,5,-15,5,0.000725150341168046,0.0006030232179909945,0.0008643293404020369,False
mlp,memorization,5,-14,5,0.000689416250679642,0.0006321246037259698,0.001057964051142335,False
mlp,memorization,5,-13,5,0.000603248190600425,0.0005653484840877354,0.0007655170047655702,False
mlp,memorization,5,-12,5,0.0007453970029018819,0.0004705720057245344,0.0010552435414865613,False
mlp,memorization,5,-11,5,0.000674593960866332,0.0005454669590108097,0.0008540574344806373,False
mlp,memorization,5,-10,5,0.0006341871921904385,0.0004216365341562778,0.0007191422046162188,False
mlp,memorization,5,-9,5,0.0006819799891673028,0.0005527462344616652,0.0007832395494915545,False
mlp,memorization,5,-8,5,0.0007279584533534944,0.0005356131587177515,0.0008576259715482593,False
mlp,memorization,5,-7,5,0.0005331426509656012,0.0003880682052113116,0.0006472535897046328,False
mlp,memorization,5,-6,5,0.0006717587821185589,0.0006143547943793237,0.0009675509063526988,False
mlp,memorization,5,-5,5,0.0010875849984586239,0.0006320395041257143,0.0018075137631967664,False
mlp,memorization,5,-4,5,0.000651295471470803,0.0005070155020803213,0.000774217362049967,False
mlp,memorization,5,-3,5,0.0006880373111926019,0.0005458052619360387,0.0009758863016031682,False
mlp,memorization,5,-2,5,0.0005650731618516147,0.0005099117406643927,0.0007754588150419295,False
mlp,memorization,5,-1,5,0.000588133349083364,0.0005397062050178647,0.0007618955569341779,False
mlp,memorization,5,0,5,0.005735337268561125,0.004325673449784517,0.006592170801013708,False
mlp,memorization,5,1,5,0.0006120993057265878,0.0005499913822859526,0.0009269019938074052,False
mlp,memorization,5,2,5,0.0007507041445933282,0.000513646227773279,0.0009665930410847068,False
mlp,memorization,5,3,5,0.0007466771057806909,0.00043868549983017147,0.00085784075781703,False
mlp,memorization,5,4,5,0.0006450643995776772,0.0006030846270732582,0.0007939486531540751,False
mlp,memorization,5,5,5,0.0024621745105832815,0.0017713861307129264,0.0038669502828270197,True
mlp,memorization,5,6,5,0.0006687204004265368,0.000582841516006738,0.0010155403288081288,False
mlp,memorization,5,7,5,0.0006527863442897797,0.0004157551738899201,0.0007144282571971416,False
mlp,memorization,5,8,5,0.0007819242891855538,0.0006090578972361982,0.000927755783777684,False
mlp,memorization,5,9,5,0.000687741267029196,0.0004599584499374032,0.0008125022286549211,False
mlp,memorization,5,10,5,0.0006161126657389104,0.0005215964047238231,0.0007434986182488501,False
mlp,memorization,5,11,5,0.0007328977226279676,0.0006074327393434942,0.0009236134355887771,False
mlp,memorization,5,12,5,0.0006802454590797424,0.00047223581350408494,0.0009711763705126941,False
mlp,memorization,5,13,5,0.0007084401440806687,0.0005053005297668278,0.0007709069759584963,False
mlp,memorization,5,14,5,0.0007093975436873734,0.00046715946518816054,0.0009195585735142231,False
mlp,memorization,5,15,5,0.0006728612934239209,0.0006156913586892188,0.0007005668012425303,False
mlp,memorization,6,-15,5,0.000500048859976232,0.00037067526136524975,0.001062435214407742,False
mlp,memorization,6,-14,5,0.000573767174500972,0.0005480072577483952,0.0007959841168485582,False
mlp,memorization,6,-13,5,0.000581535859964788,0.0004497249028645456,0.0009236916084773839,False
mlp,memorization,6,-12,5,0.0007073021261021495,0.0005403740215115249,0.0008673743577674031,False
mlp,memorization,6,-11,5,0.0007246598834171891,0.0005400102818384767,0.0007417713641189039,False
mlp,memorization,6,-10,5,0.0005223062471486628,0.0004117574717383832,0.0006181854987516999,False
mlp,memorization,6,-9,5,0.0006475881091319025,0.0006176752503961325,0.0006783606950193644,False
mlp,memorization,6,-8,5,0.000600542698521167,0.00048609188525006175,0.0007359142764471471,False
mlp,memorization,6,-7,5,0.0006325296708382666,0.00042994675459340215,0.0007113641477189958,False
mlp,memorization,6,-6,5,0.0009469357319176197,0.0007852292037568986,0.0014206849737092853,False
mlp,memorization,6,-5,5,0.0006176189053803682,0.0005638506263494492,0.000978335039690137,False
mlp,memorization,6,-4,5,0.00047530283336527646,0.00041879090713337064,0.0006006990442983806,False
mlp,memorization,6,-3,5,0.0007472665747627616,0.0004873704456258565,0.0009922486497089267,False
mlp,memorization,6,-2,5,0.0005872268811799586,0.00047310948139056563,0.0007247560424730182,False
mlp,memorization,6,-1,5,0.000609738111961633,0.0004971617017872632,0.000734412285964936,False
mlp,memorization,6,0,5,0.0063322074711322784,0.004284391645342112,0.006633601617068052,False
mlp,memorization,6,1,5,0.0005939161637797952,0.0003206048859283328,0.000745824130717665,False
mlp,memorization,6,2,5,0.0005408839206211269,0.0003810522612184286,0.0008731455309316516,False
mlp,memorization,6,3,5,0.0007083794334903359,0.00045574127580039203,0.0008912007324397564,False
mlp,memorization,6,4,5,0.0005386838456615806,0.0004052160948049277,0.0005587947089225054,False
mlp,memorization,6,5,5,0.0006026427145116031,0.0004795356362592429,0.0009670827421359718,False
mlp,memorization,6,6,5,0.001994731370359659,0.0015334581257775426,0.002277623163536191,True
mlp,memorization,6,7,5,0.0005572806112468243,0.0005144979222677648,0.0008769801934249699,False
mlp,memorization,6,8,5,0.0006427781190723181,0.0005525624146685004,0.0007516381447203457,False
mlp,memorization,6,9,5,0.0006072316900826991,0.00043167552212253213,0.0007283563609234989,False
mlp,memorization,6,10,5,0.000541665474884212,0.0003832324000541121,0.0006660851649940014,False
mlp,memorization,6,11,5,0.0006654984899796546,0.00042422933620400727,0.0007390871178358793,False
mlp,memorization,6,12,5,0.0007651641499251127,0.0004160562821198255,0.0008148823981173337,False
mlp,memorization,6,13,5,0.0006187238031998277,0.0005168859497644007,0.0006643697852268815,False
mlp,memorization,6,14,5,0.0005476157530210912,0.0003510831156745553,0.0006928470102138817,False
mlp,memorization,6,15,5,0.00061192293651402,0.0004917686455883086,0.0008424329571425915,False
mlp,memorization,7,-15,5,0.0007641606498509645,0.0006292547914199531,0.0012694565812125802,False
mlp,memorization,7,-14,5,0.0007145983399823308,0.0005874347989447415,0.0008355585159733891,False
mlp,memorization,7,-13,5,0.000709156331140548,0.0005202842294238508,0.00108894775621593,False
mlp,memorization,7,-12,5,0.000665352214127779,0.0006570812547579408,0.0009394807857461274,False
mlp,memorization,7,-11,5,0.0008619453874416649,0.0007313260575756431,0.0010121370432898402,False
mlp,memorization,7,-10,5,0.0005897023365832865,0.0004528390127234161,0.0009401910356245935,False
mlp,memorization,7,-9,5,0.0005840734811499715,0.0004180872056167573,0.0008918640087358654,False
mlp,memorization,7,-8,5,0.0007731114164926112,0.0005497235688380897,0.001311870408244431,False
mlp,memorization,7,-7,5,0.0010661383857950568,0.0009637269540689886,0.0016132507007569075,False
mlp,memorization,7,-6,5,0.0005688999081030488,0.0003478977014310658,0.0008446447900496423,False
mlp,memorization,7,-5,5,0.0009088660008274019,0.0005052643828094006,0.000915145908948034,False
mlp,memorization,7,-4,5,0.0006546247168444097,0.0005238408339209855,0.0009752095211297274,False
mlp,memorization,7,-3,5,0.0007826552609913051,0.0005958144320175052,0.000992973567917943,False
mlp,memorization,7,-2,5,0.0008347486145794392,0.0006529598613269627,0.0009328922023996711,False
mlp,memorization,7,-1,5,0.000589751813095063,0.00046872542588971555,0.0010147792054340243,False
mlp,memorization,7,0,5,0.005000157747417688,0.00440210709348321,0.006391448900103569,False
mlp,memorization,7,1,5,0.0006611600983887911,0.00044148313463665545,0.000915299984626472,False
mlp,memorization,7,2,5,0.0007444539805874228,0.00037929651443846524,0.0008395648910664022,False
mlp,memorization,7,3,5,0.0007833536947146058,0.0004626341979019344,0.00115068512968719,False
mlp,memorization,7,4,5,0.0008849356090649962,0.0005211586249060929,0.0012129448587074876,False
mlp,memorization,7,5,5,0.0008182186866179109,0.0006175185553729534,0.0010085654212161899,False
mlp,memorization,7,6,5,0.0006631925934925675,0.0004020936612505466,0.0010147144785150886,False
mlp,memorization,7,7,5,0.0022127381525933743,0.0018287721322849393,0.0038262936286628246,True
mlp,memorization,7,8,5,0.0007542336825281382,0.0005729470285587013,0.0010613740887492895,False
mlp,memorization,7,9,5,0.0005967426113784313,0.0005795719916932285,0.0009451672085560858,False
mlp,memorization,7,10,5,0.0006947601796127856,0.000472200132207945,0.0008895434439182281,False
mlp,memorization,7,11,5,0.000822622561827302,0.0005623885663226247,0.000996336224488914,False
mlp,memorization,7,12,5,0.0008247722871601582,0.0005470296600833535,0.001031753490678966,False
mlp,memorization,7,13,5,0.0007863822393119335,0.0004950508591718972,0.0008393797907046974,False
mlp,memorization,7,14,5,0.0006913330871611834,0.0006180254276841879,0.0009681833325885236,False
mlp,memorization,7,15,5,0.0006909336661919951,0.00023649557260796428,0.000944012776017189,False
mlp,memorization,8,-15,5,0.0007820395985618234,0.0003771063929889351,0.0009507033391855657,False
mlp,memorization,8,-14,5,0.0006799133261665702,0.0005167898489162326,0.0008570219506509602,False
mlp,memorization,8,-13,5,0.0006530898972414434,0.0005280424375087023,0.0007504127570427954,False
mlp,memorization,8,-12,5,0.0005601327866315842,0.0005271902191452682,0.001000946736894548,False
mlp,memorization,8,-11,5,0.0006658440688624978,0.0006032378296367824,0.0008941070409491658,False
mlp,memorization,8,-10,5,0.000654771865811199,0.0004638834507204592,0.0007354356348514557,False
mlp,memorization,8,-9,5,0.0006696979980915785,0.00043299977551214397,0.0009123390191234648,False
mlp,memorization,8,-8,5,0.001247668988071382,0.0008629421354271472,0.0019677116069942713,False
mlp,memorization,8,-7,5,0.000682707701344043,0.00047484299284406006,0.0010626616422086954,False
mlp,memorization,8,-6,5,0.0006883511086925864,0.00048667355440557003,0.0009365435689687729,False
mlp,memorization,8,-5,5,0.00045950288767926395,0.0004312977544032037,0.0006548710516653955,False
mlp,memorization,8,-4,5,0.0006512380787171423,0.0004350320086814463,0.0008350522839464247,False
mlp,memorization,8,-3,5,0.0006893947720527649,0.0005658412119373679,0.0009706730488687754,False
mlp,memorization,8,-2,5,0.0006272161845117807,0.0005328097613528371,0.0007281409343704581,False
mlp,memorization,8,-1,5,0.0006478760042227805,0.00048109437921084464,0.0008678588783368468,False
mlp,memorization,8,0,5,0.0054124766029417515,0.004186464473605156,0.00893561914563179,False
mlp,memorization,8,1,5,0.000713525980245322,0.0005563486483879387,0.0008241260657086968,False
mlp,memorization,8,2,5,0.0006943835178390145,0.00045640478492714465,0.0008827042765915394,False
mlp,memorization,8,3,5,0.0008239177404902875,0.0005773398443125188,0.0009294376359321177,False
mlp,memorization,8,4,5,0.0006875689141452312,0.0005438111256808043,0.0009474637918174267,False
mlp,memorization,8,5,5,0.0007678078836761415,0.0004122904210817069,0.0009123730123974383,False
mlp,memorization,8,6,5,0.0007327155908569694,0.0005433725309558213,0.0014082645066082478,False
mlp,memorization,8,7,5,0.000596883415710181,0.0005398208741098642,0.0007839860045351088,False
mlp,memorization,8,8,5,0.002760476665571332,0.002245604060590267,0.004010349046438932,True
mlp,memorization,8,9,5,0.0006048757350072265,0.0004783213371410966,0.0007758404826745391,False
mlp,memorization,8,10,5,0.0005708610988222063,0.00044708242057822645,0.0011056445073336363,False
mlp,memorization,8,11,5,0.0005988405318930745,0.0005044054123573005,0.000889887916855514,False
mlp,memorization,8,12,5,0.0006568933022208512,0.0006188370753079653,0.0008600641740486026,False
mlp,memorization,8,13,5,0.0007194244535639882,0.0007160046952776611,0.0011019466910511255,False
mlp,memorization,8,14,5,0.0006021336885169148,0.0004447982064448297,0.0007043605437502265,False
mlp,memorization,8,15,5,0.00069549644831568,0.0005294269067235291,0.0009523261105641723,False
mlp,memorization,9,-15,5,0.0006772997439838946,0.0006428072811104357,0.0007428078097291291,False
mlp,memorization,9,-14,5,0.0006770084728486836,0.0002635888522490859,0.0007335177506320179,False
mlp,memorization,9,-13,5,0.0006790549377910793,0.0006043394096195698,0.0007823319756425917,False
mlp,memorization,9,-12,5,0.0007671521743759513,0.0005999507266096771,0.0008239821763709188,False
mlp,memorization,9,-11,5,0.0005959967966191471,0.0005773490993306041,0.0007516860496252775,False
mlp,memorization,9,-10,5,0.0005707783275283873,0.000374182709492743,0.0008560118149034679,False
mlp,memorization,9,-9,5,0.0006928178481757641,0.0005651056417264044,0.0013401589822024107,False
mlp,memorization,9,-8,5,0.0005648607038892806,0.00032460197689943016,0.0008179306169040501,False
mlp,memorization,9,-7,5,0.0005660923779942095,0.0004659084661398083,0.0006499026203528047,False
mlp,memorization,9,-6,5,0.0006098846788518131,0.0005013939808122814,0.00071926653617993,False
mlp,memorization,9,-5,5,0.0007566730491816998,0.0005545002059079707,0.0009675325127318501,False
mlp,memorization,9,-4,5,0.0005583007587119937,0.0003963260678574443,0.0007316843257285655,False
mlp,memorization,9,-3,5,0.0007093382882885635,0.000513991282787174,0.0011008970905095339,False
mlp,memorization,9,-2,5,0.0005838253418914974,0.0004383905907161534,0.0007781877648085356,False
mlp,memorization,9,-1,5,0.0005014649941585958,0.00038996885996311903,0.0010780441807582974,False
mlp,memorization,9,0,5,0.00601910101249814,0.003785794135183096,0.006558684632182121,False
mlp,memorization,9,1,5,0.0006916841375641525,0.0004167210718151182,0.0008021746180020273,False
mlp,memorization,9,2,5,0.0006170527194626629,0.0005167273338884115,0.0007573694456368685,False
mlp,memorization,9,3,5,0.0007033386500552297,0.0005540823331102729,0.0008785987156443298,False
mlp,memorization,9,4,5,0.000578030536416918,0.0004595607169903815,0.0006602507783100009,False
mlp,memorization,9,5,5,0.0007082467782311141,0.0006584128132089972,0.0009670030558481812,False
mlp,memorization,9,6,5,0.0005465930444188416,0.0004974986077286303,0.0007294539245776832,False
mlp,memorization,9,7,5,0.0005411417805589736,0.00037952844286337495,0.0006318950327113271,False
mlp,memorization,9,8,5,0.0005232689436525106,0.00039924055454321206,0.0006377812824212015,False
mlp,memorization,9,9,5,0.0018237452022731304,0.0012837446993216872,0.0033386494033038616,True
mlp,memorization,9,10,5,0.000627861765678972,0.0004660841077566147,0.0008730169502086937,False
mlp,memorization,9,11,5,0.0005730483680963516,0.0004442156932782382,0.0009984257631003857,False
mlp,memorization,9,12,5,0.0006359730032272637,0.0005485825822688639,0.000837851082906127,False
mlp,memorization,9,13,5,0.0008382337400689721,0.00045063014840707183,0.0009468513890169561,False
mlp,memorization,9,14,5,0.0005881044780835509,0.0003767193993553519,0.0010099761420860887,False
mlp,memorization,9,15,5,0.0006677203346043825,0.000513173290528357,0.0008663855842314661,False
mlp,memorization,10,-15,5,0.0007357829017564654,0.0004660907725337893,0.0009062219760380685,False
mlp,memorization,10,-14,5,0.0006660057697445154,0.0004948718124069273,0.0007807512884028256,False
mlp,memorization,10,-13,5,0.000685051316395402,0.0006150815170258284,0.0010048163821920753,False
mlp,memorization,10,-12,5,0.0008385855471715331,0.0006483663455583155,0.0009905099868774414,False
mlp,memorization,10,-11,5,0.000689377193339169,0.0006700618541799486,0.0007785861380398273,False
mlp,memorization,10,-10,5,0.0012394131626933813,0.0007662338321097195,0.001650061341933906,False
mlp,memorization,10,-9,5,0.0007111578597687185,0.0005878292722627521,0.0008588124183006585,False
mlp,memorization,10,-8,5,0.0007109710713848472,0.0006018251879140735,0.0011726579396054149,False
mlp,memorization,10,-7,5,0.0006185611127875745,0.00043321383418515325,0.0008889135788194835,False
mlp,memorization,10,-6,5,0.0006776304799132049,0.000496838241815567,0.0008999367710202932,False
mlp,memorization,10,-5,5,0.0007370692328549922,0.0005089024780318141,0.0009140612091869116,False
mlp,memorization,10,-4,5,0.0006937462603673339,0.000553042278625071,0.0009857511613518,False
mlp,memorization,10,-3,5,0.0007022927165962756,0.0006049603689461946,0.0007566859130747616,False
mlp,memorization,10,-2,5,0.0005117561668157578,0.00044098737998865545,0.0005948742036707699,False
mlp,memorization,10,-1,5,0.0007820294704288244,0.0005594988469965756,0.0008099270053207874,False
mlp,memorization,10,0,5,0.0051231347024440765,0.0037462355103343725,0.0058814287185668945,False
mlp,memorization,10,1,5,0.0007626362494193017,0.0003731188189703971,0.0010714789386838675,False
mlp,memorization,10,2,5,0.0006961761391721666,0.00048723473446443677,0.0009881150908768177,False
mlp,memorization,10,3,5,0.0007369167287833989,0.0004016388556919992,0.0008213172550313175,False
mlp,memorization,10,4,5,0.0006014422397129238,0.00043071896652691066,0.0007412336417473853,False
mlp,memorization,10,5,5,0.0007023784564808011,0.000517092295922339,0.0007996142376214266,False
mlp,memorization,10,6,5,0.0006918477010913193,0.0004471978754736483,0.0011498063104227185,False
mlp,memorization,10,7,5,0.0007114860927686095,0.00044509582221508026,0.0007706781034357846,False
mlp,memorization,10,8,5,0.0008174445247277617,0.0005802782834507525,0.0012220513308420777,False
mlp,memorization,10,9,5,0.0006135280127637088,0.0004984081606380641,0.0007488890551030636,False
mlp,memorization,10,10,5,0.002766246674582362,0.0014642402529716492,0.003788108704611659,True
mlp,memorization,10,11,5,0.0007862825877964497,0.0005752717261202633,0.0010644211433827877,False
mlp,memorization,10,12,5,0.0007767740753479302,0.0005653147236444056,0.0008179106516763568,False
mlp,memorization,10,13,5,0.0007039321353659034,0.0005982465227134526,0.0009560579783283174,False
mlp,memorization,10,14,5,0.0005702425842173398,0.0004720954748336226,0.0007320098229683936,False
mlp,memorization,10,15,5,0.0006555244326591492,0.0005170903750695288,0.0007411498809233308,False
mlp,memorization,11,-15,5,0.0005763453664258122,0.0005152079975232482,0.0012403962900862098,False
mlp,memorization,11,-14,5,0.0006241704686544836,0.0005512865609489381,0.0008689264650456607,False
mlp,memorization,11,-13,5,0.0005456461221911013,0.00039131761877797544,0.0006728354492224753,False
mlp,memorization,11,-12,5,0.0007382072508335114,0.0005869516753591597,0.0009202822693623602,False
mlp,memorization,11,-11,5,0.00083784235175699,0.0005802176310680807,0.0012214691378176212,False
mlp,memorization,11,-10,5,0.0005847883876413107,0.00036222487688064575,0.0007417204324156046,False
mlp,memorization,11,-9,5,0.0005949031328782439,0.0003631229919847101,0.0007227339665405452,False
mlp,memorization,11,-8,5,0.0005901650292798877,0.00046808135812170804,0.0009136738372035325,False
mlp,memorization,11,-7,5,0.0005194781115278602,0.00036388702574186027,0.0009586625965312123,False
mlp,memorization,11,-6,5,0.0006335425423458219,0.0004779269511345774,0.000779978814534843,False
mlp,memorization,11,-5,5,0.0007865676307119429,0.0005050631589256227,0.0010889186523854733,False
mlp,memorization,11,-4,5,0.0005122729344293475,0.000504460942465812,0.0007750096265226603,False
mlp,memorization,11,-3,5,0.0006020925939083099,0.0005273885908536613,0.0008428823784925044,False
mlp,memorization,11,-2,5,0.0006849397323094308,0.0005852169124409556,0.0007502475054934621,False
mlp,memorization,11,-1,5,0.0004854417347814888,0.0003959685273002833,0.0007931671570986509,False
mlp,memorization,11,0,5,0.004459538962692022,0.004053153563290834,0.005503490101546049,False
mlp,memorization,11,1,5,0.0005027618608437479,0.0004547409771475941,0.0006987645756453276,False
mlp,memorization,11,2,5,0.0007389538805000484,0.0005221414030529559,0.00097367336275056,False
mlp,memorization,11,3,5,0.0005774539895355701,0.0004683749284595251,0.0009493242832832038,False
mlp,memorization,11,4,5,0.000527604075614363,0.0003620553179644048,0.0006975888973101974,False
mlp,memorization,11,5,5,0.000786024087574333,0.00033937132684513927,0.0008485207799822092,False
mlp,memorization,11,6,5,0.0006442870362661779,0.0003240348887629807,0.0007435873849317431,False
mlp,memorization,11,7,5,0.000588001508731395,0.00041865065577439964,0.0009442645823583007,False
mlp,memorization,11,8,5,0.0006065095076337457,0.00042930516065098345,0.0007248803740367293,False
mlp,memorization,11,9,5,0.0005819622310809791,0.000540252192877233,0.0006643385859206319,False
mlp,memorization,11,10,5,0.0005011733737774193,0.00033486183383502066,0.000841128989122808,False
mlp,memorization,11,11,5,0.0019148249411955476,0.0011971985222771764,0.0036072477232664824,True
mlp,memorization,11,12,5,0.0007819643942639232,0.0004759436706081033,0.0008031204924918711,False
mlp,memorization,11,13,5,0.0006006659241393209,0.0005034517962485552,0.0006270487792789936,False
mlp,memorization,11,14,5,0.0007621352560818195,0.0005176641861908138,0.0008638190920464694,False
mlp,memorization,11,15,5,0.0006428788765333593,0.0006018175627104938,0.0009680174989625812,False
mlp,memorization,12,-15,5,0.0007423344068229198,0.0005141966976225376,0.0007747861091047525,False
mlp,memorization,12,-14,5,0.0006805386510677636,0.0005663865013048053,0.0008388255373574793,False
mlp,memorization,12,-13,5,0.0007333621615543962,0.0005952354986220598,0.0008123519364744425,False
mlp,memorization,12,-12,5,0.0012238265480846167,0.0007455611485056579,0.0015002572908997536,False
mlp,memorization,12,-11,5,0.0006343480781652033,0.00037585728568956256,0.0008952362695708871,False
mlp,memorization,12,-10,5,0.0005123069859109819,0.00026690642698667943,0.0008687875815667212,False
mlp,memorization,12,-9,5,0.0007063289522193372,0.0004695859970524907,0.0009012717055156827,False
mlp,memorization,12,-8,5,0.0009062493918463588,0.00047665851889178157,0.001044715754687786,False
mlp,memorization,12,-7,5,0.0006689339643344283,0.0005353594315238297,0.0006970224785618484,False
mlp,memorization,12,-6,5,0.0006058771978132427,0.0005645463825203478,0.0008309475379064679,False
mlp,memorization,12,-5,5,0.0007792084943503141,0.0004630381881725043,0.0009854334639385343,False
mlp,memorization,12,-4,5,0.0006461734883487225,0.0005622922908514738,0.000881530693732202,False
mlp,memorization,12,-3,5,0.0005390149890445173,0.0004760553711093962,0.0008319159387610853,False
mlp,memorization,12,-2,5,0.0006487194914370775,0.0004038962069898844,0.0008210057276301086,False
mlp,memorization,12,-1,5,0.0005235056160017848,0.00040657687350176275,0.0007732347585260868,False
mlp,memorization,12,0,5,0.005335706751793623,0.004267336335033178,0.007102259900420904,False
mlp,memorization,12,1,5,0.0006491168169304729,0.00036742500378750265,0.0009488280629739165,False
mlp,memorization,12,2,5,0.0005735550075769424,0.00043193218880333006,0.0011316423770040274,False
mlp,memorization,12,3,5,0.0006560538895428181,0.00048761320067569613,0.0007162294932641089,False
mlp,memorization,12,4,5,0.0005324326921254396,0.0005183543544262648,0.0009003198938444257,False
mlp,memorization,12,5,5,0.0007529318099841475,0.000639297824818641,0.001297350157983601,False
mlp,memorization,12,6,5,0.0006541257607750595,0.00039586288039572537,0.0010396996513009071,False
mlp,memorization,12,7,5,0.0006460198783315718,0.00045301957288756967,0.0009046742925420403,False
mlp,memorization,12,8,5,0.0007719819550402462,0.0005395838525146246,0.0009559193858876824,False
mlp,memorization,12,9,5,0.000678116106428206,0.0005304866353981197,0.0009177825995720923,False
mlp,memorization,12,10,5,0.0005958834080956876,0.0003951956459786743,0.0009475202532485127,False
mlp,memorization,12,11,5,0.0007883289363235235,0.0006622351356782019,0.0008679162128828466,False
mlp,memorization,12,12,5,0.0022595033515244722,0.002096709329634905,0.0037914470303803682,True
mlp,memorization,12,13,5,0.0007610508473590016,0.0005524588050320745,0.0008701149490661919,False
mlp,memorization,12,14,5,0.0007841050974093378,0.0004720119759440422,0.0008692867122590542,False
mlp,memorization,12,15,5,0.0006264810217544436,0.0005706425872631371,0.0009924789192155004,False
mlp,memorization,13,-15,5,0.0006891403463669121,0.0004831313854083419,0.0010715643875300884,False
mlp,memorization,13,-14,5,0.0006377139361575246,0.00048121289000846446,0.0010205599246546626,False
mlp,memorization,13,-13,5,0.000988537329249084,0.0005648526712320745,0.001252003014087677,False
mlp,memorization,13,-12,5,0.0006326995207928121,0.00045562299783341587,0.0008671291288919747,False
mlp,memorization,13,-11,5,0.0006288538570515811,0.0005572832305915654,0.0008010885794647038,False
mlp,memorization,13,-10,5,0.0007315814145840704,0.0005622720927931368,0.0009733531042002141,False
mlp,memorization,13,-9,5,0.000692902656737715,0.0005734855076298118,0.0007106260163709521,False
mlp,memorization,13,-8,5,0.0006427288171835244,0.0004982408136129379,0.0008262490737251937,False
mlp,memorization,13,-7,5,0.0006118621095083654,0.0003775901277549565,0.0009336264920420945,False
mlp,memorization,13,-6,5,0.0005814015166833997,0.0003923485928680748,0.0008139482815749943,False
mlp,memorization,13,-5,5,0.0006407665205188096,0.00045088271144777536,0.0006997939781285822,False
mlp,memorization,13,-4,5,0.0007044939557090402,0.0005825045518577099,0.0009987549856305122,False
mlp,memorization,13,-3,5,0.000606439309194684,0.0005198486614972353,0.0010442397324368358,False
mlp,memorization,13,-2,5,0.0006772414199076593,0.0006061012391000986,0.0009194915182888508,False
mlp,memorization,13,-1,5,0.000666096166241914,0.0005114490049891174,0.000725945399608463,False
mlp,memorization,13,0,5,0.005046123638749123,0.00415130564942956,0.005548262037336826,False
mlp,memorization,13,1,5,0.0005624542245641351,0.0005217899451963603,0.0009497725986875594,False
mlp,memorization,13,2,5,0.000722709228284657,0.000610336079262197,0.0008359723724424839,False
mlp,memorization,13,3,5,0.0007611283799633384,0.0006017275154590607,0.0008077526581473649,False
mlp,memorization,13,4,5,0.0006970547256059945,0.0003599845222197473,0.0010097582126036286,False
mlp,memorization,13,5,5,0.0005557563272304833,0.0005155371618457139,0.0006761234835721552,False
mlp,memorization,13,6,5,0.0006360194529406726,0.00047447317047044635,0.000783334078732878,False
mlp,memorization,13,7,5,0.0007364319753833115,0.0005228203372098505,0.0007793253171257675,False
mlp,memorization,13,8,5,0.0007862627971917391,0.0005066374433226883,0.0009810825577005744,False
mlp,memorization,13,9,5,0.0006641154759563506,0.0004659963306039572,0.0009113760897889733,False
mlp,memorization,13,10,5,0.0007381600444205105,0.0005538805853575468,0.0009856445249170065,False
mlp,memorization,13,11,5,0.0006272459868341684,0.0005790610448457301,0.001027802936732769,False
mlp,memorization,13,12,5,0.0007877698517404497,0.0006671379087492824,0.0008207474020309746,False
mlp,memorization,13,13,5,0.002375916577875614,0.0016490863636136055,0.0032337303273379803,True
mlp,memorization,13,14,5,0.0005412715254351497,0.0003579792974051088,0.0007552340975962579,False
mlp,memorization,13,15,5,0.0006896863342262805,0.0005988608463667333,0.0007745062466710806,False
mlp,memorization,14,-15,5,0.0006125998334027827,0.0003469287767075002,0.0008694392745383084,False
mlp,memorization,14,-14,5,0.0011875111376866698,0.0007207177113741636,0.0016194988274946809,False
mlp,memorization,14,-13,5,0.0007061985670588911,0.0006523638148792088,0.0007970050792209804,False
mlp,memorization,14,-12,5,0.0007849190733395517,0.0006496736314147711,0.00108040077611804,False
mlp,memorization,14,-11,5,0.0006795850931666791,0.0005868023145012558,0.000898928614333272,False
mlp,memorization,14,-10,5,0.0005703147617168725,0.0004445789090823382,0.000740840274374932,False
mlp,memorization,14,-9,5,0.0008553987718187273,0.0005417410284280777,0.0010709171183407307,False
mlp,memorization,14,-8,5,0.0007493905141018331,0.0006546279764734209,0.000823451264295727,False
mlp,memorization,14,-7,5,0.0006460565491579473,0.0005760032800026238,0.0007917931652627885,False
mlp,memorization,14,-6,5,0.0006983066559769213,0.00039913124055601656,0.0009686931152828038,False
mlp,memorization,14,-5,5,0.000757165253162384,0.0005808664718642831,0.0009227455011568964,False
mlp,memorization,14,-4,5,0.0007127822609618306,0.00047602676204405725,0.0007587907603010535,False
mlp,memorization,14,-3,5,0.0007161445100791752,0.0005940378177911043,0.0008828731370158494,False
mlp,memorization,14,-2,5,0.000726303260307759,0.0006182887009344995,0.0007579411030746996,False
mlp,memorization,14,-1,5,0.0006291668396443129,0.0004876421589870006,0.0006709668668918312,False
mlp,memorization,14,0,5,0.006042549852281809,0.0026643769815564156,0.007925983518362045,False
mlp,memorization,14,1,5,0.0006433594389818609,0.0005066771991550922,0.0008164393366314471,False
mlp,memorization,14,2,5,0.0007638715906068683,0.0005535559612326324,0.0008478465024381876,False
mlp,memorization,14,3,5,0.0006974877906031907,0.0006026054616086185,0.0008209315128624439,False
mlp,memorization,14,4,5,0.0006761477561667562,0.00048451515613123775,0.0010741348378360271,False
mlp,memorization,14,5,5,0.0008119613048620522,0.0007206092122942209,0.0011952586937695742,False
mlp,memorization,14,6,5,0.0006289695156738162,0.0005032787448726594,0.0011791589204221964,False
mlp,memorization,14,7,5,0.0006397654651664197,0.0005235820426605642,0.0010167337022721767,False
mlp,memorization,14,8,5,0.0008230817620642483,0.0005234452546574175,0.0008616881677880883,False
mlp,memorization,14,9,5,0.0008099483675323427,0.0005185175687074661,0.0008824080578051507,False
mlp,memorization,14,10,5,0.0006688510184176266,0.0004129553271923214,0.0007184249698184431,False
mlp,memorization,14,11,5,0.000699687865562737,0.000560586922802031,0.0008891276665963233,False
mlp,memorization,14,12,5,0.0006556781590916216,0.00037505218642763793,0.0009405395248904824,False
mlp,memorization,14,13,5,0.0006404351443052292,0.0005806088447570801,0.0007592900074087083,False
mlp,memorization,14,14,5,0.0028040760662406683,0.0018753964686766267,0.004071369301527739,True
mlp,memorization,14,15,5,0.0006496268906630576,0.0006350601906888187,0.0008528545149601996,False
mlp,memorization,15,-15,5,0.0009444414172321558,0.0006909897783771157,0.0013954296009615064,False
mlp,memorization,15,-14,5,0.0005616708076559007,0.00042310572462156415,0.0007006766390986741,False
mlp,memorization,15,-13,5,0.0007568043656647205,0.0006148264510557055,0.0011841601226478815,False
mlp,memorization,15,-12,5,0.0007787669892422855,0.0005686056101694703,0.0011063062120229006,False
mlp,memorization,15,-11,5,0.0006357270176522434,0.000575197977013886,0.0006665748660452664,False
mlp,memorization,15,-10,5,0.0006542087066918612,0.0005538410623557866,0.0007978364010341465,False
mlp,memorization,15,-9,5,0.0005975178210064769,0.000509975419845432,0.0006986184162087739,False
mlp,memorization,15,-8,5,0.0006331779295578599,0.0003647093253675848,0.0009558178135193884,False
mlp,memorization,15,-7,5,0.00054090068442747,0.0003750825417228043,0.0009255482582375407,False
mlp,memorization,15,-6,5,0.0006401984137482941,0.0004211405757814646,0.0008833295432850718,False
mlp,memorization,15,-5,5,0.0005953861982561648,0.0004886674578301609,0.0008458059164695442,False
mlp,memorization,15,-4,5,0.0006096774013713002,0.000528598262462765,0.0007732957601547241,False
mlp,memorization,15,-3,5,0.0006691234302707016,0.0005004571285098791,0.0009143644711002707,False
mlp,memorization,15,-2,5,0.0007164616254158318,0.0005410516168922186,0.0010667998576536775,False
mlp,memorization,15,-1,5,0.00054183229804039,0.0005377035704441369,0.0005889040767215192,False
mlp,memorization,15,0,5,0.005749082658439875,0.004430832341313362,0.007934489287436008,False
mlp,memorization,15,1,5,0.0005025378777645528,0.0004502057854551822,0.0007060904754325747,False
mlp,memorization,15,2,5,0.0006390568451024592,0.0004118659417144954,0.0008133541559800506,False
mlp,memorization,15,3,5,0.0006841942667961121,0.0005058239912614226,0.0007222887361422181,False
mlp,memorization,15,4,5,0.000639239908196032,0.0005622985190711915,0.0008408537833020091,False
mlp,memorization,15,5,5,0.0007111211307346821,0.0005220046150498092,0.0010020629270002246,False
mlp,memorization,15,6,5,0.0006643972592428327,0.0005755596212111413,0.0008604779723100364,False
mlp,memorization,15,7,5,0.0006781648262403905,0.0006153687136247754,0.0011735089356079698,False
mlp,memorization,15,8,5,0.0007007422973401845,0.0006344738067127764,0.0007699568523094058,False
mlp,memorization,15,9,5,0.0005761900101788342,0.000493541534524411,0.001070722471922636,False
mlp,memorization,15,10,5,0.0007309054490178823,0.00046470810775645077,0.0007631980115547776,False
mlp,memorization,15,11,5,0.0005051694461144507,0.00040216196794062853,0.0007358653820119798,False
mlp,memorization,15,12,5,0.000814841769170016,0.0005921589909121394,0.001095082494430244,False
mlp,memorization,15,13,5,0.0007353682885877788,0.0005672316765412688,0.0010007924865931273,False
mlp,memorization,15,14,5,0.0006313037592917681,0.0003821663558483124,0.0009615623275749385,False
mlp,memorization,15,15,5,0.0026297804433852434,0.0017109239706769586,0.0032636134419590235,True
